To execute picard run: java -jar $EBROOTPICARD/picard.jar
13:46:06.738 INFO  NativeLibraryLoader - Loading libgkl_compression.so from jar:file:/cm/shared/specific/apps/picard/3.0.0-Java-17/picard.jar!/com/intel/gkl/native/libgkl_compression.so
[Thu Apr 09 13:46:06 CEST 2026] SamToFastq --INPUT /nobackup/lab_bsf/samples/BSF_1609_H57CKDRX5/BSF_1609_H57CKDRX5_1_samples/BSF_1609_H57CKDRX5_1#FD_001_S148900.bam --FASTQ /nobackup/peer/fdeckert/FD20200109SPLENO/geo/bulkRNAseq/FD_001_R1.fastq.gz --OUTPUT_PER_RG false --COMPRESS_OUTPUTS_PER_RG false --RG_TAG PU --RE_REVERSE true --INTERLEAVE false --INCLUDE_NON_PF_READS false --CLIPPING_MIN_LENGTH 0 --READ1_TRIM 0 --READ2_TRIM 0 --INCLUDE_NON_PRIMARY_ALIGNMENTS false --VERBOSITY INFO --QUIET false --VALIDATION_STRINGENCY STRICT --COMPRESSION_LEVEL 5 --MAX_RECORDS_IN_RAM 500000 --CREATE_INDEX false --CREATE_MD5_FILE false --help false --version false --showHidden false --USE_JDK_DEFLATER false --USE_JDK_INFLATER false
[Thu Apr 09 13:46:06 CEST 2026] Executing as fdeckert@d012 on Linux 4.18.0-553.5.1.el8_10.x86_64 amd64; OpenJDK 64-Bit Server VM 17.0.15+6; Deflater: Intel; Inflater: Intel; Provider GCS is not available; Picard version: Version:3.0.0
INFO	2026-04-09 13:46:17	SamToFastq	Processed     1,000,000 records.  Elapsed time: 00:00:10s.  Time for last 1,000,000:   10s.  Last read position: */*
INFO	2026-04-09 13:46:27	SamToFastq	Processed     2,000,000 records.  Elapsed time: 00:00:20s.  Time for last 1,000,000:   10s.  Last read position: */*
[Thu Apr 09 13:46:28 CEST 2026] picard.sam.SamToFastq done. Elapsed time: 0.36 minutes.
Runtime.totalMemory()=2181038080
13:46:28.815 INFO  NativeLibraryLoader - Loading libgkl_compression.so from jar:file:/cm/shared/specific/apps/picard/3.0.0-Java-17/picard.jar!/com/intel/gkl/native/libgkl_compression.so
[Thu Apr 09 13:46:28 CEST 2026] SamToFastq --INPUT /nobackup/lab_bsf/samples/BSF_1609_H57CKDRX5/BSF_1609_H57CKDRX5_1_samples/BSF_1609_H57CKDRX5_1#FD_002_S148903.bam --FASTQ /nobackup/peer/fdeckert/FD20200109SPLENO/geo/bulkRNAseq/FD_002_R1.fastq.gz --OUTPUT_PER_RG false --COMPRESS_OUTPUTS_PER_RG false --RG_TAG PU --RE_REVERSE true --INTERLEAVE false --INCLUDE_NON_PF_READS false --CLIPPING_MIN_LENGTH 0 --READ1_TRIM 0 --READ2_TRIM 0 --INCLUDE_NON_PRIMARY_ALIGNMENTS false --VERBOSITY INFO --QUIET false --VALIDATION_STRINGENCY STRICT --COMPRESSION_LEVEL 5 --MAX_RECORDS_IN_RAM 500000 --CREATE_INDEX false --CREATE_MD5_FILE false --help false --version false --showHidden false --USE_JDK_DEFLATER false --USE_JDK_INFLATER false
[Thu Apr 09 13:46:28 CEST 2026] Executing as fdeckert@d012 on Linux 4.18.0-553.5.1.el8_10.x86_64 amd64; OpenJDK 64-Bit Server VM 17.0.15+6; Deflater: Intel; Inflater: Intel; Provider GCS is not available; Picard version: Version:3.0.0
INFO	2026-04-09 13:46:39	SamToFastq	Processed     1,000,000 records.  Elapsed time: 00:00:10s.  Time for last 1,000,000:   10s.  Last read position: */*
[Thu Apr 09 13:46:48 CEST 2026] picard.sam.SamToFastq done. Elapsed time: 0.32 minutes.
Runtime.totalMemory()=2181038080
13:46:48.711 INFO  NativeLibraryLoader - Loading libgkl_compression.so from jar:file:/cm/shared/specific/apps/picard/3.0.0-Java-17/picard.jar!/com/intel/gkl/native/libgkl_compression.so
[Thu Apr 09 13:46:48 CEST 2026] SamToFastq --INPUT /nobackup/lab_bsf/samples/BSF_1609_H57CKDRX5/BSF_1609_H57CKDRX5_1_samples/BSF_1609_H57CKDRX5_1#FD_003_S148902.bam --FASTQ /nobackup/peer/fdeckert/FD20200109SPLENO/geo/bulkRNAseq/FD_003_R1.fastq.gz --OUTPUT_PER_RG false --COMPRESS_OUTPUTS_PER_RG false --RG_TAG PU --RE_REVERSE true --INTERLEAVE false --INCLUDE_NON_PF_READS false --CLIPPING_MIN_LENGTH 0 --READ1_TRIM 0 --READ2_TRIM 0 --INCLUDE_NON_PRIMARY_ALIGNMENTS false --VERBOSITY INFO --QUIET false --VALIDATION_STRINGENCY STRICT --COMPRESSION_LEVEL 5 --MAX_RECORDS_IN_RAM 500000 --CREATE_INDEX false --CREATE_MD5_FILE false --help false --version false --showHidden false --USE_JDK_DEFLATER false --USE_JDK_INFLATER false
[Thu Apr 09 13:46:48 CEST 2026] Executing as fdeckert@d012 on Linux 4.18.0-553.5.1.el8_10.x86_64 amd64; OpenJDK 64-Bit Server VM 17.0.15+6; Deflater: Intel; Inflater: Intel; Provider GCS is not available; Picard version: Version:3.0.0
INFO	2026-04-09 13:46:59	SamToFastq	Processed     1,000,000 records.  Elapsed time: 00:00:10s.  Time for last 1,000,000:   10s.  Last read position: */*
INFO	2026-04-09 13:47:09	SamToFastq	Processed     2,000,000 records.  Elapsed time: 00:00:20s.  Time for last 1,000,000:   10s.  Last read position: */*
[Thu Apr 09 13:47:10 CEST 2026] picard.sam.SamToFastq done. Elapsed time: 0.37 minutes.
Runtime.totalMemory()=2181038080
13:47:11.299 INFO  NativeLibraryLoader - Loading libgkl_compression.so from jar:file:/cm/shared/specific/apps/picard/3.0.0-Java-17/picard.jar!/com/intel/gkl/native/libgkl_compression.so
[Thu Apr 09 13:47:11 CEST 2026] SamToFastq --INPUT /nobackup/lab_bsf/samples/BSF_1609_H57CKDRX5/BSF_1609_H57CKDRX5_1_samples/BSF_1609_H57CKDRX5_1#FD_004_S148905.bam --FASTQ /nobackup/peer/fdeckert/FD20200109SPLENO/geo/bulkRNAseq/FD_004_R1.fastq.gz --OUTPUT_PER_RG false --COMPRESS_OUTPUTS_PER_RG false --RG_TAG PU --RE_REVERSE true --INTERLEAVE false --INCLUDE_NON_PF_READS false --CLIPPING_MIN_LENGTH 0 --READ1_TRIM 0 --READ2_TRIM 0 --INCLUDE_NON_PRIMARY_ALIGNMENTS false --VERBOSITY INFO --QUIET false --VALIDATION_STRINGENCY STRICT --COMPRESSION_LEVEL 5 --MAX_RECORDS_IN_RAM 500000 --CREATE_INDEX false --CREATE_MD5_FILE false --help false --version false --showHidden false --USE_JDK_DEFLATER false --USE_JDK_INFLATER false
[Thu Apr 09 13:47:11 CEST 2026] Executing as fdeckert@d012 on Linux 4.18.0-553.5.1.el8_10.x86_64 amd64; OpenJDK 64-Bit Server VM 17.0.15+6; Deflater: Intel; Inflater: Intel; Provider GCS is not available; Picard version: Version:3.0.0
INFO	2026-04-09 13:47:21	SamToFastq	Processed     1,000,000 records.  Elapsed time: 00:00:10s.  Time for last 1,000,000:   10s.  Last read position: */*
[Thu Apr 09 13:47:28 CEST 2026] picard.sam.SamToFastq done. Elapsed time: 0.29 minutes.
Runtime.totalMemory()=2181038080
13:47:29.390 INFO  NativeLibraryLoader - Loading libgkl_compression.so from jar:file:/cm/shared/specific/apps/picard/3.0.0-Java-17/picard.jar!/com/intel/gkl/native/libgkl_compression.so
[Thu Apr 09 13:47:29 CEST 2026] SamToFastq --INPUT /nobackup/lab_bsf/samples/BSF_1609_H57CKDRX5/BSF_1609_H57CKDRX5_1_samples/BSF_1609_H57CKDRX5_1#FD_005_S148904.bam --FASTQ /nobackup/peer/fdeckert/FD20200109SPLENO/geo/bulkRNAseq/FD_005_R1.fastq.gz --OUTPUT_PER_RG false --COMPRESS_OUTPUTS_PER_RG false --RG_TAG PU --RE_REVERSE true --INTERLEAVE false --INCLUDE_NON_PF_READS false --CLIPPING_MIN_LENGTH 0 --READ1_TRIM 0 --READ2_TRIM 0 --INCLUDE_NON_PRIMARY_ALIGNMENTS false --VERBOSITY INFO --QUIET false --VALIDATION_STRINGENCY STRICT --COMPRESSION_LEVEL 5 --MAX_RECORDS_IN_RAM 500000 --CREATE_INDEX false --CREATE_MD5_FILE false --help false --version false --showHidden false --USE_JDK_DEFLATER false --USE_JDK_INFLATER false
[Thu Apr 09 13:47:29 CEST 2026] Executing as fdeckert@d012 on Linux 4.18.0-553.5.1.el8_10.x86_64 amd64; OpenJDK 64-Bit Server VM 17.0.15+6; Deflater: Intel; Inflater: Intel; Provider GCS is not available; Picard version: Version:3.0.0
INFO	2026-04-09 13:47:39	SamToFastq	Processed     1,000,000 records.  Elapsed time: 00:00:10s.  Time for last 1,000,000:   10s.  Last read position: */*
[Thu Apr 09 13:47:49 CEST 2026] picard.sam.SamToFastq done. Elapsed time: 0.34 minutes.
Runtime.totalMemory()=2181038080
13:47:50.303 INFO  NativeLibraryLoader - Loading libgkl_compression.so from jar:file:/cm/shared/specific/apps/picard/3.0.0-Java-17/picard.jar!/com/intel/gkl/native/libgkl_compression.so
[Thu Apr 09 13:47:50 CEST 2026] SamToFastq --INPUT /nobackup/lab_bsf/samples/BSF_1609_H57CKDRX5/BSF_1609_H57CKDRX5_1_samples/BSF_1609_H57CKDRX5_1#FD_006_S148907.bam --FASTQ /nobackup/peer/fdeckert/FD20200109SPLENO/geo/bulkRNAseq/FD_006_R1.fastq.gz --OUTPUT_PER_RG false --COMPRESS_OUTPUTS_PER_RG false --RG_TAG PU --RE_REVERSE true --INTERLEAVE false --INCLUDE_NON_PF_READS false --CLIPPING_MIN_LENGTH 0 --READ1_TRIM 0 --READ2_TRIM 0 --INCLUDE_NON_PRIMARY_ALIGNMENTS false --VERBOSITY INFO --QUIET false --VALIDATION_STRINGENCY STRICT --COMPRESSION_LEVEL 5 --MAX_RECORDS_IN_RAM 500000 --CREATE_INDEX false --CREATE_MD5_FILE false --help false --version false --showHidden false --USE_JDK_DEFLATER false --USE_JDK_INFLATER false
[Thu Apr 09 13:47:50 CEST 2026] Executing as fdeckert@d012 on Linux 4.18.0-553.5.1.el8_10.x86_64 amd64; OpenJDK 64-Bit Server VM 17.0.15+6; Deflater: Intel; Inflater: Intel; Provider GCS is not available; Picard version: Version:3.0.0
INFO	2026-04-09 13:48:00	SamToFastq	Processed     1,000,000 records.  Elapsed time: 00:00:10s.  Time for last 1,000,000:   10s.  Last read position: */*
INFO	2026-04-09 13:48:10	SamToFastq	Processed     2,000,000 records.  Elapsed time: 00:00:20s.  Time for last 1,000,000:   10s.  Last read position: */*
[Thu Apr 09 13:48:11 CEST 2026] picard.sam.SamToFastq done. Elapsed time: 0.35 minutes.
Runtime.totalMemory()=2181038080
13:48:12.129 INFO  NativeLibraryLoader - Loading libgkl_compression.so from jar:file:/cm/shared/specific/apps/picard/3.0.0-Java-17/picard.jar!/com/intel/gkl/native/libgkl_compression.so
[Thu Apr 09 13:48:12 CEST 2026] SamToFastq --INPUT /nobackup/lab_bsf/samples/BSF_1609_H57CKDRX5/BSF_1609_H57CKDRX5_1_samples/BSF_1609_H57CKDRX5_1#FD_007_S148906.bam --FASTQ /nobackup/peer/fdeckert/FD20200109SPLENO/geo/bulkRNAseq/FD_007_R1.fastq.gz --OUTPUT_PER_RG false --COMPRESS_OUTPUTS_PER_RG false --RG_TAG PU --RE_REVERSE true --INTERLEAVE false --INCLUDE_NON_PF_READS false --CLIPPING_MIN_LENGTH 0 --READ1_TRIM 0 --READ2_TRIM 0 --INCLUDE_NON_PRIMARY_ALIGNMENTS false --VERBOSITY INFO --QUIET false --VALIDATION_STRINGENCY STRICT --COMPRESSION_LEVEL 5 --MAX_RECORDS_IN_RAM 500000 --CREATE_INDEX false --CREATE_MD5_FILE false --help false --version false --showHidden false --USE_JDK_DEFLATER false --USE_JDK_INFLATER false
[Thu Apr 09 13:48:12 CEST 2026] Executing as fdeckert@d012 on Linux 4.18.0-553.5.1.el8_10.x86_64 amd64; OpenJDK 64-Bit Server VM 17.0.15+6; Deflater: Intel; Inflater: Intel; Provider GCS is not available; Picard version: Version:3.0.0
INFO	2026-04-09 13:48:22	SamToFastq	Processed     1,000,000 records.  Elapsed time: 00:00:10s.  Time for last 1,000,000:   10s.  Last read position: */*
[Thu Apr 09 13:48:32 CEST 2026] picard.sam.SamToFastq done. Elapsed time: 0.34 minutes.
Runtime.totalMemory()=2181038080
13:48:32.933 INFO  NativeLibraryLoader - Loading libgkl_compression.so from jar:file:/cm/shared/specific/apps/picard/3.0.0-Java-17/picard.jar!/com/intel/gkl/native/libgkl_compression.so
[Thu Apr 09 13:48:32 CEST 2026] SamToFastq --INPUT /nobackup/lab_bsf/samples/BSF_1609_H57CKDRX5/BSF_1609_H57CKDRX5_1_samples/BSF_1609_H57CKDRX5_1#FD_008_S148909.bam --FASTQ /nobackup/peer/fdeckert/FD20200109SPLENO/geo/bulkRNAseq/FD_008_R1.fastq.gz --OUTPUT_PER_RG false --COMPRESS_OUTPUTS_PER_RG false --RG_TAG PU --RE_REVERSE true --INTERLEAVE false --INCLUDE_NON_PF_READS false --CLIPPING_MIN_LENGTH 0 --READ1_TRIM 0 --READ2_TRIM 0 --INCLUDE_NON_PRIMARY_ALIGNMENTS false --VERBOSITY INFO --QUIET false --VALIDATION_STRINGENCY STRICT --COMPRESSION_LEVEL 5 --MAX_RECORDS_IN_RAM 500000 --CREATE_INDEX false --CREATE_MD5_FILE false --help false --version false --showHidden false --USE_JDK_DEFLATER false --USE_JDK_INFLATER false
[Thu Apr 09 13:48:32 CEST 2026] Executing as fdeckert@d012 on Linux 4.18.0-553.5.1.el8_10.x86_64 amd64; OpenJDK 64-Bit Server VM 17.0.15+6; Deflater: Intel; Inflater: Intel; Provider GCS is not available; Picard version: Version:3.0.0
INFO	2026-04-09 13:48:42	SamToFastq	Processed     1,000,000 records.  Elapsed time: 00:00:09s.  Time for last 1,000,000:    9s.  Last read position: */*
INFO	2026-04-09 13:48:52	SamToFastq	Processed     2,000,000 records.  Elapsed time: 00:00:19s.  Time for last 1,000,000:    9s.  Last read position: */*
[Thu Apr 09 13:48:52 CEST 2026] picard.sam.SamToFastq done. Elapsed time: 0.33 minutes.
Runtime.totalMemory()=2181038080
13:48:53.262 INFO  NativeLibraryLoader - Loading libgkl_compression.so from jar:file:/cm/shared/specific/apps/picard/3.0.0-Java-17/picard.jar!/com/intel/gkl/native/libgkl_compression.so
[Thu Apr 09 13:48:53 CEST 2026] SamToFastq --INPUT /nobackup/lab_bsf/samples/BSF_1609_H57CKDRX5/BSF_1609_H57CKDRX5_1_samples/BSF_1609_H57CKDRX5_1#FD_009_S148908.bam --FASTQ /nobackup/peer/fdeckert/FD20200109SPLENO/geo/bulkRNAseq/FD_009_R1.fastq.gz --OUTPUT_PER_RG false --COMPRESS_OUTPUTS_PER_RG false --RG_TAG PU --RE_REVERSE true --INTERLEAVE false --INCLUDE_NON_PF_READS false --CLIPPING_MIN_LENGTH 0 --READ1_TRIM 0 --READ2_TRIM 0 --INCLUDE_NON_PRIMARY_ALIGNMENTS false --VERBOSITY INFO --QUIET false --VALIDATION_STRINGENCY STRICT --COMPRESSION_LEVEL 5 --MAX_RECORDS_IN_RAM 500000 --CREATE_INDEX false --CREATE_MD5_FILE false --help false --version false --showHidden false --USE_JDK_DEFLATER false --USE_JDK_INFLATER false
[Thu Apr 09 13:48:53 CEST 2026] Executing as fdeckert@d012 on Linux 4.18.0-553.5.1.el8_10.x86_64 amd64; OpenJDK 64-Bit Server VM 17.0.15+6; Deflater: Intel; Inflater: Intel; Provider GCS is not available; Picard version: Version:3.0.0
INFO	2026-04-09 13:49:03	SamToFastq	Processed     1,000,000 records.  Elapsed time: 00:00:10s.  Time for last 1,000,000:   10s.  Last read position: */*
[Thu Apr 09 13:49:12 CEST 2026] picard.sam.SamToFastq done. Elapsed time: 0.33 minutes.
Runtime.totalMemory()=2181038080
13:49:13.390 INFO  NativeLibraryLoader - Loading libgkl_compression.so from jar:file:/cm/shared/specific/apps/picard/3.0.0-Java-17/picard.jar!/com/intel/gkl/native/libgkl_compression.so
[Thu Apr 09 13:49:13 CEST 2026] SamToFastq --INPUT /nobackup/lab_bsf/samples/BSF_1609_H57CKDRX5/BSF_1609_H57CKDRX5_1_samples/BSF_1609_H57CKDRX5_1#FD_010_S148911.bam --FASTQ /nobackup/peer/fdeckert/FD20200109SPLENO/geo/bulkRNAseq/FD_010_R1.fastq.gz --OUTPUT_PER_RG false --COMPRESS_OUTPUTS_PER_RG false --RG_TAG PU --RE_REVERSE true --INTERLEAVE false --INCLUDE_NON_PF_READS false --CLIPPING_MIN_LENGTH 0 --READ1_TRIM 0 --READ2_TRIM 0 --INCLUDE_NON_PRIMARY_ALIGNMENTS false --VERBOSITY INFO --QUIET false --VALIDATION_STRINGENCY STRICT --COMPRESSION_LEVEL 5 --MAX_RECORDS_IN_RAM 500000 --CREATE_INDEX false --CREATE_MD5_FILE false --help false --version false --showHidden false --USE_JDK_DEFLATER false --USE_JDK_INFLATER false
[Thu Apr 09 13:49:13 CEST 2026] Executing as fdeckert@d012 on Linux 4.18.0-553.5.1.el8_10.x86_64 amd64; OpenJDK 64-Bit Server VM 17.0.15+6; Deflater: Intel; Inflater: Intel; Provider GCS is not available; Picard version: Version:3.0.0
INFO	2026-04-09 13:49:24	SamToFastq	Processed     1,000,000 records.  Elapsed time: 00:00:10s.  Time for last 1,000,000:   10s.  Last read position: */*
[Thu Apr 09 13:49:30 CEST 2026] picard.sam.SamToFastq done. Elapsed time: 0.29 minutes.
Runtime.totalMemory()=2181038080
13:49:31.579 INFO  NativeLibraryLoader - Loading libgkl_compression.so from jar:file:/cm/shared/specific/apps/picard/3.0.0-Java-17/picard.jar!/com/intel/gkl/native/libgkl_compression.so
[Thu Apr 09 13:49:31 CEST 2026] SamToFastq --INPUT /nobackup/lab_bsf/samples/BSF_1609_H57CKDRX5/BSF_1609_H57CKDRX5_1_samples/BSF_1609_H57CKDRX5_1#FD_011_S148910.bam --FASTQ /nobackup/peer/fdeckert/FD20200109SPLENO/geo/bulkRNAseq/FD_011_R1.fastq.gz --OUTPUT_PER_RG false --COMPRESS_OUTPUTS_PER_RG false --RG_TAG PU --RE_REVERSE true --INTERLEAVE false --INCLUDE_NON_PF_READS false --CLIPPING_MIN_LENGTH 0 --READ1_TRIM 0 --READ2_TRIM 0 --INCLUDE_NON_PRIMARY_ALIGNMENTS false --VERBOSITY INFO --QUIET false --VALIDATION_STRINGENCY STRICT --COMPRESSION_LEVEL 5 --MAX_RECORDS_IN_RAM 500000 --CREATE_INDEX false --CREATE_MD5_FILE false --help false --version false --showHidden false --USE_JDK_DEFLATER false --USE_JDK_INFLATER false
[Thu Apr 09 13:49:31 CEST 2026] Executing as fdeckert@d012 on Linux 4.18.0-553.5.1.el8_10.x86_64 amd64; OpenJDK 64-Bit Server VM 17.0.15+6; Deflater: Intel; Inflater: Intel; Provider GCS is not available; Picard version: Version:3.0.0
INFO	2026-04-09 13:49:42	SamToFastq	Processed     1,000,000 records.  Elapsed time: 00:00:10s.  Time for last 1,000,000:   10s.  Last read position: */*
INFO	2026-04-09 13:49:52	SamToFastq	Processed     2,000,000 records.  Elapsed time: 00:00:20s.  Time for last 1,000,000:   10s.  Last read position: */*
[Thu Apr 09 13:49:54 CEST 2026] picard.sam.SamToFastq done. Elapsed time: 0.38 minutes.
Runtime.totalMemory()=2181038080
13:49:55.014 INFO  NativeLibraryLoader - Loading libgkl_compression.so from jar:file:/cm/shared/specific/apps/picard/3.0.0-Java-17/picard.jar!/com/intel/gkl/native/libgkl_compression.so
[Thu Apr 09 13:49:55 CEST 2026] SamToFastq --INPUT /nobackup/lab_bsf/samples/BSF_1609_H57CKDRX5/BSF_1609_H57CKDRX5_1_samples/BSF_1609_H57CKDRX5_1#FD_012_S148913.bam --FASTQ /nobackup/peer/fdeckert/FD20200109SPLENO/geo/bulkRNAseq/FD_012_R1.fastq.gz --OUTPUT_PER_RG false --COMPRESS_OUTPUTS_PER_RG false --RG_TAG PU --RE_REVERSE true --INTERLEAVE false --INCLUDE_NON_PF_READS false --CLIPPING_MIN_LENGTH 0 --READ1_TRIM 0 --READ2_TRIM 0 --INCLUDE_NON_PRIMARY_ALIGNMENTS false --VERBOSITY INFO --QUIET false --VALIDATION_STRINGENCY STRICT --COMPRESSION_LEVEL 5 --MAX_RECORDS_IN_RAM 500000 --CREATE_INDEX false --CREATE_MD5_FILE false --help false --version false --showHidden false --USE_JDK_DEFLATER false --USE_JDK_INFLATER false
[Thu Apr 09 13:49:55 CEST 2026] Executing as fdeckert@d012 on Linux 4.18.0-553.5.1.el8_10.x86_64 amd64; OpenJDK 64-Bit Server VM 17.0.15+6; Deflater: Intel; Inflater: Intel; Provider GCS is not available; Picard version: Version:3.0.0
INFO	2026-04-09 13:50:05	SamToFastq	Processed     1,000,000 records.  Elapsed time: 00:00:10s.  Time for last 1,000,000:   10s.  Last read position: */*
INFO	2026-04-09 13:50:15	SamToFastq	Processed     2,000,000 records.  Elapsed time: 00:00:20s.  Time for last 1,000,000:   10s.  Last read position: */*
[Thu Apr 09 13:50:19 CEST 2026] picard.sam.SamToFastq done. Elapsed time: 0.40 minutes.
Runtime.totalMemory()=2181038080
13:50:19.593 INFO  NativeLibraryLoader - Loading libgkl_compression.so from jar:file:/cm/shared/specific/apps/picard/3.0.0-Java-17/picard.jar!/com/intel/gkl/native/libgkl_compression.so
[Thu Apr 09 13:50:19 CEST 2026] SamToFastq --INPUT /nobackup/lab_bsf/samples/BSF_1609_H57CKDRX5/BSF_1609_H57CKDRX5_1_samples/BSF_1609_H57CKDRX5_1#FD_013_S148912.bam --FASTQ /nobackup/peer/fdeckert/FD20200109SPLENO/geo/bulkRNAseq/FD_013_R1.fastq.gz --OUTPUT_PER_RG false --COMPRESS_OUTPUTS_PER_RG false --RG_TAG PU --RE_REVERSE true --INTERLEAVE false --INCLUDE_NON_PF_READS false --CLIPPING_MIN_LENGTH 0 --READ1_TRIM 0 --READ2_TRIM 0 --INCLUDE_NON_PRIMARY_ALIGNMENTS false --VERBOSITY INFO --QUIET false --VALIDATION_STRINGENCY STRICT --COMPRESSION_LEVEL 5 --MAX_RECORDS_IN_RAM 500000 --CREATE_INDEX false --CREATE_MD5_FILE false --help false --version false --showHidden false --USE_JDK_DEFLATER false --USE_JDK_INFLATER false
[Thu Apr 09 13:50:19 CEST 2026] Executing as fdeckert@d012 on Linux 4.18.0-553.5.1.el8_10.x86_64 amd64; OpenJDK 64-Bit Server VM 17.0.15+6; Deflater: Intel; Inflater: Intel; Provider GCS is not available; Picard version: Version:3.0.0
INFO	2026-04-09 13:50:30	SamToFastq	Processed     1,000,000 records.  Elapsed time: 00:00:10s.  Time for last 1,000,000:   10s.  Last read position: */*
INFO	2026-04-09 13:50:40	SamToFastq	Processed     2,000,000 records.  Elapsed time: 00:00:20s.  Time for last 1,000,000:   10s.  Last read position: */*
[Thu Apr 09 13:50:43 CEST 2026] picard.sam.SamToFastq done. Elapsed time: 0.40 minutes.
Runtime.totalMemory()=2181038080
13:50:44.162 INFO  NativeLibraryLoader - Loading libgkl_compression.so from jar:file:/cm/shared/specific/apps/picard/3.0.0-Java-17/picard.jar!/com/intel/gkl/native/libgkl_compression.so
[Thu Apr 09 13:50:44 CEST 2026] SamToFastq --INPUT /nobackup/lab_bsf/samples/BSF_1609_H57CKDRX5/BSF_1609_H57CKDRX5_1_samples/BSF_1609_H57CKDRX5_1#FD_014_S148915.bam --FASTQ /nobackup/peer/fdeckert/FD20200109SPLENO/geo/bulkRNAseq/FD_014_R1.fastq.gz --OUTPUT_PER_RG false --COMPRESS_OUTPUTS_PER_RG false --RG_TAG PU --RE_REVERSE true --INTERLEAVE false --INCLUDE_NON_PF_READS false --CLIPPING_MIN_LENGTH 0 --READ1_TRIM 0 --READ2_TRIM 0 --INCLUDE_NON_PRIMARY_ALIGNMENTS false --VERBOSITY INFO --QUIET false --VALIDATION_STRINGENCY STRICT --COMPRESSION_LEVEL 5 --MAX_RECORDS_IN_RAM 500000 --CREATE_INDEX false --CREATE_MD5_FILE false --help false --version false --showHidden false --USE_JDK_DEFLATER false --USE_JDK_INFLATER false
[Thu Apr 09 13:50:44 CEST 2026] Executing as fdeckert@d012 on Linux 4.18.0-553.5.1.el8_10.x86_64 amd64; OpenJDK 64-Bit Server VM 17.0.15+6; Deflater: Intel; Inflater: Intel; Provider GCS is not available; Picard version: Version:3.0.0
INFO	2026-04-09 13:50:54	SamToFastq	Processed     1,000,000 records.  Elapsed time: 00:00:10s.  Time for last 1,000,000:   10s.  Last read position: */*
INFO	2026-04-09 13:51:04	SamToFastq	Processed     2,000,000 records.  Elapsed time: 00:00:20s.  Time for last 1,000,000:   10s.  Last read position: */*
[Thu Apr 09 13:51:05 CEST 2026] picard.sam.SamToFastq done. Elapsed time: 0.35 minutes.
Runtime.totalMemory()=2181038080
13:51:05.881 INFO  NativeLibraryLoader - Loading libgkl_compression.so from jar:file:/cm/shared/specific/apps/picard/3.0.0-Java-17/picard.jar!/com/intel/gkl/native/libgkl_compression.so
[Thu Apr 09 13:51:05 CEST 2026] SamToFastq --INPUT /nobackup/lab_bsf/samples/BSF_1609_H57CKDRX5/BSF_1609_H57CKDRX5_1_samples/BSF_1609_H57CKDRX5_1#FD_015_S148914.bam --FASTQ /nobackup/peer/fdeckert/FD20200109SPLENO/geo/bulkRNAseq/FD_015_R1.fastq.gz --OUTPUT_PER_RG false --COMPRESS_OUTPUTS_PER_RG false --RG_TAG PU --RE_REVERSE true --INTERLEAVE false --INCLUDE_NON_PF_READS false --CLIPPING_MIN_LENGTH 0 --READ1_TRIM 0 --READ2_TRIM 0 --INCLUDE_NON_PRIMARY_ALIGNMENTS false --VERBOSITY INFO --QUIET false --VALIDATION_STRINGENCY STRICT --COMPRESSION_LEVEL 5 --MAX_RECORDS_IN_RAM 500000 --CREATE_INDEX false --CREATE_MD5_FILE false --help false --version false --showHidden false --USE_JDK_DEFLATER false --USE_JDK_INFLATER false
[Thu Apr 09 13:51:05 CEST 2026] Executing as fdeckert@d012 on Linux 4.18.0-553.5.1.el8_10.x86_64 amd64; OpenJDK 64-Bit Server VM 17.0.15+6; Deflater: Intel; Inflater: Intel; Provider GCS is not available; Picard version: Version:3.0.0
INFO	2026-04-09 13:51:16	SamToFastq	Processed     1,000,000 records.  Elapsed time: 00:00:10s.  Time for last 1,000,000:   10s.  Last read position: */*
INFO	2026-04-09 13:51:26	SamToFastq	Processed     2,000,000 records.  Elapsed time: 00:00:20s.  Time for last 1,000,000:   10s.  Last read position: */*
[Thu Apr 09 13:51:27 CEST 2026] picard.sam.SamToFastq done. Elapsed time: 0.36 minutes.
Runtime.totalMemory()=2181038080
13:51:28.142 INFO  NativeLibraryLoader - Loading libgkl_compression.so from jar:file:/cm/shared/specific/apps/picard/3.0.0-Java-17/picard.jar!/com/intel/gkl/native/libgkl_compression.so
[Thu Apr 09 13:51:28 CEST 2026] SamToFastq --INPUT /nobackup/lab_bsf/samples/BSF_1609_H57CKDRX5/BSF_1609_H57CKDRX5_1_samples/BSF_1609_H57CKDRX5_1#FD_016_S148917.bam --FASTQ /nobackup/peer/fdeckert/FD20200109SPLENO/geo/bulkRNAseq/FD_016_R1.fastq.gz --OUTPUT_PER_RG false --COMPRESS_OUTPUTS_PER_RG false --RG_TAG PU --RE_REVERSE true --INTERLEAVE false --INCLUDE_NON_PF_READS false --CLIPPING_MIN_LENGTH 0 --READ1_TRIM 0 --READ2_TRIM 0 --INCLUDE_NON_PRIMARY_ALIGNMENTS false --VERBOSITY INFO --QUIET false --VALIDATION_STRINGENCY STRICT --COMPRESSION_LEVEL 5 --MAX_RECORDS_IN_RAM 500000 --CREATE_INDEX false --CREATE_MD5_FILE false --help false --version false --showHidden false --USE_JDK_DEFLATER false --USE_JDK_INFLATER false
[Thu Apr 09 13:51:28 CEST 2026] Executing as fdeckert@d012 on Linux 4.18.0-553.5.1.el8_10.x86_64 amd64; OpenJDK 64-Bit Server VM 17.0.15+6; Deflater: Intel; Inflater: Intel; Provider GCS is not available; Picard version: Version:3.0.0
INFO	2026-04-09 13:51:38	SamToFastq	Processed     1,000,000 records.  Elapsed time: 00:00:10s.  Time for last 1,000,000:   10s.  Last read position: */*
INFO	2026-04-09 13:51:48	SamToFastq	Processed     2,000,000 records.  Elapsed time: 00:00:20s.  Time for last 1,000,000:    9s.  Last read position: */*
[Thu Apr 09 13:51:51 CEST 2026] picard.sam.SamToFastq done. Elapsed time: 0.39 minutes.
Runtime.totalMemory()=2181038080
13:51:52.038 INFO  NativeLibraryLoader - Loading libgkl_compression.so from jar:file:/cm/shared/specific/apps/picard/3.0.0-Java-17/picard.jar!/com/intel/gkl/native/libgkl_compression.so
[Thu Apr 09 13:51:52 CEST 2026] SamToFastq --INPUT /nobackup/lab_bsf/samples/BSF_1609_H57CKDRX5/BSF_1609_H57CKDRX5_1_samples/BSF_1609_H57CKDRX5_1#FD_017_S148916.bam --FASTQ /nobackup/peer/fdeckert/FD20200109SPLENO/geo/bulkRNAseq/FD_017_R1.fastq.gz --OUTPUT_PER_RG false --COMPRESS_OUTPUTS_PER_RG false --RG_TAG PU --RE_REVERSE true --INTERLEAVE false --INCLUDE_NON_PF_READS false --CLIPPING_MIN_LENGTH 0 --READ1_TRIM 0 --READ2_TRIM 0 --INCLUDE_NON_PRIMARY_ALIGNMENTS false --VERBOSITY INFO --QUIET false --VALIDATION_STRINGENCY STRICT --COMPRESSION_LEVEL 5 --MAX_RECORDS_IN_RAM 500000 --CREATE_INDEX false --CREATE_MD5_FILE false --help false --version false --showHidden false --USE_JDK_DEFLATER false --USE_JDK_INFLATER false
[Thu Apr 09 13:51:52 CEST 2026] Executing as fdeckert@d012 on Linux 4.18.0-553.5.1.el8_10.x86_64 amd64; OpenJDK 64-Bit Server VM 17.0.15+6; Deflater: Intel; Inflater: Intel; Provider GCS is not available; Picard version: Version:3.0.0
INFO	2026-04-09 13:52:02	SamToFastq	Processed     1,000,000 records.  Elapsed time: 00:00:10s.  Time for last 1,000,000:   10s.  Last read position: */*
INFO	2026-04-09 13:52:12	SamToFastq	Processed     2,000,000 records.  Elapsed time: 00:00:20s.  Time for last 1,000,000:   10s.  Last read position: */*
[Thu Apr 09 13:52:17 CEST 2026] picard.sam.SamToFastq done. Elapsed time: 0.42 minutes.
Runtime.totalMemory()=2181038080
13:52:17.954 INFO  NativeLibraryLoader - Loading libgkl_compression.so from jar:file:/cm/shared/specific/apps/picard/3.0.0-Java-17/picard.jar!/com/intel/gkl/native/libgkl_compression.so
[Thu Apr 09 13:52:17 CEST 2026] SamToFastq --INPUT /nobackup/lab_bsf/samples/BSF_1609_H57CKDRX5/BSF_1609_H57CKDRX5_1_samples/BSF_1609_H57CKDRX5_1#FD_018_S148919.bam --FASTQ /nobackup/peer/fdeckert/FD20200109SPLENO/geo/bulkRNAseq/FD_018_R1.fastq.gz --OUTPUT_PER_RG false --COMPRESS_OUTPUTS_PER_RG false --RG_TAG PU --RE_REVERSE true --INTERLEAVE false --INCLUDE_NON_PF_READS false --CLIPPING_MIN_LENGTH 0 --READ1_TRIM 0 --READ2_TRIM 0 --INCLUDE_NON_PRIMARY_ALIGNMENTS false --VERBOSITY INFO --QUIET false --VALIDATION_STRINGENCY STRICT --COMPRESSION_LEVEL 5 --MAX_RECORDS_IN_RAM 500000 --CREATE_INDEX false --CREATE_MD5_FILE false --help false --version false --showHidden false --USE_JDK_DEFLATER false --USE_JDK_INFLATER false
[Thu Apr 09 13:52:17 CEST 2026] Executing as fdeckert@d012 on Linux 4.18.0-553.5.1.el8_10.x86_64 amd64; OpenJDK 64-Bit Server VM 17.0.15+6; Deflater: Intel; Inflater: Intel; Provider GCS is not available; Picard version: Version:3.0.0
INFO	2026-04-09 13:52:28	SamToFastq	Processed     1,000,000 records.  Elapsed time: 00:00:10s.  Time for last 1,000,000:   10s.  Last read position: */*
[Thu Apr 09 13:52:38 CEST 2026] picard.sam.SamToFastq done. Elapsed time: 0.34 minutes.
Runtime.totalMemory()=2181038080
13:52:38.924 INFO  NativeLibraryLoader - Loading libgkl_compression.so from jar:file:/cm/shared/specific/apps/picard/3.0.0-Java-17/picard.jar!/com/intel/gkl/native/libgkl_compression.so
[Thu Apr 09 13:52:38 CEST 2026] SamToFastq --INPUT /nobackup/lab_bsf/samples/BSF_1609_H57CKDRX5/BSF_1609_H57CKDRX5_1_samples/BSF_1609_H57CKDRX5_1#FD_019_S148918.bam --FASTQ /nobackup/peer/fdeckert/FD20200109SPLENO/geo/bulkRNAseq/FD_019_R1.fastq.gz --OUTPUT_PER_RG false --COMPRESS_OUTPUTS_PER_RG false --RG_TAG PU --RE_REVERSE true --INTERLEAVE false --INCLUDE_NON_PF_READS false --CLIPPING_MIN_LENGTH 0 --READ1_TRIM 0 --READ2_TRIM 0 --INCLUDE_NON_PRIMARY_ALIGNMENTS false --VERBOSITY INFO --QUIET false --VALIDATION_STRINGENCY STRICT --COMPRESSION_LEVEL 5 --MAX_RECORDS_IN_RAM 500000 --CREATE_INDEX false --CREATE_MD5_FILE false --help false --version false --showHidden false --USE_JDK_DEFLATER false --USE_JDK_INFLATER false
[Thu Apr 09 13:52:38 CEST 2026] Executing as fdeckert@d012 on Linux 4.18.0-553.5.1.el8_10.x86_64 amd64; OpenJDK 64-Bit Server VM 17.0.15+6; Deflater: Intel; Inflater: Intel; Provider GCS is not available; Picard version: Version:3.0.0
INFO	2026-04-09 13:52:49	SamToFastq	Processed     1,000,000 records.  Elapsed time: 00:00:10s.  Time for last 1,000,000:   10s.  Last read position: */*
INFO	2026-04-09 13:52:59	SamToFastq	Processed     2,000,000 records.  Elapsed time: 00:00:20s.  Time for last 1,000,000:    9s.  Last read position: */*
[Thu Apr 09 13:53:05 CEST 2026] picard.sam.SamToFastq done. Elapsed time: 0.44 minutes.
Runtime.totalMemory()=2181038080
13:53:05.943 INFO  NativeLibraryLoader - Loading libgkl_compression.so from jar:file:/cm/shared/specific/apps/picard/3.0.0-Java-17/picard.jar!/com/intel/gkl/native/libgkl_compression.so
[Thu Apr 09 13:53:05 CEST 2026] SamToFastq --INPUT /nobackup/lab_bsf/samples/BSF_1609_H57CKDRX5/BSF_1609_H57CKDRX5_1_samples/BSF_1609_H57CKDRX5_1#FD_020_S148921.bam --FASTQ /nobackup/peer/fdeckert/FD20200109SPLENO/geo/bulkRNAseq/FD_020_R1.fastq.gz --OUTPUT_PER_RG false --COMPRESS_OUTPUTS_PER_RG false --RG_TAG PU --RE_REVERSE true --INTERLEAVE false --INCLUDE_NON_PF_READS false --CLIPPING_MIN_LENGTH 0 --READ1_TRIM 0 --READ2_TRIM 0 --INCLUDE_NON_PRIMARY_ALIGNMENTS false --VERBOSITY INFO --QUIET false --VALIDATION_STRINGENCY STRICT --COMPRESSION_LEVEL 5 --MAX_RECORDS_IN_RAM 500000 --CREATE_INDEX false --CREATE_MD5_FILE false --help false --version false --showHidden false --USE_JDK_DEFLATER false --USE_JDK_INFLATER false
[Thu Apr 09 13:53:05 CEST 2026] Executing as fdeckert@d012 on Linux 4.18.0-553.5.1.el8_10.x86_64 amd64; OpenJDK 64-Bit Server VM 17.0.15+6; Deflater: Intel; Inflater: Intel; Provider GCS is not available; Picard version: Version:3.0.0
INFO	2026-04-09 13:53:16	SamToFastq	Processed     1,000,000 records.  Elapsed time: 00:00:10s.  Time for last 1,000,000:   10s.  Last read position: */*
[Thu Apr 09 13:53:25 CEST 2026] picard.sam.SamToFastq done. Elapsed time: 0.32 minutes.
Runtime.totalMemory()=2181038080
13:53:25.878 INFO  NativeLibraryLoader - Loading libgkl_compression.so from jar:file:/cm/shared/specific/apps/picard/3.0.0-Java-17/picard.jar!/com/intel/gkl/native/libgkl_compression.so
[Thu Apr 09 13:53:25 CEST 2026] SamToFastq --INPUT /nobackup/lab_bsf/samples/BSF_1609_H57CKDRX5/BSF_1609_H57CKDRX5_1_samples/BSF_1609_H57CKDRX5_1#FD_021_S148920.bam --FASTQ /nobackup/peer/fdeckert/FD20200109SPLENO/geo/bulkRNAseq/FD_021_R1.fastq.gz --OUTPUT_PER_RG false --COMPRESS_OUTPUTS_PER_RG false --RG_TAG PU --RE_REVERSE true --INTERLEAVE false --INCLUDE_NON_PF_READS false --CLIPPING_MIN_LENGTH 0 --READ1_TRIM 0 --READ2_TRIM 0 --INCLUDE_NON_PRIMARY_ALIGNMENTS false --VERBOSITY INFO --QUIET false --VALIDATION_STRINGENCY STRICT --COMPRESSION_LEVEL 5 --MAX_RECORDS_IN_RAM 500000 --CREATE_INDEX false --CREATE_MD5_FILE false --help false --version false --showHidden false --USE_JDK_DEFLATER false --USE_JDK_INFLATER false
[Thu Apr 09 13:53:25 CEST 2026] Executing as fdeckert@d012 on Linux 4.18.0-553.5.1.el8_10.x86_64 amd64; OpenJDK 64-Bit Server VM 17.0.15+6; Deflater: Intel; Inflater: Intel; Provider GCS is not available; Picard version: Version:3.0.0
INFO	2026-04-09 13:53:36	SamToFastq	Processed     1,000,000 records.  Elapsed time: 00:00:10s.  Time for last 1,000,000:   10s.  Last read position: */*
INFO	2026-04-09 13:53:46	SamToFastq	Processed     2,000,000 records.  Elapsed time: 00:00:20s.  Time for last 1,000,000:   10s.  Last read position: */*
[Thu Apr 09 13:53:49 CEST 2026] picard.sam.SamToFastq done. Elapsed time: 0.39 minutes.
Runtime.totalMemory()=2181038080
13:53:49.867 INFO  NativeLibraryLoader - Loading libgkl_compression.so from jar:file:/cm/shared/specific/apps/picard/3.0.0-Java-17/picard.jar!/com/intel/gkl/native/libgkl_compression.so
[Thu Apr 09 13:53:49 CEST 2026] SamToFastq --INPUT /nobackup/lab_bsf/samples/BSF_1609_H57CKDRX5/BSF_1609_H57CKDRX5_1_samples/BSF_1609_H57CKDRX5_1#FD_022_S148805.bam --FASTQ /nobackup/peer/fdeckert/FD20200109SPLENO/geo/bulkRNAseq/FD_022_R1.fastq.gz --OUTPUT_PER_RG false --COMPRESS_OUTPUTS_PER_RG false --RG_TAG PU --RE_REVERSE true --INTERLEAVE false --INCLUDE_NON_PF_READS false --CLIPPING_MIN_LENGTH 0 --READ1_TRIM 0 --READ2_TRIM 0 --INCLUDE_NON_PRIMARY_ALIGNMENTS false --VERBOSITY INFO --QUIET false --VALIDATION_STRINGENCY STRICT --COMPRESSION_LEVEL 5 --MAX_RECORDS_IN_RAM 500000 --CREATE_INDEX false --CREATE_MD5_FILE false --help false --version false --showHidden false --USE_JDK_DEFLATER false --USE_JDK_INFLATER false
[Thu Apr 09 13:53:49 CEST 2026] Executing as fdeckert@d012 on Linux 4.18.0-553.5.1.el8_10.x86_64 amd64; OpenJDK 64-Bit Server VM 17.0.15+6; Deflater: Intel; Inflater: Intel; Provider GCS is not available; Picard version: Version:3.0.0
INFO	2026-04-09 13:54:00	SamToFastq	Processed     1,000,000 records.  Elapsed time: 00:00:10s.  Time for last 1,000,000:   10s.  Last read position: */*
[Thu Apr 09 13:54:05 CEST 2026] picard.sam.SamToFastq done. Elapsed time: 0.25 minutes.
Runtime.totalMemory()=2181038080
13:54:05.612 INFO  NativeLibraryLoader - Loading libgkl_compression.so from jar:file:/cm/shared/specific/apps/picard/3.0.0-Java-17/picard.jar!/com/intel/gkl/native/libgkl_compression.so
[Thu Apr 09 13:54:05 CEST 2026] SamToFastq --INPUT /nobackup/lab_bsf/samples/BSF_1609_H57CKDRX5/BSF_1609_H57CKDRX5_1_samples/BSF_1609_H57CKDRX5_1#FD_023_S148807.bam --FASTQ /nobackup/peer/fdeckert/FD20200109SPLENO/geo/bulkRNAseq/FD_023_R1.fastq.gz --OUTPUT_PER_RG false --COMPRESS_OUTPUTS_PER_RG false --RG_TAG PU --RE_REVERSE true --INTERLEAVE false --INCLUDE_NON_PF_READS false --CLIPPING_MIN_LENGTH 0 --READ1_TRIM 0 --READ2_TRIM 0 --INCLUDE_NON_PRIMARY_ALIGNMENTS false --VERBOSITY INFO --QUIET false --VALIDATION_STRINGENCY STRICT --COMPRESSION_LEVEL 5 --MAX_RECORDS_IN_RAM 500000 --CREATE_INDEX false --CREATE_MD5_FILE false --help false --version false --showHidden false --USE_JDK_DEFLATER false --USE_JDK_INFLATER false
[Thu Apr 09 13:54:05 CEST 2026] Executing as fdeckert@d012 on Linux 4.18.0-553.5.1.el8_10.x86_64 amd64; OpenJDK 64-Bit Server VM 17.0.15+6; Deflater: Intel; Inflater: Intel; Provider GCS is not available; Picard version: Version:3.0.0
INFO	2026-04-09 13:54:15	SamToFastq	Processed     1,000,000 records.  Elapsed time: 00:00:10s.  Time for last 1,000,000:   10s.  Last read position: */*
[Thu Apr 09 13:54:18 CEST 2026] picard.sam.SamToFastq done. Elapsed time: 0.22 minutes.
Runtime.totalMemory()=2181038080
13:54:19.398 INFO  NativeLibraryLoader - Loading libgkl_compression.so from jar:file:/cm/shared/specific/apps/picard/3.0.0-Java-17/picard.jar!/com/intel/gkl/native/libgkl_compression.so
[Thu Apr 09 13:54:19 CEST 2026] SamToFastq --INPUT /nobackup/lab_bsf/samples/BSF_1609_H57CKDRX5/BSF_1609_H57CKDRX5_1_samples/BSF_1609_H57CKDRX5_1#FD_024_S148806.bam --FASTQ /nobackup/peer/fdeckert/FD20200109SPLENO/geo/bulkRNAseq/FD_024_R1.fastq.gz --OUTPUT_PER_RG false --COMPRESS_OUTPUTS_PER_RG false --RG_TAG PU --RE_REVERSE true --INTERLEAVE false --INCLUDE_NON_PF_READS false --CLIPPING_MIN_LENGTH 0 --READ1_TRIM 0 --READ2_TRIM 0 --INCLUDE_NON_PRIMARY_ALIGNMENTS false --VERBOSITY INFO --QUIET false --VALIDATION_STRINGENCY STRICT --COMPRESSION_LEVEL 5 --MAX_RECORDS_IN_RAM 500000 --CREATE_INDEX false --CREATE_MD5_FILE false --help false --version false --showHidden false --USE_JDK_DEFLATER false --USE_JDK_INFLATER false
[Thu Apr 09 13:54:19 CEST 2026] Executing as fdeckert@d012 on Linux 4.18.0-553.5.1.el8_10.x86_64 amd64; OpenJDK 64-Bit Server VM 17.0.15+6; Deflater: Intel; Inflater: Intel; Provider GCS is not available; Picard version: Version:3.0.0
INFO	2026-04-09 13:54:29	SamToFastq	Processed     1,000,000 records.  Elapsed time: 00:00:10s.  Time for last 1,000,000:   10s.  Last read position: */*
[Thu Apr 09 13:54:36 CEST 2026] picard.sam.SamToFastq done. Elapsed time: 0.29 minutes.
Runtime.totalMemory()=2181038080
13:54:37.321 INFO  NativeLibraryLoader - Loading libgkl_compression.so from jar:file:/cm/shared/specific/apps/picard/3.0.0-Java-17/picard.jar!/com/intel/gkl/native/libgkl_compression.so
[Thu Apr 09 13:54:37 CEST 2026] SamToFastq --INPUT /nobackup/lab_bsf/samples/BSF_1609_H57CKDRX5/BSF_1609_H57CKDRX5_1_samples/BSF_1609_H57CKDRX5_1#FD_025_S148809.bam --FASTQ /nobackup/peer/fdeckert/FD20200109SPLENO/geo/bulkRNAseq/FD_025_R1.fastq.gz --OUTPUT_PER_RG false --COMPRESS_OUTPUTS_PER_RG false --RG_TAG PU --RE_REVERSE true --INTERLEAVE false --INCLUDE_NON_PF_READS false --CLIPPING_MIN_LENGTH 0 --READ1_TRIM 0 --READ2_TRIM 0 --INCLUDE_NON_PRIMARY_ALIGNMENTS false --VERBOSITY INFO --QUIET false --VALIDATION_STRINGENCY STRICT --COMPRESSION_LEVEL 5 --MAX_RECORDS_IN_RAM 500000 --CREATE_INDEX false --CREATE_MD5_FILE false --help false --version false --showHidden false --USE_JDK_DEFLATER false --USE_JDK_INFLATER false
[Thu Apr 09 13:54:37 CEST 2026] Executing as fdeckert@d012 on Linux 4.18.0-553.5.1.el8_10.x86_64 amd64; OpenJDK 64-Bit Server VM 17.0.15+6; Deflater: Intel; Inflater: Intel; Provider GCS is not available; Picard version: Version:3.0.0
INFO	2026-04-09 13:54:47	SamToFastq	Processed     1,000,000 records.  Elapsed time: 00:00:10s.  Time for last 1,000,000:   10s.  Last read position: */*
[Thu Apr 09 13:54:55 CEST 2026] picard.sam.SamToFastq done. Elapsed time: 0.30 minutes.
Runtime.totalMemory()=2181038080
13:54:55.676 INFO  NativeLibraryLoader - Loading libgkl_compression.so from jar:file:/cm/shared/specific/apps/picard/3.0.0-Java-17/picard.jar!/com/intel/gkl/native/libgkl_compression.so
[Thu Apr 09 13:54:55 CEST 2026] SamToFastq --INPUT /nobackup/lab_bsf/samples/BSF_1609_H57CKDRX5/BSF_1609_H57CKDRX5_1_samples/BSF_1609_H57CKDRX5_1#FD_026_S148808.bam --FASTQ /nobackup/peer/fdeckert/FD20200109SPLENO/geo/bulkRNAseq/FD_026_R1.fastq.gz --OUTPUT_PER_RG false --COMPRESS_OUTPUTS_PER_RG false --RG_TAG PU --RE_REVERSE true --INTERLEAVE false --INCLUDE_NON_PF_READS false --CLIPPING_MIN_LENGTH 0 --READ1_TRIM 0 --READ2_TRIM 0 --INCLUDE_NON_PRIMARY_ALIGNMENTS false --VERBOSITY INFO --QUIET false --VALIDATION_STRINGENCY STRICT --COMPRESSION_LEVEL 5 --MAX_RECORDS_IN_RAM 500000 --CREATE_INDEX false --CREATE_MD5_FILE false --help false --version false --showHidden false --USE_JDK_DEFLATER false --USE_JDK_INFLATER false
[Thu Apr 09 13:54:55 CEST 2026] Executing as fdeckert@d012 on Linux 4.18.0-553.5.1.el8_10.x86_64 amd64; OpenJDK 64-Bit Server VM 17.0.15+6; Deflater: Intel; Inflater: Intel; Provider GCS is not available; Picard version: Version:3.0.0
INFO	2026-04-09 13:55:05	SamToFastq	Processed     1,000,000 records.  Elapsed time: 00:00:10s.  Time for last 1,000,000:   10s.  Last read position: */*
[Thu Apr 09 13:55:13 CEST 2026] picard.sam.SamToFastq done. Elapsed time: 0.30 minutes.
Runtime.totalMemory()=2181038080
13:55:14.074 INFO  NativeLibraryLoader - Loading libgkl_compression.so from jar:file:/cm/shared/specific/apps/picard/3.0.0-Java-17/picard.jar!/com/intel/gkl/native/libgkl_compression.so
[Thu Apr 09 13:55:14 CEST 2026] SamToFastq --INPUT /nobackup/lab_bsf/samples/BSF_1609_H57CKDRX5/BSF_1609_H57CKDRX5_1_samples/BSF_1609_H57CKDRX5_1#FD_027_S148811.bam --FASTQ /nobackup/peer/fdeckert/FD20200109SPLENO/geo/bulkRNAseq/FD_027_R1.fastq.gz --OUTPUT_PER_RG false --COMPRESS_OUTPUTS_PER_RG false --RG_TAG PU --RE_REVERSE true --INTERLEAVE false --INCLUDE_NON_PF_READS false --CLIPPING_MIN_LENGTH 0 --READ1_TRIM 0 --READ2_TRIM 0 --INCLUDE_NON_PRIMARY_ALIGNMENTS false --VERBOSITY INFO --QUIET false --VALIDATION_STRINGENCY STRICT --COMPRESSION_LEVEL 5 --MAX_RECORDS_IN_RAM 500000 --CREATE_INDEX false --CREATE_MD5_FILE false --help false --version false --showHidden false --USE_JDK_DEFLATER false --USE_JDK_INFLATER false
[Thu Apr 09 13:55:14 CEST 2026] Executing as fdeckert@d012 on Linux 4.18.0-553.5.1.el8_10.x86_64 amd64; OpenJDK 64-Bit Server VM 17.0.15+6; Deflater: Intel; Inflater: Intel; Provider GCS is not available; Picard version: Version:3.0.0
INFO	2026-04-09 13:55:24	SamToFastq	Processed     1,000,000 records.  Elapsed time: 00:00:10s.  Time for last 1,000,000:   10s.  Last read position: */*
[Thu Apr 09 13:55:30 CEST 2026] picard.sam.SamToFastq done. Elapsed time: 0.27 minutes.
Runtime.totalMemory()=2181038080
13:55:30.656 INFO  NativeLibraryLoader - Loading libgkl_compression.so from jar:file:/cm/shared/specific/apps/picard/3.0.0-Java-17/picard.jar!/com/intel/gkl/native/libgkl_compression.so
[Thu Apr 09 13:55:30 CEST 2026] SamToFastq --INPUT /nobackup/lab_bsf/samples/BSF_1609_H57CKDRX5/BSF_1609_H57CKDRX5_1_samples/BSF_1609_H57CKDRX5_1#FD_028_S148810.bam --FASTQ /nobackup/peer/fdeckert/FD20200109SPLENO/geo/bulkRNAseq/FD_028_R1.fastq.gz --OUTPUT_PER_RG false --COMPRESS_OUTPUTS_PER_RG false --RG_TAG PU --RE_REVERSE true --INTERLEAVE false --INCLUDE_NON_PF_READS false --CLIPPING_MIN_LENGTH 0 --READ1_TRIM 0 --READ2_TRIM 0 --INCLUDE_NON_PRIMARY_ALIGNMENTS false --VERBOSITY INFO --QUIET false --VALIDATION_STRINGENCY STRICT --COMPRESSION_LEVEL 5 --MAX_RECORDS_IN_RAM 500000 --CREATE_INDEX false --CREATE_MD5_FILE false --help false --version false --showHidden false --USE_JDK_DEFLATER false --USE_JDK_INFLATER false
[Thu Apr 09 13:55:30 CEST 2026] Executing as fdeckert@d012 on Linux 4.18.0-553.5.1.el8_10.x86_64 amd64; OpenJDK 64-Bit Server VM 17.0.15+6; Deflater: Intel; Inflater: Intel; Provider GCS is not available; Picard version: Version:3.0.0
INFO	2026-04-09 13:55:40	SamToFastq	Processed     1,000,000 records.  Elapsed time: 00:00:09s.  Time for last 1,000,000:    9s.  Last read position: */*
INFO	2026-04-09 13:55:50	SamToFastq	Processed     2,000,000 records.  Elapsed time: 00:00:19s.  Time for last 1,000,000:    9s.  Last read position: */*
[Thu Apr 09 13:55:51 CEST 2026] picard.sam.SamToFastq done. Elapsed time: 0.35 minutes.
Runtime.totalMemory()=2181038080
13:55:52.431 INFO  NativeLibraryLoader - Loading libgkl_compression.so from jar:file:/cm/shared/specific/apps/picard/3.0.0-Java-17/picard.jar!/com/intel/gkl/native/libgkl_compression.so
[Thu Apr 09 13:55:52 CEST 2026] SamToFastq --INPUT /nobackup/lab_bsf/samples/BSF_1609_H57CKDRX5/BSF_1609_H57CKDRX5_1_samples/BSF_1609_H57CKDRX5_1#FD_029_S148813.bam --FASTQ /nobackup/peer/fdeckert/FD20200109SPLENO/geo/bulkRNAseq/FD_029_R1.fastq.gz --OUTPUT_PER_RG false --COMPRESS_OUTPUTS_PER_RG false --RG_TAG PU --RE_REVERSE true --INTERLEAVE false --INCLUDE_NON_PF_READS false --CLIPPING_MIN_LENGTH 0 --READ1_TRIM 0 --READ2_TRIM 0 --INCLUDE_NON_PRIMARY_ALIGNMENTS false --VERBOSITY INFO --QUIET false --VALIDATION_STRINGENCY STRICT --COMPRESSION_LEVEL 5 --MAX_RECORDS_IN_RAM 500000 --CREATE_INDEX false --CREATE_MD5_FILE false --help false --version false --showHidden false --USE_JDK_DEFLATER false --USE_JDK_INFLATER false
[Thu Apr 09 13:55:52 CEST 2026] Executing as fdeckert@d012 on Linux 4.18.0-553.5.1.el8_10.x86_64 amd64; OpenJDK 64-Bit Server VM 17.0.15+6; Deflater: Intel; Inflater: Intel; Provider GCS is not available; Picard version: Version:3.0.0
INFO	2026-04-09 13:56:02	SamToFastq	Processed     1,000,000 records.  Elapsed time: 00:00:10s.  Time for last 1,000,000:   10s.  Last read position: */*
[Thu Apr 09 13:56:10 CEST 2026] picard.sam.SamToFastq done. Elapsed time: 0.30 minutes.
Runtime.totalMemory()=2181038080
13:56:10.777 INFO  NativeLibraryLoader - Loading libgkl_compression.so from jar:file:/cm/shared/specific/apps/picard/3.0.0-Java-17/picard.jar!/com/intel/gkl/native/libgkl_compression.so
[Thu Apr 09 13:56:10 CEST 2026] SamToFastq --INPUT /nobackup/lab_bsf/samples/BSF_1609_H57CKDRX5/BSF_1609_H57CKDRX5_1_samples/BSF_1609_H57CKDRX5_1#FD_030_S148812.bam --FASTQ /nobackup/peer/fdeckert/FD20200109SPLENO/geo/bulkRNAseq/FD_030_R1.fastq.gz --OUTPUT_PER_RG false --COMPRESS_OUTPUTS_PER_RG false --RG_TAG PU --RE_REVERSE true --INTERLEAVE false --INCLUDE_NON_PF_READS false --CLIPPING_MIN_LENGTH 0 --READ1_TRIM 0 --READ2_TRIM 0 --INCLUDE_NON_PRIMARY_ALIGNMENTS false --VERBOSITY INFO --QUIET false --VALIDATION_STRINGENCY STRICT --COMPRESSION_LEVEL 5 --MAX_RECORDS_IN_RAM 500000 --CREATE_INDEX false --CREATE_MD5_FILE false --help false --version false --showHidden false --USE_JDK_DEFLATER false --USE_JDK_INFLATER false
[Thu Apr 09 13:56:10 CEST 2026] Executing as fdeckert@d012 on Linux 4.18.0-553.5.1.el8_10.x86_64 amd64; OpenJDK 64-Bit Server VM 17.0.15+6; Deflater: Intel; Inflater: Intel; Provider GCS is not available; Picard version: Version:3.0.0
INFO	2026-04-09 13:56:20	SamToFastq	Processed     1,000,000 records.  Elapsed time: 00:00:10s.  Time for last 1,000,000:   10s.  Last read position: */*
[Thu Apr 09 13:56:29 CEST 2026] picard.sam.SamToFastq done. Elapsed time: 0.32 minutes.
Runtime.totalMemory()=2181038080
13:56:30.304 INFO  NativeLibraryLoader - Loading libgkl_compression.so from jar:file:/cm/shared/specific/apps/picard/3.0.0-Java-17/picard.jar!/com/intel/gkl/native/libgkl_compression.so
[Thu Apr 09 13:56:30 CEST 2026] SamToFastq --INPUT /nobackup/lab_bsf/samples/BSF_1609_H57CKDRX5/BSF_1609_H57CKDRX5_1_samples/BSF_1609_H57CKDRX5_1#FD_031_S148815.bam --FASTQ /nobackup/peer/fdeckert/FD20200109SPLENO/geo/bulkRNAseq/FD_031_R1.fastq.gz --OUTPUT_PER_RG false --COMPRESS_OUTPUTS_PER_RG false --RG_TAG PU --RE_REVERSE true --INTERLEAVE false --INCLUDE_NON_PF_READS false --CLIPPING_MIN_LENGTH 0 --READ1_TRIM 0 --READ2_TRIM 0 --INCLUDE_NON_PRIMARY_ALIGNMENTS false --VERBOSITY INFO --QUIET false --VALIDATION_STRINGENCY STRICT --COMPRESSION_LEVEL 5 --MAX_RECORDS_IN_RAM 500000 --CREATE_INDEX false --CREATE_MD5_FILE false --help false --version false --showHidden false --USE_JDK_DEFLATER false --USE_JDK_INFLATER false
[Thu Apr 09 13:56:30 CEST 2026] Executing as fdeckert@d012 on Linux 4.18.0-553.5.1.el8_10.x86_64 amd64; OpenJDK 64-Bit Server VM 17.0.15+6; Deflater: Intel; Inflater: Intel; Provider GCS is not available; Picard version: Version:3.0.0
INFO	2026-04-09 13:56:40	SamToFastq	Processed     1,000,000 records.  Elapsed time: 00:00:10s.  Time for last 1,000,000:   10s.  Last read position: */*
[Thu Apr 09 13:56:45 CEST 2026] picard.sam.SamToFastq done. Elapsed time: 0.25 minutes.
Runtime.totalMemory()=2181038080
13:56:46.088 INFO  NativeLibraryLoader - Loading libgkl_compression.so from jar:file:/cm/shared/specific/apps/picard/3.0.0-Java-17/picard.jar!/com/intel/gkl/native/libgkl_compression.so
[Thu Apr 09 13:56:46 CEST 2026] SamToFastq --INPUT /nobackup/lab_bsf/samples/BSF_1609_H57CKDRX5/BSF_1609_H57CKDRX5_1_samples/BSF_1609_H57CKDRX5_1#FD_032_S148814.bam --FASTQ /nobackup/peer/fdeckert/FD20200109SPLENO/geo/bulkRNAseq/FD_032_R1.fastq.gz --OUTPUT_PER_RG false --COMPRESS_OUTPUTS_PER_RG false --RG_TAG PU --RE_REVERSE true --INTERLEAVE false --INCLUDE_NON_PF_READS false --CLIPPING_MIN_LENGTH 0 --READ1_TRIM 0 --READ2_TRIM 0 --INCLUDE_NON_PRIMARY_ALIGNMENTS false --VERBOSITY INFO --QUIET false --VALIDATION_STRINGENCY STRICT --COMPRESSION_LEVEL 5 --MAX_RECORDS_IN_RAM 500000 --CREATE_INDEX false --CREATE_MD5_FILE false --help false --version false --showHidden false --USE_JDK_DEFLATER false --USE_JDK_INFLATER false
[Thu Apr 09 13:56:46 CEST 2026] Executing as fdeckert@d012 on Linux 4.18.0-553.5.1.el8_10.x86_64 amd64; OpenJDK 64-Bit Server VM 17.0.15+6; Deflater: Intel; Inflater: Intel; Provider GCS is not available; Picard version: Version:3.0.0
INFO	2026-04-09 13:56:56	SamToFastq	Processed     1,000,000 records.  Elapsed time: 00:00:10s.  Time for last 1,000,000:   10s.  Last read position: */*
[Thu Apr 09 13:57:01 CEST 2026] picard.sam.SamToFastq done. Elapsed time: 0.26 minutes.
Runtime.totalMemory()=2181038080
13:57:02.123 INFO  NativeLibraryLoader - Loading libgkl_compression.so from jar:file:/cm/shared/specific/apps/picard/3.0.0-Java-17/picard.jar!/com/intel/gkl/native/libgkl_compression.so
[Thu Apr 09 13:57:02 CEST 2026] SamToFastq --INPUT /nobackup/lab_bsf/samples/BSF_1609_H57CKDRX5/BSF_1609_H57CKDRX5_1_samples/BSF_1609_H57CKDRX5_1#FD_033_S148817.bam --FASTQ /nobackup/peer/fdeckert/FD20200109SPLENO/geo/bulkRNAseq/FD_033_R1.fastq.gz --OUTPUT_PER_RG false --COMPRESS_OUTPUTS_PER_RG false --RG_TAG PU --RE_REVERSE true --INTERLEAVE false --INCLUDE_NON_PF_READS false --CLIPPING_MIN_LENGTH 0 --READ1_TRIM 0 --READ2_TRIM 0 --INCLUDE_NON_PRIMARY_ALIGNMENTS false --VERBOSITY INFO --QUIET false --VALIDATION_STRINGENCY STRICT --COMPRESSION_LEVEL 5 --MAX_RECORDS_IN_RAM 500000 --CREATE_INDEX false --CREATE_MD5_FILE false --help false --version false --showHidden false --USE_JDK_DEFLATER false --USE_JDK_INFLATER false
[Thu Apr 09 13:57:02 CEST 2026] Executing as fdeckert@d012 on Linux 4.18.0-553.5.1.el8_10.x86_64 amd64; OpenJDK 64-Bit Server VM 17.0.15+6; Deflater: Intel; Inflater: Intel; Provider GCS is not available; Picard version: Version:3.0.0
INFO	2026-04-09 13:57:12	SamToFastq	Processed     1,000,000 records.  Elapsed time: 00:00:10s.  Time for last 1,000,000:   10s.  Last read position: */*
[Thu Apr 09 13:57:20 CEST 2026] picard.sam.SamToFastq done. Elapsed time: 0.30 minutes.
Runtime.totalMemory()=2181038080
13:57:20.792 INFO  NativeLibraryLoader - Loading libgkl_compression.so from jar:file:/cm/shared/specific/apps/picard/3.0.0-Java-17/picard.jar!/com/intel/gkl/native/libgkl_compression.so
[Thu Apr 09 13:57:20 CEST 2026] SamToFastq --INPUT /nobackup/lab_bsf/samples/BSF_1609_H57CKDRX5/BSF_1609_H57CKDRX5_1_samples/BSF_1609_H57CKDRX5_1#FD_034_S148816.bam --FASTQ /nobackup/peer/fdeckert/FD20200109SPLENO/geo/bulkRNAseq/FD_034_R1.fastq.gz --OUTPUT_PER_RG false --COMPRESS_OUTPUTS_PER_RG false --RG_TAG PU --RE_REVERSE true --INTERLEAVE false --INCLUDE_NON_PF_READS false --CLIPPING_MIN_LENGTH 0 --READ1_TRIM 0 --READ2_TRIM 0 --INCLUDE_NON_PRIMARY_ALIGNMENTS false --VERBOSITY INFO --QUIET false --VALIDATION_STRINGENCY STRICT --COMPRESSION_LEVEL 5 --MAX_RECORDS_IN_RAM 500000 --CREATE_INDEX false --CREATE_MD5_FILE false --help false --version false --showHidden false --USE_JDK_DEFLATER false --USE_JDK_INFLATER false
[Thu Apr 09 13:57:20 CEST 2026] Executing as fdeckert@d012 on Linux 4.18.0-553.5.1.el8_10.x86_64 amd64; OpenJDK 64-Bit Server VM 17.0.15+6; Deflater: Intel; Inflater: Intel; Provider GCS is not available; Picard version: Version:3.0.0
INFO	2026-04-09 13:57:31	SamToFastq	Processed     1,000,000 records.  Elapsed time: 00:00:10s.  Time for last 1,000,000:   10s.  Last read position: */*
[Thu Apr 09 13:57:34 CEST 2026] picard.sam.SamToFastq done. Elapsed time: 0.22 minutes.
Runtime.totalMemory()=2181038080
13:57:34.672 INFO  NativeLibraryLoader - Loading libgkl_compression.so from jar:file:/cm/shared/specific/apps/picard/3.0.0-Java-17/picard.jar!/com/intel/gkl/native/libgkl_compression.so
[Thu Apr 09 13:57:34 CEST 2026] SamToFastq --INPUT /nobackup/lab_bsf/samples/BSF_1609_H57CKDRX5/BSF_1609_H57CKDRX5_1_samples/BSF_1609_H57CKDRX5_1#FD_035_S148819.bam --FASTQ /nobackup/peer/fdeckert/FD20200109SPLENO/geo/bulkRNAseq/FD_035_R1.fastq.gz --OUTPUT_PER_RG false --COMPRESS_OUTPUTS_PER_RG false --RG_TAG PU --RE_REVERSE true --INTERLEAVE false --INCLUDE_NON_PF_READS false --CLIPPING_MIN_LENGTH 0 --READ1_TRIM 0 --READ2_TRIM 0 --INCLUDE_NON_PRIMARY_ALIGNMENTS false --VERBOSITY INFO --QUIET false --VALIDATION_STRINGENCY STRICT --COMPRESSION_LEVEL 5 --MAX_RECORDS_IN_RAM 500000 --CREATE_INDEX false --CREATE_MD5_FILE false --help false --version false --showHidden false --USE_JDK_DEFLATER false --USE_JDK_INFLATER false
[Thu Apr 09 13:57:34 CEST 2026] Executing as fdeckert@d012 on Linux 4.18.0-553.5.1.el8_10.x86_64 amd64; OpenJDK 64-Bit Server VM 17.0.15+6; Deflater: Intel; Inflater: Intel; Provider GCS is not available; Picard version: Version:3.0.0
INFO	2026-04-09 13:57:45	SamToFastq	Processed     1,000,000 records.  Elapsed time: 00:00:10s.  Time for last 1,000,000:   10s.  Last read position: */*
[Thu Apr 09 13:57:49 CEST 2026] picard.sam.SamToFastq done. Elapsed time: 0.25 minutes.
Runtime.totalMemory()=2181038080
13:57:50.118 INFO  NativeLibraryLoader - Loading libgkl_compression.so from jar:file:/cm/shared/specific/apps/picard/3.0.0-Java-17/picard.jar!/com/intel/gkl/native/libgkl_compression.so
[Thu Apr 09 13:57:50 CEST 2026] SamToFastq --INPUT /nobackup/lab_bsf/samples/BSF_1609_H57CKDRX5/BSF_1609_H57CKDRX5_1_samples/BSF_1609_H57CKDRX5_1#FD_036_S148818.bam --FASTQ /nobackup/peer/fdeckert/FD20200109SPLENO/geo/bulkRNAseq/FD_036_R1.fastq.gz --OUTPUT_PER_RG false --COMPRESS_OUTPUTS_PER_RG false --RG_TAG PU --RE_REVERSE true --INTERLEAVE false --INCLUDE_NON_PF_READS false --CLIPPING_MIN_LENGTH 0 --READ1_TRIM 0 --READ2_TRIM 0 --INCLUDE_NON_PRIMARY_ALIGNMENTS false --VERBOSITY INFO --QUIET false --VALIDATION_STRINGENCY STRICT --COMPRESSION_LEVEL 5 --MAX_RECORDS_IN_RAM 500000 --CREATE_INDEX false --CREATE_MD5_FILE false --help false --version false --showHidden false --USE_JDK_DEFLATER false --USE_JDK_INFLATER false
[Thu Apr 09 13:57:50 CEST 2026] Executing as fdeckert@d012 on Linux 4.18.0-553.5.1.el8_10.x86_64 amd64; OpenJDK 64-Bit Server VM 17.0.15+6; Deflater: Intel; Inflater: Intel; Provider GCS is not available; Picard version: Version:3.0.0
INFO	2026-04-09 13:58:00	SamToFastq	Processed     1,000,000 records.  Elapsed time: 00:00:10s.  Time for last 1,000,000:   10s.  Last read position: */*
[Thu Apr 09 13:58:04 CEST 2026] picard.sam.SamToFastq done. Elapsed time: 0.25 minutes.
Runtime.totalMemory()=2181038080
13:58:05.395 INFO  NativeLibraryLoader - Loading libgkl_compression.so from jar:file:/cm/shared/specific/apps/picard/3.0.0-Java-17/picard.jar!/com/intel/gkl/native/libgkl_compression.so
[Thu Apr 09 13:58:05 CEST 2026] SamToFastq --INPUT /nobackup/lab_bsf/samples/BSF_1609_H57CKDRX5/BSF_1609_H57CKDRX5_1_samples/BSF_1609_H57CKDRX5_1#FD_037_S148821.bam --FASTQ /nobackup/peer/fdeckert/FD20200109SPLENO/geo/bulkRNAseq/FD_037_R1.fastq.gz --OUTPUT_PER_RG false --COMPRESS_OUTPUTS_PER_RG false --RG_TAG PU --RE_REVERSE true --INTERLEAVE false --INCLUDE_NON_PF_READS false --CLIPPING_MIN_LENGTH 0 --READ1_TRIM 0 --READ2_TRIM 0 --INCLUDE_NON_PRIMARY_ALIGNMENTS false --VERBOSITY INFO --QUIET false --VALIDATION_STRINGENCY STRICT --COMPRESSION_LEVEL 5 --MAX_RECORDS_IN_RAM 500000 --CREATE_INDEX false --CREATE_MD5_FILE false --help false --version false --showHidden false --USE_JDK_DEFLATER false --USE_JDK_INFLATER false
[Thu Apr 09 13:58:05 CEST 2026] Executing as fdeckert@d012 on Linux 4.18.0-553.5.1.el8_10.x86_64 amd64; OpenJDK 64-Bit Server VM 17.0.15+6; Deflater: Intel; Inflater: Intel; Provider GCS is not available; Picard version: Version:3.0.0
INFO	2026-04-09 13:58:15	SamToFastq	Processed     1,000,000 records.  Elapsed time: 00:00:10s.  Time for last 1,000,000:   10s.  Last read position: */*
[Thu Apr 09 13:58:18 CEST 2026] picard.sam.SamToFastq done. Elapsed time: 0.22 minutes.
Runtime.totalMemory()=2181038080
13:58:19.042 INFO  NativeLibraryLoader - Loading libgkl_compression.so from jar:file:/cm/shared/specific/apps/picard/3.0.0-Java-17/picard.jar!/com/intel/gkl/native/libgkl_compression.so
[Thu Apr 09 13:58:19 CEST 2026] SamToFastq --INPUT /nobackup/lab_bsf/samples/BSF_1609_H57CKDRX5/BSF_1609_H57CKDRX5_1_samples/BSF_1609_H57CKDRX5_1#FD_038_S148820.bam --FASTQ /nobackup/peer/fdeckert/FD20200109SPLENO/geo/bulkRNAseq/FD_038_R1.fastq.gz --OUTPUT_PER_RG false --COMPRESS_OUTPUTS_PER_RG false --RG_TAG PU --RE_REVERSE true --INTERLEAVE false --INCLUDE_NON_PF_READS false --CLIPPING_MIN_LENGTH 0 --READ1_TRIM 0 --READ2_TRIM 0 --INCLUDE_NON_PRIMARY_ALIGNMENTS false --VERBOSITY INFO --QUIET false --VALIDATION_STRINGENCY STRICT --COMPRESSION_LEVEL 5 --MAX_RECORDS_IN_RAM 500000 --CREATE_INDEX false --CREATE_MD5_FILE false --help false --version false --showHidden false --USE_JDK_DEFLATER false --USE_JDK_INFLATER false
[Thu Apr 09 13:58:19 CEST 2026] Executing as fdeckert@d012 on Linux 4.18.0-553.5.1.el8_10.x86_64 amd64; OpenJDK 64-Bit Server VM 17.0.15+6; Deflater: Intel; Inflater: Intel; Provider GCS is not available; Picard version: Version:3.0.0
INFO	2026-04-09 13:58:29	SamToFastq	Processed     1,000,000 records.  Elapsed time: 00:00:10s.  Time for last 1,000,000:   10s.  Last read position: */*
[Thu Apr 09 13:58:34 CEST 2026] picard.sam.SamToFastq done. Elapsed time: 0.25 minutes.
Runtime.totalMemory()=2181038080
13:58:34.880 INFO  NativeLibraryLoader - Loading libgkl_compression.so from jar:file:/cm/shared/specific/apps/picard/3.0.0-Java-17/picard.jar!/com/intel/gkl/native/libgkl_compression.so
[Thu Apr 09 13:58:34 CEST 2026] SamToFastq --INPUT /nobackup/lab_bsf/samples/BSF_1609_H57CKDRX5/BSF_1609_H57CKDRX5_1_samples/BSF_1609_H57CKDRX5_1#FD_039_S148823.bam --FASTQ /nobackup/peer/fdeckert/FD20200109SPLENO/geo/bulkRNAseq/FD_039_R1.fastq.gz --OUTPUT_PER_RG false --COMPRESS_OUTPUTS_PER_RG false --RG_TAG PU --RE_REVERSE true --INTERLEAVE false --INCLUDE_NON_PF_READS false --CLIPPING_MIN_LENGTH 0 --READ1_TRIM 0 --READ2_TRIM 0 --INCLUDE_NON_PRIMARY_ALIGNMENTS false --VERBOSITY INFO --QUIET false --VALIDATION_STRINGENCY STRICT --COMPRESSION_LEVEL 5 --MAX_RECORDS_IN_RAM 500000 --CREATE_INDEX false --CREATE_MD5_FILE false --help false --version false --showHidden false --USE_JDK_DEFLATER false --USE_JDK_INFLATER false
[Thu Apr 09 13:58:34 CEST 2026] Executing as fdeckert@d012 on Linux 4.18.0-553.5.1.el8_10.x86_64 amd64; OpenJDK 64-Bit Server VM 17.0.15+6; Deflater: Intel; Inflater: Intel; Provider GCS is not available; Picard version: Version:3.0.0
INFO	2026-04-09 13:58:45	SamToFastq	Processed     1,000,000 records.  Elapsed time: 00:00:10s.  Time for last 1,000,000:   10s.  Last read position: */*
[Thu Apr 09 13:58:51 CEST 2026] picard.sam.SamToFastq done. Elapsed time: 0.28 minutes.
Runtime.totalMemory()=2181038080
13:58:52.184 INFO  NativeLibraryLoader - Loading libgkl_compression.so from jar:file:/cm/shared/specific/apps/picard/3.0.0-Java-17/picard.jar!/com/intel/gkl/native/libgkl_compression.so
[Thu Apr 09 13:58:52 CEST 2026] SamToFastq --INPUT /nobackup/lab_bsf/samples/BSF_1609_H57CKDRX5/BSF_1609_H57CKDRX5_1_samples/BSF_1609_H57CKDRX5_1#FD_040_S148822.bam --FASTQ /nobackup/peer/fdeckert/FD20200109SPLENO/geo/bulkRNAseq/FD_040_R1.fastq.gz --OUTPUT_PER_RG false --COMPRESS_OUTPUTS_PER_RG false --RG_TAG PU --RE_REVERSE true --INTERLEAVE false --INCLUDE_NON_PF_READS false --CLIPPING_MIN_LENGTH 0 --READ1_TRIM 0 --READ2_TRIM 0 --INCLUDE_NON_PRIMARY_ALIGNMENTS false --VERBOSITY INFO --QUIET false --VALIDATION_STRINGENCY STRICT --COMPRESSION_LEVEL 5 --MAX_RECORDS_IN_RAM 500000 --CREATE_INDEX false --CREATE_MD5_FILE false --help false --version false --showHidden false --USE_JDK_DEFLATER false --USE_JDK_INFLATER false
[Thu Apr 09 13:58:52 CEST 2026] Executing as fdeckert@d012 on Linux 4.18.0-553.5.1.el8_10.x86_64 amd64; OpenJDK 64-Bit Server VM 17.0.15+6; Deflater: Intel; Inflater: Intel; Provider GCS is not available; Picard version: Version:3.0.0
INFO	2026-04-09 13:59:02	SamToFastq	Processed     1,000,000 records.  Elapsed time: 00:00:10s.  Time for last 1,000,000:   10s.  Last read position: */*
[Thu Apr 09 13:59:12 CEST 2026] picard.sam.SamToFastq done. Elapsed time: 0.33 minutes.
Runtime.totalMemory()=2181038080
13:59:12.683 INFO  NativeLibraryLoader - Loading libgkl_compression.so from jar:file:/cm/shared/specific/apps/picard/3.0.0-Java-17/picard.jar!/com/intel/gkl/native/libgkl_compression.so
[Thu Apr 09 13:59:12 CEST 2026] SamToFastq --INPUT /nobackup/lab_bsf/samples/BSF_1609_H57CKDRX5/BSF_1609_H57CKDRX5_1_samples/BSF_1609_H57CKDRX5_1#FD_041_S148825.bam --FASTQ /nobackup/peer/fdeckert/FD20200109SPLENO/geo/bulkRNAseq/FD_041_R1.fastq.gz --OUTPUT_PER_RG false --COMPRESS_OUTPUTS_PER_RG false --RG_TAG PU --RE_REVERSE true --INTERLEAVE false --INCLUDE_NON_PF_READS false --CLIPPING_MIN_LENGTH 0 --READ1_TRIM 0 --READ2_TRIM 0 --INCLUDE_NON_PRIMARY_ALIGNMENTS false --VERBOSITY INFO --QUIET false --VALIDATION_STRINGENCY STRICT --COMPRESSION_LEVEL 5 --MAX_RECORDS_IN_RAM 500000 --CREATE_INDEX false --CREATE_MD5_FILE false --help false --version false --showHidden false --USE_JDK_DEFLATER false --USE_JDK_INFLATER false
[Thu Apr 09 13:59:12 CEST 2026] Executing as fdeckert@d012 on Linux 4.18.0-553.5.1.el8_10.x86_64 amd64; OpenJDK 64-Bit Server VM 17.0.15+6; Deflater: Intel; Inflater: Intel; Provider GCS is not available; Picard version: Version:3.0.0
INFO	2026-04-09 13:59:23	SamToFastq	Processed     1,000,000 records.  Elapsed time: 00:00:10s.  Time for last 1,000,000:   10s.  Last read position: */*
[Thu Apr 09 13:59:29 CEST 2026] picard.sam.SamToFastq done. Elapsed time: 0.29 minutes.
Runtime.totalMemory()=2181038080
13:59:30.378 INFO  NativeLibraryLoader - Loading libgkl_compression.so from jar:file:/cm/shared/specific/apps/picard/3.0.0-Java-17/picard.jar!/com/intel/gkl/native/libgkl_compression.so
[Thu Apr 09 13:59:30 CEST 2026] SamToFastq --INPUT /nobackup/lab_bsf/samples/BSF_1609_H57CKDRX5/BSF_1609_H57CKDRX5_1_samples/BSF_1609_H57CKDRX5_1#FD_042_S148824.bam --FASTQ /nobackup/peer/fdeckert/FD20200109SPLENO/geo/bulkRNAseq/FD_042_R1.fastq.gz --OUTPUT_PER_RG false --COMPRESS_OUTPUTS_PER_RG false --RG_TAG PU --RE_REVERSE true --INTERLEAVE false --INCLUDE_NON_PF_READS false --CLIPPING_MIN_LENGTH 0 --READ1_TRIM 0 --READ2_TRIM 0 --INCLUDE_NON_PRIMARY_ALIGNMENTS false --VERBOSITY INFO --QUIET false --VALIDATION_STRINGENCY STRICT --COMPRESSION_LEVEL 5 --MAX_RECORDS_IN_RAM 500000 --CREATE_INDEX false --CREATE_MD5_FILE false --help false --version false --showHidden false --USE_JDK_DEFLATER false --USE_JDK_INFLATER false
[Thu Apr 09 13:59:30 CEST 2026] Executing as fdeckert@d012 on Linux 4.18.0-553.5.1.el8_10.x86_64 amd64; OpenJDK 64-Bit Server VM 17.0.15+6; Deflater: Intel; Inflater: Intel; Provider GCS is not available; Picard version: Version:3.0.0
INFO	2026-04-09 13:59:40	SamToFastq	Processed     1,000,000 records.  Elapsed time: 00:00:10s.  Time for last 1,000,000:   10s.  Last read position: */*
[Thu Apr 09 13:59:47 CEST 2026] picard.sam.SamToFastq done. Elapsed time: 0.28 minutes.
Runtime.totalMemory()=2181038080
13:59:47.875 INFO  NativeLibraryLoader - Loading libgkl_compression.so from jar:file:/cm/shared/specific/apps/picard/3.0.0-Java-17/picard.jar!/com/intel/gkl/native/libgkl_compression.so
[Thu Apr 09 13:59:47 CEST 2026] SamToFastq --INPUT /nobackup/lab_bsf/samples/BSF_1609_H57CKDRX5/BSF_1609_H57CKDRX5_1_samples/BSF_1609_H57CKDRX5_1#FD_043_S148833.bam --FASTQ /nobackup/peer/fdeckert/FD20200109SPLENO/geo/bulkRNAseq/FD_043_R1.fastq.gz --OUTPUT_PER_RG false --COMPRESS_OUTPUTS_PER_RG false --RG_TAG PU --RE_REVERSE true --INTERLEAVE false --INCLUDE_NON_PF_READS false --CLIPPING_MIN_LENGTH 0 --READ1_TRIM 0 --READ2_TRIM 0 --INCLUDE_NON_PRIMARY_ALIGNMENTS false --VERBOSITY INFO --QUIET false --VALIDATION_STRINGENCY STRICT --COMPRESSION_LEVEL 5 --MAX_RECORDS_IN_RAM 500000 --CREATE_INDEX false --CREATE_MD5_FILE false --help false --version false --showHidden false --USE_JDK_DEFLATER false --USE_JDK_INFLATER false
[Thu Apr 09 13:59:47 CEST 2026] Executing as fdeckert@d012 on Linux 4.18.0-553.5.1.el8_10.x86_64 amd64; OpenJDK 64-Bit Server VM 17.0.15+6; Deflater: Intel; Inflater: Intel; Provider GCS is not available; Picard version: Version:3.0.0
INFO	2026-04-09 13:59:58	SamToFastq	Processed     1,000,000 records.  Elapsed time: 00:00:10s.  Time for last 1,000,000:   10s.  Last read position: */*
[Thu Apr 09 14:00:08 CEST 2026] picard.sam.SamToFastq done. Elapsed time: 0.35 minutes.
Runtime.totalMemory()=2181038080
14:00:09.144 INFO  NativeLibraryLoader - Loading libgkl_compression.so from jar:file:/cm/shared/specific/apps/picard/3.0.0-Java-17/picard.jar!/com/intel/gkl/native/libgkl_compression.so
[Thu Apr 09 14:00:09 CEST 2026] SamToFastq --INPUT /nobackup/lab_bsf/samples/BSF_1609_H57CKDRX5/BSF_1609_H57CKDRX5_1_samples/BSF_1609_H57CKDRX5_1#FD_044_S148832.bam --FASTQ /nobackup/peer/fdeckert/FD20200109SPLENO/geo/bulkRNAseq/FD_044_R1.fastq.gz --OUTPUT_PER_RG false --COMPRESS_OUTPUTS_PER_RG false --RG_TAG PU --RE_REVERSE true --INTERLEAVE false --INCLUDE_NON_PF_READS false --CLIPPING_MIN_LENGTH 0 --READ1_TRIM 0 --READ2_TRIM 0 --INCLUDE_NON_PRIMARY_ALIGNMENTS false --VERBOSITY INFO --QUIET false --VALIDATION_STRINGENCY STRICT --COMPRESSION_LEVEL 5 --MAX_RECORDS_IN_RAM 500000 --CREATE_INDEX false --CREATE_MD5_FILE false --help false --version false --showHidden false --USE_JDK_DEFLATER false --USE_JDK_INFLATER false
[Thu Apr 09 14:00:09 CEST 2026] Executing as fdeckert@d012 on Linux 4.18.0-553.5.1.el8_10.x86_64 amd64; OpenJDK 64-Bit Server VM 17.0.15+6; Deflater: Intel; Inflater: Intel; Provider GCS is not available; Picard version: Version:3.0.0
INFO	2026-04-09 14:00:19	SamToFastq	Processed     1,000,000 records.  Elapsed time: 00:00:10s.  Time for last 1,000,000:   10s.  Last read position: */*
[Thu Apr 09 14:00:24 CEST 2026] picard.sam.SamToFastq done. Elapsed time: 0.25 minutes.
Runtime.totalMemory()=2181038080
14:00:24.888 INFO  NativeLibraryLoader - Loading libgkl_compression.so from jar:file:/cm/shared/specific/apps/picard/3.0.0-Java-17/picard.jar!/com/intel/gkl/native/libgkl_compression.so
[Thu Apr 09 14:00:24 CEST 2026] SamToFastq --INPUT /nobackup/lab_bsf/samples/BSF_1609_H57CKDRX5/BSF_1609_H57CKDRX5_1_samples/BSF_1609_H57CKDRX5_1#FD_045_S148835.bam --FASTQ /nobackup/peer/fdeckert/FD20200109SPLENO/geo/bulkRNAseq/FD_045_R1.fastq.gz --OUTPUT_PER_RG false --COMPRESS_OUTPUTS_PER_RG false --RG_TAG PU --RE_REVERSE true --INTERLEAVE false --INCLUDE_NON_PF_READS false --CLIPPING_MIN_LENGTH 0 --READ1_TRIM 0 --READ2_TRIM 0 --INCLUDE_NON_PRIMARY_ALIGNMENTS false --VERBOSITY INFO --QUIET false --VALIDATION_STRINGENCY STRICT --COMPRESSION_LEVEL 5 --MAX_RECORDS_IN_RAM 500000 --CREATE_INDEX false --CREATE_MD5_FILE false --help false --version false --showHidden false --USE_JDK_DEFLATER false --USE_JDK_INFLATER false
[Thu Apr 09 14:00:24 CEST 2026] Executing as fdeckert@d012 on Linux 4.18.0-553.5.1.el8_10.x86_64 amd64; OpenJDK 64-Bit Server VM 17.0.15+6; Deflater: Intel; Inflater: Intel; Provider GCS is not available; Picard version: Version:3.0.0
INFO	2026-04-09 14:00:35	SamToFastq	Processed     1,000,000 records.  Elapsed time: 00:00:10s.  Time for last 1,000,000:   10s.  Last read position: */*
INFO	2026-04-09 14:00:45	SamToFastq	Processed     2,000,000 records.  Elapsed time: 00:00:20s.  Time for last 1,000,000:    9s.  Last read position: */*
[Thu Apr 09 14:00:46 CEST 2026] picard.sam.SamToFastq done. Elapsed time: 0.37 minutes.
Runtime.totalMemory()=2181038080
14:00:47.387 INFO  NativeLibraryLoader - Loading libgkl_compression.so from jar:file:/cm/shared/specific/apps/picard/3.0.0-Java-17/picard.jar!/com/intel/gkl/native/libgkl_compression.so
[Thu Apr 09 14:00:47 CEST 2026] SamToFastq --INPUT /nobackup/lab_bsf/samples/BSF_1609_H57CKDRX5/BSF_1609_H57CKDRX5_1_samples/BSF_1609_H57CKDRX5_1#FD_046_S148834.bam --FASTQ /nobackup/peer/fdeckert/FD20200109SPLENO/geo/bulkRNAseq/FD_046_R1.fastq.gz --OUTPUT_PER_RG false --COMPRESS_OUTPUTS_PER_RG false --RG_TAG PU --RE_REVERSE true --INTERLEAVE false --INCLUDE_NON_PF_READS false --CLIPPING_MIN_LENGTH 0 --READ1_TRIM 0 --READ2_TRIM 0 --INCLUDE_NON_PRIMARY_ALIGNMENTS false --VERBOSITY INFO --QUIET false --VALIDATION_STRINGENCY STRICT --COMPRESSION_LEVEL 5 --MAX_RECORDS_IN_RAM 500000 --CREATE_INDEX false --CREATE_MD5_FILE false --help false --version false --showHidden false --USE_JDK_DEFLATER false --USE_JDK_INFLATER false
[Thu Apr 09 14:00:47 CEST 2026] Executing as fdeckert@d012 on Linux 4.18.0-553.5.1.el8_10.x86_64 amd64; OpenJDK 64-Bit Server VM 17.0.15+6; Deflater: Intel; Inflater: Intel; Provider GCS is not available; Picard version: Version:3.0.0
INFO	2026-04-09 14:00:57	SamToFastq	Processed     1,000,000 records.  Elapsed time: 00:00:10s.  Time for last 1,000,000:   10s.  Last read position: */*
[Thu Apr 09 14:01:07 CEST 2026] picard.sam.SamToFastq done. Elapsed time: 0.33 minutes.
Runtime.totalMemory()=2181038080
14:01:07.576 INFO  NativeLibraryLoader - Loading libgkl_compression.so from jar:file:/cm/shared/specific/apps/picard/3.0.0-Java-17/picard.jar!/com/intel/gkl/native/libgkl_compression.so
[Thu Apr 09 14:01:07 CEST 2026] SamToFastq --INPUT /nobackup/lab_bsf/samples/BSF_1609_H57CKDRX5/BSF_1609_H57CKDRX5_1_samples/BSF_1609_H57CKDRX5_1#FD_047_S148837.bam --FASTQ /nobackup/peer/fdeckert/FD20200109SPLENO/geo/bulkRNAseq/FD_047_R1.fastq.gz --OUTPUT_PER_RG false --COMPRESS_OUTPUTS_PER_RG false --RG_TAG PU --RE_REVERSE true --INTERLEAVE false --INCLUDE_NON_PF_READS false --CLIPPING_MIN_LENGTH 0 --READ1_TRIM 0 --READ2_TRIM 0 --INCLUDE_NON_PRIMARY_ALIGNMENTS false --VERBOSITY INFO --QUIET false --VALIDATION_STRINGENCY STRICT --COMPRESSION_LEVEL 5 --MAX_RECORDS_IN_RAM 500000 --CREATE_INDEX false --CREATE_MD5_FILE false --help false --version false --showHidden false --USE_JDK_DEFLATER false --USE_JDK_INFLATER false
[Thu Apr 09 14:01:07 CEST 2026] Executing as fdeckert@d012 on Linux 4.18.0-553.5.1.el8_10.x86_64 amd64; OpenJDK 64-Bit Server VM 17.0.15+6; Deflater: Intel; Inflater: Intel; Provider GCS is not available; Picard version: Version:3.0.0
INFO	2026-04-09 14:01:18	SamToFastq	Processed     1,000,000 records.  Elapsed time: 00:00:10s.  Time for last 1,000,000:   10s.  Last read position: */*
[Thu Apr 09 14:01:26 CEST 2026] picard.sam.SamToFastq done. Elapsed time: 0.31 minutes.
Runtime.totalMemory()=2181038080
14:01:26.974 INFO  NativeLibraryLoader - Loading libgkl_compression.so from jar:file:/cm/shared/specific/apps/picard/3.0.0-Java-17/picard.jar!/com/intel/gkl/native/libgkl_compression.so
[Thu Apr 09 14:01:26 CEST 2026] SamToFastq --INPUT /nobackup/lab_bsf/samples/BSF_1609_H57CKDRX5/BSF_1609_H57CKDRX5_1_samples/BSF_1609_H57CKDRX5_1#FD_048_S148836.bam --FASTQ /nobackup/peer/fdeckert/FD20200109SPLENO/geo/bulkRNAseq/FD_048_R1.fastq.gz --OUTPUT_PER_RG false --COMPRESS_OUTPUTS_PER_RG false --RG_TAG PU --RE_REVERSE true --INTERLEAVE false --INCLUDE_NON_PF_READS false --CLIPPING_MIN_LENGTH 0 --READ1_TRIM 0 --READ2_TRIM 0 --INCLUDE_NON_PRIMARY_ALIGNMENTS false --VERBOSITY INFO --QUIET false --VALIDATION_STRINGENCY STRICT --COMPRESSION_LEVEL 5 --MAX_RECORDS_IN_RAM 500000 --CREATE_INDEX false --CREATE_MD5_FILE false --help false --version false --showHidden false --USE_JDK_DEFLATER false --USE_JDK_INFLATER false
[Thu Apr 09 14:01:26 CEST 2026] Executing as fdeckert@d012 on Linux 4.18.0-553.5.1.el8_10.x86_64 amd64; OpenJDK 64-Bit Server VM 17.0.15+6; Deflater: Intel; Inflater: Intel; Provider GCS is not available; Picard version: Version:3.0.0
INFO	2026-04-09 14:01:37	SamToFastq	Processed     1,000,000 records.  Elapsed time: 00:00:10s.  Time for last 1,000,000:   10s.  Last read position: */*
[Thu Apr 09 14:01:43 CEST 2026] picard.sam.SamToFastq done. Elapsed time: 0.27 minutes.
Runtime.totalMemory()=2181038080
14:01:43.834 INFO  NativeLibraryLoader - Loading libgkl_compression.so from jar:file:/cm/shared/specific/apps/picard/3.0.0-Java-17/picard.jar!/com/intel/gkl/native/libgkl_compression.so
[Thu Apr 09 14:01:43 CEST 2026] SamToFastq --INPUT /nobackup/lab_bsf/samples/BSF_1609_H57CKDRX5/BSF_1609_H57CKDRX5_1_samples/BSF_1609_H57CKDRX5_1#FD_049_S148839.bam --FASTQ /nobackup/peer/fdeckert/FD20200109SPLENO/geo/bulkRNAseq/FD_049_R1.fastq.gz --OUTPUT_PER_RG false --COMPRESS_OUTPUTS_PER_RG false --RG_TAG PU --RE_REVERSE true --INTERLEAVE false --INCLUDE_NON_PF_READS false --CLIPPING_MIN_LENGTH 0 --READ1_TRIM 0 --READ2_TRIM 0 --INCLUDE_NON_PRIMARY_ALIGNMENTS false --VERBOSITY INFO --QUIET false --VALIDATION_STRINGENCY STRICT --COMPRESSION_LEVEL 5 --MAX_RECORDS_IN_RAM 500000 --CREATE_INDEX false --CREATE_MD5_FILE false --help false --version false --showHidden false --USE_JDK_DEFLATER false --USE_JDK_INFLATER false
[Thu Apr 09 14:01:43 CEST 2026] Executing as fdeckert@d012 on Linux 4.18.0-553.5.1.el8_10.x86_64 amd64; OpenJDK 64-Bit Server VM 17.0.15+6; Deflater: Intel; Inflater: Intel; Provider GCS is not available; Picard version: Version:3.0.0
INFO	2026-04-09 14:01:54	SamToFastq	Processed     1,000,000 records.  Elapsed time: 00:00:10s.  Time for last 1,000,000:   10s.  Last read position: */*
[Thu Apr 09 14:02:01 CEST 2026] picard.sam.SamToFastq done. Elapsed time: 0.30 minutes.
Runtime.totalMemory()=2181038080
14:02:02.388 INFO  NativeLibraryLoader - Loading libgkl_compression.so from jar:file:/cm/shared/specific/apps/picard/3.0.0-Java-17/picard.jar!/com/intel/gkl/native/libgkl_compression.so
[Thu Apr 09 14:02:02 CEST 2026] SamToFastq --INPUT /nobackup/lab_bsf/samples/BSF_1609_H57CKDRX5/BSF_1609_H57CKDRX5_1_samples/BSF_1609_H57CKDRX5_1#FD_050_S148838.bam --FASTQ /nobackup/peer/fdeckert/FD20200109SPLENO/geo/bulkRNAseq/FD_050_R1.fastq.gz --OUTPUT_PER_RG false --COMPRESS_OUTPUTS_PER_RG false --RG_TAG PU --RE_REVERSE true --INTERLEAVE false --INCLUDE_NON_PF_READS false --CLIPPING_MIN_LENGTH 0 --READ1_TRIM 0 --READ2_TRIM 0 --INCLUDE_NON_PRIMARY_ALIGNMENTS false --VERBOSITY INFO --QUIET false --VALIDATION_STRINGENCY STRICT --COMPRESSION_LEVEL 5 --MAX_RECORDS_IN_RAM 500000 --CREATE_INDEX false --CREATE_MD5_FILE false --help false --version false --showHidden false --USE_JDK_DEFLATER false --USE_JDK_INFLATER false
[Thu Apr 09 14:02:02 CEST 2026] Executing as fdeckert@d012 on Linux 4.18.0-553.5.1.el8_10.x86_64 amd64; OpenJDK 64-Bit Server VM 17.0.15+6; Deflater: Intel; Inflater: Intel; Provider GCS is not available; Picard version: Version:3.0.0
INFO	2026-04-09 14:02:13	SamToFastq	Processed     1,000,000 records.  Elapsed time: 00:00:10s.  Time for last 1,000,000:   10s.  Last read position: */*
[Thu Apr 09 14:02:17 CEST 2026] picard.sam.SamToFastq done. Elapsed time: 0.25 minutes.
Runtime.totalMemory()=2181038080
14:02:17.850 INFO  NativeLibraryLoader - Loading libgkl_compression.so from jar:file:/cm/shared/specific/apps/picard/3.0.0-Java-17/picard.jar!/com/intel/gkl/native/libgkl_compression.so
[Thu Apr 09 14:02:17 CEST 2026] SamToFastq --INPUT /nobackup/lab_bsf/samples/BSF_1609_H57CKDRX5/BSF_1609_H57CKDRX5_1_samples/BSF_1609_H57CKDRX5_1#FD_051_S148841.bam --FASTQ /nobackup/peer/fdeckert/FD20200109SPLENO/geo/bulkRNAseq/FD_051_R1.fastq.gz --OUTPUT_PER_RG false --COMPRESS_OUTPUTS_PER_RG false --RG_TAG PU --RE_REVERSE true --INTERLEAVE false --INCLUDE_NON_PF_READS false --CLIPPING_MIN_LENGTH 0 --READ1_TRIM 0 --READ2_TRIM 0 --INCLUDE_NON_PRIMARY_ALIGNMENTS false --VERBOSITY INFO --QUIET false --VALIDATION_STRINGENCY STRICT --COMPRESSION_LEVEL 5 --MAX_RECORDS_IN_RAM 500000 --CREATE_INDEX false --CREATE_MD5_FILE false --help false --version false --showHidden false --USE_JDK_DEFLATER false --USE_JDK_INFLATER false
[Thu Apr 09 14:02:17 CEST 2026] Executing as fdeckert@d012 on Linux 4.18.0-553.5.1.el8_10.x86_64 amd64; OpenJDK 64-Bit Server VM 17.0.15+6; Deflater: Intel; Inflater: Intel; Provider GCS is not available; Picard version: Version:3.0.0
INFO	2026-04-09 14:02:28	SamToFastq	Processed     1,000,000 records.  Elapsed time: 00:00:10s.  Time for last 1,000,000:   10s.  Last read position: */*
[Thu Apr 09 14:02:36 CEST 2026] picard.sam.SamToFastq done. Elapsed time: 0.31 minutes.
Runtime.totalMemory()=2181038080
14:02:36.809 INFO  NativeLibraryLoader - Loading libgkl_compression.so from jar:file:/cm/shared/specific/apps/picard/3.0.0-Java-17/picard.jar!/com/intel/gkl/native/libgkl_compression.so
[Thu Apr 09 14:02:36 CEST 2026] SamToFastq --INPUT /nobackup/lab_bsf/samples/BSF_1609_H57CKDRX5/BSF_1609_H57CKDRX5_1_samples/BSF_1609_H57CKDRX5_1#FD_052_S148840.bam --FASTQ /nobackup/peer/fdeckert/FD20200109SPLENO/geo/bulkRNAseq/FD_052_R1.fastq.gz --OUTPUT_PER_RG false --COMPRESS_OUTPUTS_PER_RG false --RG_TAG PU --RE_REVERSE true --INTERLEAVE false --INCLUDE_NON_PF_READS false --CLIPPING_MIN_LENGTH 0 --READ1_TRIM 0 --READ2_TRIM 0 --INCLUDE_NON_PRIMARY_ALIGNMENTS false --VERBOSITY INFO --QUIET false --VALIDATION_STRINGENCY STRICT --COMPRESSION_LEVEL 5 --MAX_RECORDS_IN_RAM 500000 --CREATE_INDEX false --CREATE_MD5_FILE false --help false --version false --showHidden false --USE_JDK_DEFLATER false --USE_JDK_INFLATER false
[Thu Apr 09 14:02:36 CEST 2026] Executing as fdeckert@d012 on Linux 4.18.0-553.5.1.el8_10.x86_64 amd64; OpenJDK 64-Bit Server VM 17.0.15+6; Deflater: Intel; Inflater: Intel; Provider GCS is not available; Picard version: Version:3.0.0
INFO	2026-04-09 14:02:47	SamToFastq	Processed     1,000,000 records.  Elapsed time: 00:00:10s.  Time for last 1,000,000:   10s.  Last read position: */*
[Thu Apr 09 14:02:51 CEST 2026] picard.sam.SamToFastq done. Elapsed time: 0.25 minutes.
Runtime.totalMemory()=2181038080
14:02:52.404 INFO  NativeLibraryLoader - Loading libgkl_compression.so from jar:file:/cm/shared/specific/apps/picard/3.0.0-Java-17/picard.jar!/com/intel/gkl/native/libgkl_compression.so
[Thu Apr 09 14:02:52 CEST 2026] SamToFastq --INPUT /nobackup/lab_bsf/samples/BSF_1609_H57CKDRX5/BSF_1609_H57CKDRX5_1_samples/BSF_1609_H57CKDRX5_1#FD_053_S148843.bam --FASTQ /nobackup/peer/fdeckert/FD20200109SPLENO/geo/bulkRNAseq/FD_053_R1.fastq.gz --OUTPUT_PER_RG false --COMPRESS_OUTPUTS_PER_RG false --RG_TAG PU --RE_REVERSE true --INTERLEAVE false --INCLUDE_NON_PF_READS false --CLIPPING_MIN_LENGTH 0 --READ1_TRIM 0 --READ2_TRIM 0 --INCLUDE_NON_PRIMARY_ALIGNMENTS false --VERBOSITY INFO --QUIET false --VALIDATION_STRINGENCY STRICT --COMPRESSION_LEVEL 5 --MAX_RECORDS_IN_RAM 500000 --CREATE_INDEX false --CREATE_MD5_FILE false --help false --version false --showHidden false --USE_JDK_DEFLATER false --USE_JDK_INFLATER false
[Thu Apr 09 14:02:52 CEST 2026] Executing as fdeckert@d012 on Linux 4.18.0-553.5.1.el8_10.x86_64 amd64; OpenJDK 64-Bit Server VM 17.0.15+6; Deflater: Intel; Inflater: Intel; Provider GCS is not available; Picard version: Version:3.0.0
INFO	2026-04-09 14:03:02	SamToFastq	Processed     1,000,000 records.  Elapsed time: 00:00:10s.  Time for last 1,000,000:   10s.  Last read position: */*
[Thu Apr 09 14:03:08 CEST 2026] picard.sam.SamToFastq done. Elapsed time: 0.27 minutes.
Runtime.totalMemory()=2181038080
14:03:08.887 INFO  NativeLibraryLoader - Loading libgkl_compression.so from jar:file:/cm/shared/specific/apps/picard/3.0.0-Java-17/picard.jar!/com/intel/gkl/native/libgkl_compression.so
[Thu Apr 09 14:03:08 CEST 2026] SamToFastq --INPUT /nobackup/lab_bsf/samples/BSF_1609_H57CKDRX5/BSF_1609_H57CKDRX5_1_samples/BSF_1609_H57CKDRX5_1#FD_054_S148842.bam --FASTQ /nobackup/peer/fdeckert/FD20200109SPLENO/geo/bulkRNAseq/FD_054_R1.fastq.gz --OUTPUT_PER_RG false --COMPRESS_OUTPUTS_PER_RG false --RG_TAG PU --RE_REVERSE true --INTERLEAVE false --INCLUDE_NON_PF_READS false --CLIPPING_MIN_LENGTH 0 --READ1_TRIM 0 --READ2_TRIM 0 --INCLUDE_NON_PRIMARY_ALIGNMENTS false --VERBOSITY INFO --QUIET false --VALIDATION_STRINGENCY STRICT --COMPRESSION_LEVEL 5 --MAX_RECORDS_IN_RAM 500000 --CREATE_INDEX false --CREATE_MD5_FILE false --help false --version false --showHidden false --USE_JDK_DEFLATER false --USE_JDK_INFLATER false
[Thu Apr 09 14:03:08 CEST 2026] Executing as fdeckert@d012 on Linux 4.18.0-553.5.1.el8_10.x86_64 amd64; OpenJDK 64-Bit Server VM 17.0.15+6; Deflater: Intel; Inflater: Intel; Provider GCS is not available; Picard version: Version:3.0.0
INFO	2026-04-09 14:03:19	SamToFastq	Processed     1,000,000 records.  Elapsed time: 00:00:10s.  Time for last 1,000,000:   10s.  Last read position: */*
[Thu Apr 09 14:03:26 CEST 2026] picard.sam.SamToFastq done. Elapsed time: 0.29 minutes.
Runtime.totalMemory()=2181038080
14:03:26.975 INFO  NativeLibraryLoader - Loading libgkl_compression.so from jar:file:/cm/shared/specific/apps/picard/3.0.0-Java-17/picard.jar!/com/intel/gkl/native/libgkl_compression.so
[Thu Apr 09 14:03:26 CEST 2026] SamToFastq --INPUT /nobackup/lab_bsf/samples/BSF_1609_H57CKDRX5/BSF_1609_H57CKDRX5_1_samples/BSF_1609_H57CKDRX5_1#FD_055_S148845.bam --FASTQ /nobackup/peer/fdeckert/FD20200109SPLENO/geo/bulkRNAseq/FD_055_R1.fastq.gz --OUTPUT_PER_RG false --COMPRESS_OUTPUTS_PER_RG false --RG_TAG PU --RE_REVERSE true --INTERLEAVE false --INCLUDE_NON_PF_READS false --CLIPPING_MIN_LENGTH 0 --READ1_TRIM 0 --READ2_TRIM 0 --INCLUDE_NON_PRIMARY_ALIGNMENTS false --VERBOSITY INFO --QUIET false --VALIDATION_STRINGENCY STRICT --COMPRESSION_LEVEL 5 --MAX_RECORDS_IN_RAM 500000 --CREATE_INDEX false --CREATE_MD5_FILE false --help false --version false --showHidden false --USE_JDK_DEFLATER false --USE_JDK_INFLATER false
[Thu Apr 09 14:03:26 CEST 2026] Executing as fdeckert@d012 on Linux 4.18.0-553.5.1.el8_10.x86_64 amd64; OpenJDK 64-Bit Server VM 17.0.15+6; Deflater: Intel; Inflater: Intel; Provider GCS is not available; Picard version: Version:3.0.0
INFO	2026-04-09 14:03:37	SamToFastq	Processed     1,000,000 records.  Elapsed time: 00:00:10s.  Time for last 1,000,000:   10s.  Last read position: */*
[Thu Apr 09 14:03:44 CEST 2026] picard.sam.SamToFastq done. Elapsed time: 0.29 minutes.
Runtime.totalMemory()=2181038080
14:03:45.031 INFO  NativeLibraryLoader - Loading libgkl_compression.so from jar:file:/cm/shared/specific/apps/picard/3.0.0-Java-17/picard.jar!/com/intel/gkl/native/libgkl_compression.so
[Thu Apr 09 14:03:45 CEST 2026] SamToFastq --INPUT /nobackup/lab_bsf/samples/BSF_1609_H57CKDRX5/BSF_1609_H57CKDRX5_1_samples/BSF_1609_H57CKDRX5_1#FD_056_S148844.bam --FASTQ /nobackup/peer/fdeckert/FD20200109SPLENO/geo/bulkRNAseq/FD_056_R1.fastq.gz --OUTPUT_PER_RG false --COMPRESS_OUTPUTS_PER_RG false --RG_TAG PU --RE_REVERSE true --INTERLEAVE false --INCLUDE_NON_PF_READS false --CLIPPING_MIN_LENGTH 0 --READ1_TRIM 0 --READ2_TRIM 0 --INCLUDE_NON_PRIMARY_ALIGNMENTS false --VERBOSITY INFO --QUIET false --VALIDATION_STRINGENCY STRICT --COMPRESSION_LEVEL 5 --MAX_RECORDS_IN_RAM 500000 --CREATE_INDEX false --CREATE_MD5_FILE false --help false --version false --showHidden false --USE_JDK_DEFLATER false --USE_JDK_INFLATER false
[Thu Apr 09 14:03:45 CEST 2026] Executing as fdeckert@d012 on Linux 4.18.0-553.5.1.el8_10.x86_64 amd64; OpenJDK 64-Bit Server VM 17.0.15+6; Deflater: Intel; Inflater: Intel; Provider GCS is not available; Picard version: Version:3.0.0
INFO	2026-04-09 14:03:55	SamToFastq	Processed     1,000,000 records.  Elapsed time: 00:00:10s.  Time for last 1,000,000:   10s.  Last read position: */*
[Thu Apr 09 14:03:59 CEST 2026] picard.sam.SamToFastq done. Elapsed time: 0.24 minutes.
Runtime.totalMemory()=2181038080
14:03:59.851 INFO  NativeLibraryLoader - Loading libgkl_compression.so from jar:file:/cm/shared/specific/apps/picard/3.0.0-Java-17/picard.jar!/com/intel/gkl/native/libgkl_compression.so
[Thu Apr 09 14:03:59 CEST 2026] SamToFastq --INPUT /nobackup/lab_bsf/samples/BSF_1609_H57CKDRX5/BSF_1609_H57CKDRX5_1_samples/BSF_1609_H57CKDRX5_1#FD_057_S148847.bam --FASTQ /nobackup/peer/fdeckert/FD20200109SPLENO/geo/bulkRNAseq/FD_057_R1.fastq.gz --OUTPUT_PER_RG false --COMPRESS_OUTPUTS_PER_RG false --RG_TAG PU --RE_REVERSE true --INTERLEAVE false --INCLUDE_NON_PF_READS false --CLIPPING_MIN_LENGTH 0 --READ1_TRIM 0 --READ2_TRIM 0 --INCLUDE_NON_PRIMARY_ALIGNMENTS false --VERBOSITY INFO --QUIET false --VALIDATION_STRINGENCY STRICT --COMPRESSION_LEVEL 5 --MAX_RECORDS_IN_RAM 500000 --CREATE_INDEX false --CREATE_MD5_FILE false --help false --version false --showHidden false --USE_JDK_DEFLATER false --USE_JDK_INFLATER false
[Thu Apr 09 14:03:59 CEST 2026] Executing as fdeckert@d012 on Linux 4.18.0-553.5.1.el8_10.x86_64 amd64; OpenJDK 64-Bit Server VM 17.0.15+6; Deflater: Intel; Inflater: Intel; Provider GCS is not available; Picard version: Version:3.0.0
INFO	2026-04-09 14:04:10	SamToFastq	Processed     1,000,000 records.  Elapsed time: 00:00:10s.  Time for last 1,000,000:   10s.  Last read position: */*
INFO	2026-04-09 14:04:20	SamToFastq	Processed     2,000,000 records.  Elapsed time: 00:00:20s.  Time for last 1,000,000:    9s.  Last read position: */*
[Thu Apr 09 14:04:21 CEST 2026] picard.sam.SamToFastq done. Elapsed time: 0.36 minutes.
Runtime.totalMemory()=2181038080
14:04:22.338 INFO  NativeLibraryLoader - Loading libgkl_compression.so from jar:file:/cm/shared/specific/apps/picard/3.0.0-Java-17/picard.jar!/com/intel/gkl/native/libgkl_compression.so
[Thu Apr 09 14:04:22 CEST 2026] SamToFastq --INPUT /nobackup/lab_bsf/samples/BSF_1609_H57CKDRX5/BSF_1609_H57CKDRX5_1_samples/BSF_1609_H57CKDRX5_1#FD_058_S148846.bam --FASTQ /nobackup/peer/fdeckert/FD20200109SPLENO/geo/bulkRNAseq/FD_058_R1.fastq.gz --OUTPUT_PER_RG false --COMPRESS_OUTPUTS_PER_RG false --RG_TAG PU --RE_REVERSE true --INTERLEAVE false --INCLUDE_NON_PF_READS false --CLIPPING_MIN_LENGTH 0 --READ1_TRIM 0 --READ2_TRIM 0 --INCLUDE_NON_PRIMARY_ALIGNMENTS false --VERBOSITY INFO --QUIET false --VALIDATION_STRINGENCY STRICT --COMPRESSION_LEVEL 5 --MAX_RECORDS_IN_RAM 500000 --CREATE_INDEX false --CREATE_MD5_FILE false --help false --version false --showHidden false --USE_JDK_DEFLATER false --USE_JDK_INFLATER false
[Thu Apr 09 14:04:22 CEST 2026] Executing as fdeckert@d012 on Linux 4.18.0-553.5.1.el8_10.x86_64 amd64; OpenJDK 64-Bit Server VM 17.0.15+6; Deflater: Intel; Inflater: Intel; Provider GCS is not available; Picard version: Version:3.0.0
INFO	2026-04-09 14:04:32	SamToFastq	Processed     1,000,000 records.  Elapsed time: 00:00:10s.  Time for last 1,000,000:   10s.  Last read position: */*
[Thu Apr 09 14:04:35 CEST 2026] picard.sam.SamToFastq done. Elapsed time: 0.22 minutes.
Runtime.totalMemory()=2181038080
14:04:36.392 INFO  NativeLibraryLoader - Loading libgkl_compression.so from jar:file:/cm/shared/specific/apps/picard/3.0.0-Java-17/picard.jar!/com/intel/gkl/native/libgkl_compression.so
[Thu Apr 09 14:04:36 CEST 2026] SamToFastq --INPUT /nobackup/lab_bsf/samples/BSF_1609_H57CKDRX5/BSF_1609_H57CKDRX5_1_samples/BSF_1609_H57CKDRX5_1#FD_059_S148849.bam --FASTQ /nobackup/peer/fdeckert/FD20200109SPLENO/geo/bulkRNAseq/FD_059_R1.fastq.gz --OUTPUT_PER_RG false --COMPRESS_OUTPUTS_PER_RG false --RG_TAG PU --RE_REVERSE true --INTERLEAVE false --INCLUDE_NON_PF_READS false --CLIPPING_MIN_LENGTH 0 --READ1_TRIM 0 --READ2_TRIM 0 --INCLUDE_NON_PRIMARY_ALIGNMENTS false --VERBOSITY INFO --QUIET false --VALIDATION_STRINGENCY STRICT --COMPRESSION_LEVEL 5 --MAX_RECORDS_IN_RAM 500000 --CREATE_INDEX false --CREATE_MD5_FILE false --help false --version false --showHidden false --USE_JDK_DEFLATER false --USE_JDK_INFLATER false
[Thu Apr 09 14:04:36 CEST 2026] Executing as fdeckert@d012 on Linux 4.18.0-553.5.1.el8_10.x86_64 amd64; OpenJDK 64-Bit Server VM 17.0.15+6; Deflater: Intel; Inflater: Intel; Provider GCS is not available; Picard version: Version:3.0.0
INFO	2026-04-09 14:04:46	SamToFastq	Processed     1,000,000 records.  Elapsed time: 00:00:10s.  Time for last 1,000,000:   10s.  Last read position: */*
[Thu Apr 09 14:04:55 CEST 2026] picard.sam.SamToFastq done. Elapsed time: 0.32 minutes.
Runtime.totalMemory()=2181038080
14:04:56.355 INFO  NativeLibraryLoader - Loading libgkl_compression.so from jar:file:/cm/shared/specific/apps/picard/3.0.0-Java-17/picard.jar!/com/intel/gkl/native/libgkl_compression.so
[Thu Apr 09 14:04:56 CEST 2026] SamToFastq --INPUT /nobackup/lab_bsf/samples/BSF_1609_H57CKDRX5/BSF_1609_H57CKDRX5_1_samples/BSF_1609_H57CKDRX5_1#FD_060_S148848.bam --FASTQ /nobackup/peer/fdeckert/FD20200109SPLENO/geo/bulkRNAseq/FD_060_R1.fastq.gz --OUTPUT_PER_RG false --COMPRESS_OUTPUTS_PER_RG false --RG_TAG PU --RE_REVERSE true --INTERLEAVE false --INCLUDE_NON_PF_READS false --CLIPPING_MIN_LENGTH 0 --READ1_TRIM 0 --READ2_TRIM 0 --INCLUDE_NON_PRIMARY_ALIGNMENTS false --VERBOSITY INFO --QUIET false --VALIDATION_STRINGENCY STRICT --COMPRESSION_LEVEL 5 --MAX_RECORDS_IN_RAM 500000 --CREATE_INDEX false --CREATE_MD5_FILE false --help false --version false --showHidden false --USE_JDK_DEFLATER false --USE_JDK_INFLATER false
[Thu Apr 09 14:04:56 CEST 2026] Executing as fdeckert@d012 on Linux 4.18.0-553.5.1.el8_10.x86_64 amd64; OpenJDK 64-Bit Server VM 17.0.15+6; Deflater: Intel; Inflater: Intel; Provider GCS is not available; Picard version: Version:3.0.0
INFO	2026-04-09 14:05:06	SamToFastq	Processed     1,000,000 records.  Elapsed time: 00:00:10s.  Time for last 1,000,000:   10s.  Last read position: */*
[Thu Apr 09 14:05:12 CEST 2026] picard.sam.SamToFastq done. Elapsed time: 0.26 minutes.
Runtime.totalMemory()=2181038080
14:05:12.696 INFO  NativeLibraryLoader - Loading libgkl_compression.so from jar:file:/cm/shared/specific/apps/picard/3.0.0-Java-17/picard.jar!/com/intel/gkl/native/libgkl_compression.so
[Thu Apr 09 14:05:12 CEST 2026] SamToFastq --INPUT /nobackup/lab_bsf/samples/BSF_1609_H57CKDRX5/BSF_1609_H57CKDRX5_1_samples/BSF_1609_H57CKDRX5_1#FD_061_S148851.bam --FASTQ /nobackup/peer/fdeckert/FD20200109SPLENO/geo/bulkRNAseq/FD_061_R1.fastq.gz --OUTPUT_PER_RG false --COMPRESS_OUTPUTS_PER_RG false --RG_TAG PU --RE_REVERSE true --INTERLEAVE false --INCLUDE_NON_PF_READS false --CLIPPING_MIN_LENGTH 0 --READ1_TRIM 0 --READ2_TRIM 0 --INCLUDE_NON_PRIMARY_ALIGNMENTS false --VERBOSITY INFO --QUIET false --VALIDATION_STRINGENCY STRICT --COMPRESSION_LEVEL 5 --MAX_RECORDS_IN_RAM 500000 --CREATE_INDEX false --CREATE_MD5_FILE false --help false --version false --showHidden false --USE_JDK_DEFLATER false --USE_JDK_INFLATER false
[Thu Apr 09 14:05:12 CEST 2026] Executing as fdeckert@d012 on Linux 4.18.0-553.5.1.el8_10.x86_64 amd64; OpenJDK 64-Bit Server VM 17.0.15+6; Deflater: Intel; Inflater: Intel; Provider GCS is not available; Picard version: Version:3.0.0
INFO	2026-04-09 14:05:23	SamToFastq	Processed     1,000,000 records.  Elapsed time: 00:00:10s.  Time for last 1,000,000:   10s.  Last read position: */*
[Thu Apr 09 14:05:29 CEST 2026] picard.sam.SamToFastq done. Elapsed time: 0.28 minutes.
Runtime.totalMemory()=2181038080
14:05:30.243 INFO  NativeLibraryLoader - Loading libgkl_compression.so from jar:file:/cm/shared/specific/apps/picard/3.0.0-Java-17/picard.jar!/com/intel/gkl/native/libgkl_compression.so
[Thu Apr 09 14:05:30 CEST 2026] SamToFastq --INPUT /nobackup/lab_bsf/samples/BSF_1609_H57CKDRX5/BSF_1609_H57CKDRX5_1_samples/BSF_1609_H57CKDRX5_1#FD_062_S148850.bam --FASTQ /nobackup/peer/fdeckert/FD20200109SPLENO/geo/bulkRNAseq/FD_062_R1.fastq.gz --OUTPUT_PER_RG false --COMPRESS_OUTPUTS_PER_RG false --RG_TAG PU --RE_REVERSE true --INTERLEAVE false --INCLUDE_NON_PF_READS false --CLIPPING_MIN_LENGTH 0 --READ1_TRIM 0 --READ2_TRIM 0 --INCLUDE_NON_PRIMARY_ALIGNMENTS false --VERBOSITY INFO --QUIET false --VALIDATION_STRINGENCY STRICT --COMPRESSION_LEVEL 5 --MAX_RECORDS_IN_RAM 500000 --CREATE_INDEX false --CREATE_MD5_FILE false --help false --version false --showHidden false --USE_JDK_DEFLATER false --USE_JDK_INFLATER false
[Thu Apr 09 14:05:30 CEST 2026] Executing as fdeckert@d012 on Linux 4.18.0-553.5.1.el8_10.x86_64 amd64; OpenJDK 64-Bit Server VM 17.0.15+6; Deflater: Intel; Inflater: Intel; Provider GCS is not available; Picard version: Version:3.0.0
INFO	2026-04-09 14:05:40	SamToFastq	Processed     1,000,000 records.  Elapsed time: 00:00:10s.  Time for last 1,000,000:   10s.  Last read position: */*
[Thu Apr 09 14:05:47 CEST 2026] picard.sam.SamToFastq done. Elapsed time: 0.29 minutes.
Runtime.totalMemory()=2181038080
14:05:47.926 INFO  NativeLibraryLoader - Loading libgkl_compression.so from jar:file:/cm/shared/specific/apps/picard/3.0.0-Java-17/picard.jar!/com/intel/gkl/native/libgkl_compression.so
[Thu Apr 09 14:05:47 CEST 2026] SamToFastq --INPUT /nobackup/lab_bsf/samples/BSF_1609_H57CKDRX5/BSF_1609_H57CKDRX5_1_samples/BSF_1609_H57CKDRX5_1#FD_063_S148853.bam --FASTQ /nobackup/peer/fdeckert/FD20200109SPLENO/geo/bulkRNAseq/FD_063_R1.fastq.gz --OUTPUT_PER_RG false --COMPRESS_OUTPUTS_PER_RG false --RG_TAG PU --RE_REVERSE true --INTERLEAVE false --INCLUDE_NON_PF_READS false --CLIPPING_MIN_LENGTH 0 --READ1_TRIM 0 --READ2_TRIM 0 --INCLUDE_NON_PRIMARY_ALIGNMENTS false --VERBOSITY INFO --QUIET false --VALIDATION_STRINGENCY STRICT --COMPRESSION_LEVEL 5 --MAX_RECORDS_IN_RAM 500000 --CREATE_INDEX false --CREATE_MD5_FILE false --help false --version false --showHidden false --USE_JDK_DEFLATER false --USE_JDK_INFLATER false
[Thu Apr 09 14:05:47 CEST 2026] Executing as fdeckert@d012 on Linux 4.18.0-553.5.1.el8_10.x86_64 amd64; OpenJDK 64-Bit Server VM 17.0.15+6; Deflater: Intel; Inflater: Intel; Provider GCS is not available; Picard version: Version:3.0.0
INFO	2026-04-09 14:05:58	SamToFastq	Processed     1,000,000 records.  Elapsed time: 00:00:10s.  Time for last 1,000,000:   10s.  Last read position: */*
[Thu Apr 09 14:06:01 CEST 2026] picard.sam.SamToFastq done. Elapsed time: 0.23 minutes.
Runtime.totalMemory()=2181038080
14:06:02.243 INFO  NativeLibraryLoader - Loading libgkl_compression.so from jar:file:/cm/shared/specific/apps/picard/3.0.0-Java-17/picard.jar!/com/intel/gkl/native/libgkl_compression.so
[Thu Apr 09 14:06:02 CEST 2026] SamToFastq --INPUT /nobackup/lab_bsf/samples/BSF_1609_H57CKDRX5/BSF_1609_H57CKDRX5_1_samples/BSF_1609_H57CKDRX5_1#FD_064_S148858.bam --FASTQ /nobackup/peer/fdeckert/FD20200109SPLENO/geo/bulkRNAseq/FD_064_R1.fastq.gz --OUTPUT_PER_RG false --COMPRESS_OUTPUTS_PER_RG false --RG_TAG PU --RE_REVERSE true --INTERLEAVE false --INCLUDE_NON_PF_READS false --CLIPPING_MIN_LENGTH 0 --READ1_TRIM 0 --READ2_TRIM 0 --INCLUDE_NON_PRIMARY_ALIGNMENTS false --VERBOSITY INFO --QUIET false --VALIDATION_STRINGENCY STRICT --COMPRESSION_LEVEL 5 --MAX_RECORDS_IN_RAM 500000 --CREATE_INDEX false --CREATE_MD5_FILE false --help false --version false --showHidden false --USE_JDK_DEFLATER false --USE_JDK_INFLATER false
[Thu Apr 09 14:06:02 CEST 2026] Executing as fdeckert@d012 on Linux 4.18.0-553.5.1.el8_10.x86_64 amd64; OpenJDK 64-Bit Server VM 17.0.15+6; Deflater: Intel; Inflater: Intel; Provider GCS is not available; Picard version: Version:3.0.0
INFO	2026-04-09 14:06:12	SamToFastq	Processed     1,000,000 records.  Elapsed time: 00:00:10s.  Time for last 1,000,000:   10s.  Last read position: */*
[Thu Apr 09 14:06:13 CEST 2026] picard.sam.SamToFastq done. Elapsed time: 0.18 minutes.
Runtime.totalMemory()=2181038080
14:06:13.708 INFO  NativeLibraryLoader - Loading libgkl_compression.so from jar:file:/cm/shared/specific/apps/picard/3.0.0-Java-17/picard.jar!/com/intel/gkl/native/libgkl_compression.so
[Thu Apr 09 14:06:13 CEST 2026] SamToFastq --INPUT /nobackup/lab_bsf/samples/BSF_1609_H57CKDRX5/BSF_1609_H57CKDRX5_1_samples/BSF_1609_H57CKDRX5_1#FD_065_S148861.bam --FASTQ /nobackup/peer/fdeckert/FD20200109SPLENO/geo/bulkRNAseq/FD_065_R1.fastq.gz --OUTPUT_PER_RG false --COMPRESS_OUTPUTS_PER_RG false --RG_TAG PU --RE_REVERSE true --INTERLEAVE false --INCLUDE_NON_PF_READS false --CLIPPING_MIN_LENGTH 0 --READ1_TRIM 0 --READ2_TRIM 0 --INCLUDE_NON_PRIMARY_ALIGNMENTS false --VERBOSITY INFO --QUIET false --VALIDATION_STRINGENCY STRICT --COMPRESSION_LEVEL 5 --MAX_RECORDS_IN_RAM 500000 --CREATE_INDEX false --CREATE_MD5_FILE false --help false --version false --showHidden false --USE_JDK_DEFLATER false --USE_JDK_INFLATER false
[Thu Apr 09 14:06:13 CEST 2026] Executing as fdeckert@d012 on Linux 4.18.0-553.5.1.el8_10.x86_64 amd64; OpenJDK 64-Bit Server VM 17.0.15+6; Deflater: Intel; Inflater: Intel; Provider GCS is not available; Picard version: Version:3.0.0
INFO	2026-04-09 14:06:24	SamToFastq	Processed     1,000,000 records.  Elapsed time: 00:00:10s.  Time for last 1,000,000:   10s.  Last read position: */*
[Thu Apr 09 14:06:32 CEST 2026] picard.sam.SamToFastq done. Elapsed time: 0.31 minutes.
Runtime.totalMemory()=2181038080
14:06:32.630 INFO  NativeLibraryLoader - Loading libgkl_compression.so from jar:file:/cm/shared/specific/apps/picard/3.0.0-Java-17/picard.jar!/com/intel/gkl/native/libgkl_compression.so
[Thu Apr 09 14:06:32 CEST 2026] SamToFastq --INPUT /nobackup/lab_bsf/samples/BSF_1609_H57CKDRX5/BSF_1609_H57CKDRX5_1_samples/BSF_1609_H57CKDRX5_1#FD_066_S148860.bam --FASTQ /nobackup/peer/fdeckert/FD20200109SPLENO/geo/bulkRNAseq/FD_066_R1.fastq.gz --OUTPUT_PER_RG false --COMPRESS_OUTPUTS_PER_RG false --RG_TAG PU --RE_REVERSE true --INTERLEAVE false --INCLUDE_NON_PF_READS false --CLIPPING_MIN_LENGTH 0 --READ1_TRIM 0 --READ2_TRIM 0 --INCLUDE_NON_PRIMARY_ALIGNMENTS false --VERBOSITY INFO --QUIET false --VALIDATION_STRINGENCY STRICT --COMPRESSION_LEVEL 5 --MAX_RECORDS_IN_RAM 500000 --CREATE_INDEX false --CREATE_MD5_FILE false --help false --version false --showHidden false --USE_JDK_DEFLATER false --USE_JDK_INFLATER false
[Thu Apr 09 14:06:32 CEST 2026] Executing as fdeckert@d012 on Linux 4.18.0-553.5.1.el8_10.x86_64 amd64; OpenJDK 64-Bit Server VM 17.0.15+6; Deflater: Intel; Inflater: Intel; Provider GCS is not available; Picard version: Version:3.0.0
INFO	2026-04-09 14:06:42	SamToFastq	Processed     1,000,000 records.  Elapsed time: 00:00:10s.  Time for last 1,000,000:   10s.  Last read position: */*
[Thu Apr 09 14:06:51 CEST 2026] picard.sam.SamToFastq done. Elapsed time: 0.31 minutes.
Runtime.totalMemory()=2181038080
14:06:52.035 INFO  NativeLibraryLoader - Loading libgkl_compression.so from jar:file:/cm/shared/specific/apps/picard/3.0.0-Java-17/picard.jar!/com/intel/gkl/native/libgkl_compression.so
[Thu Apr 09 14:06:52 CEST 2026] SamToFastq --INPUT /nobackup/lab_bsf/samples/BSF_1609_H57CKDRX5/BSF_1609_H57CKDRX5_1_samples/BSF_1609_H57CKDRX5_1#FD_067_S148863.bam --FASTQ /nobackup/peer/fdeckert/FD20200109SPLENO/geo/bulkRNAseq/FD_067_R1.fastq.gz --OUTPUT_PER_RG false --COMPRESS_OUTPUTS_PER_RG false --RG_TAG PU --RE_REVERSE true --INTERLEAVE false --INCLUDE_NON_PF_READS false --CLIPPING_MIN_LENGTH 0 --READ1_TRIM 0 --READ2_TRIM 0 --INCLUDE_NON_PRIMARY_ALIGNMENTS false --VERBOSITY INFO --QUIET false --VALIDATION_STRINGENCY STRICT --COMPRESSION_LEVEL 5 --MAX_RECORDS_IN_RAM 500000 --CREATE_INDEX false --CREATE_MD5_FILE false --help false --version false --showHidden false --USE_JDK_DEFLATER false --USE_JDK_INFLATER false
[Thu Apr 09 14:06:52 CEST 2026] Executing as fdeckert@d012 on Linux 4.18.0-553.5.1.el8_10.x86_64 amd64; OpenJDK 64-Bit Server VM 17.0.15+6; Deflater: Intel; Inflater: Intel; Provider GCS is not available; Picard version: Version:3.0.0
INFO	2026-04-09 14:07:02	SamToFastq	Processed     1,000,000 records.  Elapsed time: 00:00:10s.  Time for last 1,000,000:   10s.  Last read position: */*
[Thu Apr 09 14:07:10 CEST 2026] picard.sam.SamToFastq done. Elapsed time: 0.31 minutes.
Runtime.totalMemory()=2181038080
14:07:11.248 INFO  NativeLibraryLoader - Loading libgkl_compression.so from jar:file:/cm/shared/specific/apps/picard/3.0.0-Java-17/picard.jar!/com/intel/gkl/native/libgkl_compression.so
[Thu Apr 09 14:07:11 CEST 2026] SamToFastq --INPUT /nobackup/lab_bsf/samples/BSF_1609_H57CKDRX5/BSF_1609_H57CKDRX5_1_samples/BSF_1609_H57CKDRX5_1#FD_068_S148862.bam --FASTQ /nobackup/peer/fdeckert/FD20200109SPLENO/geo/bulkRNAseq/FD_068_R1.fastq.gz --OUTPUT_PER_RG false --COMPRESS_OUTPUTS_PER_RG false --RG_TAG PU --RE_REVERSE true --INTERLEAVE false --INCLUDE_NON_PF_READS false --CLIPPING_MIN_LENGTH 0 --READ1_TRIM 0 --READ2_TRIM 0 --INCLUDE_NON_PRIMARY_ALIGNMENTS false --VERBOSITY INFO --QUIET false --VALIDATION_STRINGENCY STRICT --COMPRESSION_LEVEL 5 --MAX_RECORDS_IN_RAM 500000 --CREATE_INDEX false --CREATE_MD5_FILE false --help false --version false --showHidden false --USE_JDK_DEFLATER false --USE_JDK_INFLATER false
[Thu Apr 09 14:07:11 CEST 2026] Executing as fdeckert@d012 on Linux 4.18.0-553.5.1.el8_10.x86_64 amd64; OpenJDK 64-Bit Server VM 17.0.15+6; Deflater: Intel; Inflater: Intel; Provider GCS is not available; Picard version: Version:3.0.0
INFO	2026-04-09 14:07:21	SamToFastq	Processed     1,000,000 records.  Elapsed time: 00:00:10s.  Time for last 1,000,000:   10s.  Last read position: */*
[Thu Apr 09 14:07:28 CEST 2026] picard.sam.SamToFastq done. Elapsed time: 0.29 minutes.
Runtime.totalMemory()=2181038080
14:07:29.492 INFO  NativeLibraryLoader - Loading libgkl_compression.so from jar:file:/cm/shared/specific/apps/picard/3.0.0-Java-17/picard.jar!/com/intel/gkl/native/libgkl_compression.so
[Thu Apr 09 14:07:29 CEST 2026] SamToFastq --INPUT /nobackup/lab_bsf/samples/BSF_1609_H57CKDRX5/BSF_1609_H57CKDRX5_1_samples/BSF_1609_H57CKDRX5_1#FD_069_S148865.bam --FASTQ /nobackup/peer/fdeckert/FD20200109SPLENO/geo/bulkRNAseq/FD_069_R1.fastq.gz --OUTPUT_PER_RG false --COMPRESS_OUTPUTS_PER_RG false --RG_TAG PU --RE_REVERSE true --INTERLEAVE false --INCLUDE_NON_PF_READS false --CLIPPING_MIN_LENGTH 0 --READ1_TRIM 0 --READ2_TRIM 0 --INCLUDE_NON_PRIMARY_ALIGNMENTS false --VERBOSITY INFO --QUIET false --VALIDATION_STRINGENCY STRICT --COMPRESSION_LEVEL 5 --MAX_RECORDS_IN_RAM 500000 --CREATE_INDEX false --CREATE_MD5_FILE false --help false --version false --showHidden false --USE_JDK_DEFLATER false --USE_JDK_INFLATER false
[Thu Apr 09 14:07:29 CEST 2026] Executing as fdeckert@d012 on Linux 4.18.0-553.5.1.el8_10.x86_64 amd64; OpenJDK 64-Bit Server VM 17.0.15+6; Deflater: Intel; Inflater: Intel; Provider GCS is not available; Picard version: Version:3.0.0
INFO	2026-04-09 14:07:39	SamToFastq	Processed     1,000,000 records.  Elapsed time: 00:00:10s.  Time for last 1,000,000:   10s.  Last read position: */*
INFO	2026-04-09 14:07:49	SamToFastq	Processed     2,000,000 records.  Elapsed time: 00:00:20s.  Time for last 1,000,000:    9s.  Last read position: */*
[Thu Apr 09 14:07:50 CEST 2026] picard.sam.SamToFastq done. Elapsed time: 0.35 minutes.
Runtime.totalMemory()=2181038080
14:07:50.777 INFO  NativeLibraryLoader - Loading libgkl_compression.so from jar:file:/cm/shared/specific/apps/picard/3.0.0-Java-17/picard.jar!/com/intel/gkl/native/libgkl_compression.so
[Thu Apr 09 14:07:50 CEST 2026] SamToFastq --INPUT /nobackup/lab_bsf/samples/BSF_1609_H57CKDRX5/BSF_1609_H57CKDRX5_1_samples/BSF_1609_H57CKDRX5_1#FD_070_S148864.bam --FASTQ /nobackup/peer/fdeckert/FD20200109SPLENO/geo/bulkRNAseq/FD_070_R1.fastq.gz --OUTPUT_PER_RG false --COMPRESS_OUTPUTS_PER_RG false --RG_TAG PU --RE_REVERSE true --INTERLEAVE false --INCLUDE_NON_PF_READS false --CLIPPING_MIN_LENGTH 0 --READ1_TRIM 0 --READ2_TRIM 0 --INCLUDE_NON_PRIMARY_ALIGNMENTS false --VERBOSITY INFO --QUIET false --VALIDATION_STRINGENCY STRICT --COMPRESSION_LEVEL 5 --MAX_RECORDS_IN_RAM 500000 --CREATE_INDEX false --CREATE_MD5_FILE false --help false --version false --showHidden false --USE_JDK_DEFLATER false --USE_JDK_INFLATER false
[Thu Apr 09 14:07:50 CEST 2026] Executing as fdeckert@d012 on Linux 4.18.0-553.5.1.el8_10.x86_64 amd64; OpenJDK 64-Bit Server VM 17.0.15+6; Deflater: Intel; Inflater: Intel; Provider GCS is not available; Picard version: Version:3.0.0
INFO	2026-04-09 14:08:01	SamToFastq	Processed     1,000,000 records.  Elapsed time: 00:00:10s.  Time for last 1,000,000:   10s.  Last read position: */*
[Thu Apr 09 14:08:06 CEST 2026] picard.sam.SamToFastq done. Elapsed time: 0.25 minutes.
Runtime.totalMemory()=2181038080
14:08:06.630 INFO  NativeLibraryLoader - Loading libgkl_compression.so from jar:file:/cm/shared/specific/apps/picard/3.0.0-Java-17/picard.jar!/com/intel/gkl/native/libgkl_compression.so
[Thu Apr 09 14:08:06 CEST 2026] SamToFastq --INPUT /nobackup/lab_bsf/samples/BSF_1609_H57CKDRX5/BSF_1609_H57CKDRX5_1_samples/BSF_1609_H57CKDRX5_1#FD_071_S148867.bam --FASTQ /nobackup/peer/fdeckert/FD20200109SPLENO/geo/bulkRNAseq/FD_071_R1.fastq.gz --OUTPUT_PER_RG false --COMPRESS_OUTPUTS_PER_RG false --RG_TAG PU --RE_REVERSE true --INTERLEAVE false --INCLUDE_NON_PF_READS false --CLIPPING_MIN_LENGTH 0 --READ1_TRIM 0 --READ2_TRIM 0 --INCLUDE_NON_PRIMARY_ALIGNMENTS false --VERBOSITY INFO --QUIET false --VALIDATION_STRINGENCY STRICT --COMPRESSION_LEVEL 5 --MAX_RECORDS_IN_RAM 500000 --CREATE_INDEX false --CREATE_MD5_FILE false --help false --version false --showHidden false --USE_JDK_DEFLATER false --USE_JDK_INFLATER false
[Thu Apr 09 14:08:06 CEST 2026] Executing as fdeckert@d012 on Linux 4.18.0-553.5.1.el8_10.x86_64 amd64; OpenJDK 64-Bit Server VM 17.0.15+6; Deflater: Intel; Inflater: Intel; Provider GCS is not available; Picard version: Version:3.0.0
INFO	2026-04-09 14:08:17	SamToFastq	Processed     1,000,000 records.  Elapsed time: 00:00:10s.  Time for last 1,000,000:   10s.  Last read position: */*
[Thu Apr 09 14:08:24 CEST 2026] picard.sam.SamToFastq done. Elapsed time: 0.29 minutes.
Runtime.totalMemory()=2181038080
14:08:24.711 INFO  NativeLibraryLoader - Loading libgkl_compression.so from jar:file:/cm/shared/specific/apps/picard/3.0.0-Java-17/picard.jar!/com/intel/gkl/native/libgkl_compression.so
[Thu Apr 09 14:08:24 CEST 2026] SamToFastq --INPUT /nobackup/lab_bsf/samples/BSF_1609_H57CKDRX5/BSF_1609_H57CKDRX5_1_samples/BSF_1609_H57CKDRX5_1#FD_072_S148866.bam --FASTQ /nobackup/peer/fdeckert/FD20200109SPLENO/geo/bulkRNAseq/FD_072_R1.fastq.gz --OUTPUT_PER_RG false --COMPRESS_OUTPUTS_PER_RG false --RG_TAG PU --RE_REVERSE true --INTERLEAVE false --INCLUDE_NON_PF_READS false --CLIPPING_MIN_LENGTH 0 --READ1_TRIM 0 --READ2_TRIM 0 --INCLUDE_NON_PRIMARY_ALIGNMENTS false --VERBOSITY INFO --QUIET false --VALIDATION_STRINGENCY STRICT --COMPRESSION_LEVEL 5 --MAX_RECORDS_IN_RAM 500000 --CREATE_INDEX false --CREATE_MD5_FILE false --help false --version false --showHidden false --USE_JDK_DEFLATER false --USE_JDK_INFLATER false
[Thu Apr 09 14:08:24 CEST 2026] Executing as fdeckert@d012 on Linux 4.18.0-553.5.1.el8_10.x86_64 amd64; OpenJDK 64-Bit Server VM 17.0.15+6; Deflater: Intel; Inflater: Intel; Provider GCS is not available; Picard version: Version:3.0.0
INFO	2026-04-09 14:08:35	SamToFastq	Processed     1,000,000 records.  Elapsed time: 00:00:10s.  Time for last 1,000,000:   10s.  Last read position: */*
[Thu Apr 09 14:08:39 CEST 2026] picard.sam.SamToFastq done. Elapsed time: 0.25 minutes.
Runtime.totalMemory()=2181038080
14:08:40.021 INFO  NativeLibraryLoader - Loading libgkl_compression.so from jar:file:/cm/shared/specific/apps/picard/3.0.0-Java-17/picard.jar!/com/intel/gkl/native/libgkl_compression.so
[Thu Apr 09 14:08:40 CEST 2026] SamToFastq --INPUT /nobackup/lab_bsf/samples/BSF_1609_H57CKDRX5/BSF_1609_H57CKDRX5_1_samples/BSF_1609_H57CKDRX5_1#FD_073_S148869.bam --FASTQ /nobackup/peer/fdeckert/FD20200109SPLENO/geo/bulkRNAseq/FD_073_R1.fastq.gz --OUTPUT_PER_RG false --COMPRESS_OUTPUTS_PER_RG false --RG_TAG PU --RE_REVERSE true --INTERLEAVE false --INCLUDE_NON_PF_READS false --CLIPPING_MIN_LENGTH 0 --READ1_TRIM 0 --READ2_TRIM 0 --INCLUDE_NON_PRIMARY_ALIGNMENTS false --VERBOSITY INFO --QUIET false --VALIDATION_STRINGENCY STRICT --COMPRESSION_LEVEL 5 --MAX_RECORDS_IN_RAM 500000 --CREATE_INDEX false --CREATE_MD5_FILE false --help false --version false --showHidden false --USE_JDK_DEFLATER false --USE_JDK_INFLATER false
[Thu Apr 09 14:08:40 CEST 2026] Executing as fdeckert@d012 on Linux 4.18.0-553.5.1.el8_10.x86_64 amd64; OpenJDK 64-Bit Server VM 17.0.15+6; Deflater: Intel; Inflater: Intel; Provider GCS is not available; Picard version: Version:3.0.0
INFO	2026-04-09 14:08:50	SamToFastq	Processed     1,000,000 records.  Elapsed time: 00:00:10s.  Time for last 1,000,000:   10s.  Last read position: */*
[Thu Apr 09 14:08:57 CEST 2026] picard.sam.SamToFastq done. Elapsed time: 0.29 minutes.
Runtime.totalMemory()=2181038080
14:08:58.105 INFO  NativeLibraryLoader - Loading libgkl_compression.so from jar:file:/cm/shared/specific/apps/picard/3.0.0-Java-17/picard.jar!/com/intel/gkl/native/libgkl_compression.so
[Thu Apr 09 14:08:58 CEST 2026] SamToFastq --INPUT /nobackup/lab_bsf/samples/BSF_1609_H57CKDRX5/BSF_1609_H57CKDRX5_1_samples/BSF_1609_H57CKDRX5_1#FD_074_S148868.bam --FASTQ /nobackup/peer/fdeckert/FD20200109SPLENO/geo/bulkRNAseq/FD_074_R1.fastq.gz --OUTPUT_PER_RG false --COMPRESS_OUTPUTS_PER_RG false --RG_TAG PU --RE_REVERSE true --INTERLEAVE false --INCLUDE_NON_PF_READS false --CLIPPING_MIN_LENGTH 0 --READ1_TRIM 0 --READ2_TRIM 0 --INCLUDE_NON_PRIMARY_ALIGNMENTS false --VERBOSITY INFO --QUIET false --VALIDATION_STRINGENCY STRICT --COMPRESSION_LEVEL 5 --MAX_RECORDS_IN_RAM 500000 --CREATE_INDEX false --CREATE_MD5_FILE false --help false --version false --showHidden false --USE_JDK_DEFLATER false --USE_JDK_INFLATER false
[Thu Apr 09 14:08:58 CEST 2026] Executing as fdeckert@d012 on Linux 4.18.0-553.5.1.el8_10.x86_64 amd64; OpenJDK 64-Bit Server VM 17.0.15+6; Deflater: Intel; Inflater: Intel; Provider GCS is not available; Picard version: Version:3.0.0
INFO	2026-04-09 14:09:08	SamToFastq	Processed     1,000,000 records.  Elapsed time: 00:00:10s.  Time for last 1,000,000:   10s.  Last read position: */*
[Thu Apr 09 14:09:10 CEST 2026] picard.sam.SamToFastq done. Elapsed time: 0.21 minutes.
Runtime.totalMemory()=2181038080
14:09:11.559 INFO  NativeLibraryLoader - Loading libgkl_compression.so from jar:file:/cm/shared/specific/apps/picard/3.0.0-Java-17/picard.jar!/com/intel/gkl/native/libgkl_compression.so
[Thu Apr 09 14:09:11 CEST 2026] SamToFastq --INPUT /nobackup/lab_bsf/samples/BSF_1609_H57CKDRX5/BSF_1609_H57CKDRX5_1_samples/BSF_1609_H57CKDRX5_1#FD_075_S148871.bam --FASTQ /nobackup/peer/fdeckert/FD20200109SPLENO/geo/bulkRNAseq/FD_075_R1.fastq.gz --OUTPUT_PER_RG false --COMPRESS_OUTPUTS_PER_RG false --RG_TAG PU --RE_REVERSE true --INTERLEAVE false --INCLUDE_NON_PF_READS false --CLIPPING_MIN_LENGTH 0 --READ1_TRIM 0 --READ2_TRIM 0 --INCLUDE_NON_PRIMARY_ALIGNMENTS false --VERBOSITY INFO --QUIET false --VALIDATION_STRINGENCY STRICT --COMPRESSION_LEVEL 5 --MAX_RECORDS_IN_RAM 500000 --CREATE_INDEX false --CREATE_MD5_FILE false --help false --version false --showHidden false --USE_JDK_DEFLATER false --USE_JDK_INFLATER false
[Thu Apr 09 14:09:11 CEST 2026] Executing as fdeckert@d012 on Linux 4.18.0-553.5.1.el8_10.x86_64 amd64; OpenJDK 64-Bit Server VM 17.0.15+6; Deflater: Intel; Inflater: Intel; Provider GCS is not available; Picard version: Version:3.0.0
INFO	2026-04-09 14:09:21	SamToFastq	Processed     1,000,000 records.  Elapsed time: 00:00:10s.  Time for last 1,000,000:   10s.  Last read position: */*
[Thu Apr 09 14:09:30 CEST 2026] picard.sam.SamToFastq done. Elapsed time: 0.31 minutes.
Runtime.totalMemory()=2181038080
14:09:30.652 INFO  NativeLibraryLoader - Loading libgkl_compression.so from jar:file:/cm/shared/specific/apps/picard/3.0.0-Java-17/picard.jar!/com/intel/gkl/native/libgkl_compression.so
[Thu Apr 09 14:09:30 CEST 2026] SamToFastq --INPUT /nobackup/lab_bsf/samples/BSF_1609_H57CKDRX5/BSF_1609_H57CKDRX5_1_samples/BSF_1609_H57CKDRX5_1#FD_076_S148870.bam --FASTQ /nobackup/peer/fdeckert/FD20200109SPLENO/geo/bulkRNAseq/FD_076_R1.fastq.gz --OUTPUT_PER_RG false --COMPRESS_OUTPUTS_PER_RG false --RG_TAG PU --RE_REVERSE true --INTERLEAVE false --INCLUDE_NON_PF_READS false --CLIPPING_MIN_LENGTH 0 --READ1_TRIM 0 --READ2_TRIM 0 --INCLUDE_NON_PRIMARY_ALIGNMENTS false --VERBOSITY INFO --QUIET false --VALIDATION_STRINGENCY STRICT --COMPRESSION_LEVEL 5 --MAX_RECORDS_IN_RAM 500000 --CREATE_INDEX false --CREATE_MD5_FILE false --help false --version false --showHidden false --USE_JDK_DEFLATER false --USE_JDK_INFLATER false
[Thu Apr 09 14:09:30 CEST 2026] Executing as fdeckert@d012 on Linux 4.18.0-553.5.1.el8_10.x86_64 amd64; OpenJDK 64-Bit Server VM 17.0.15+6; Deflater: Intel; Inflater: Intel; Provider GCS is not available; Picard version: Version:3.0.0
INFO	2026-04-09 14:09:41	SamToFastq	Processed     1,000,000 records.  Elapsed time: 00:00:10s.  Time for last 1,000,000:   10s.  Last read position: */*
INFO	2026-04-09 14:09:51	SamToFastq	Processed     2,000,000 records.  Elapsed time: 00:00:20s.  Time for last 1,000,000:   10s.  Last read position: */*
[Thu Apr 09 14:09:56 CEST 2026] picard.sam.SamToFastq done. Elapsed time: 0.43 minutes.
Runtime.totalMemory()=2181038080
14:09:57.211 INFO  NativeLibraryLoader - Loading libgkl_compression.so from jar:file:/cm/shared/specific/apps/picard/3.0.0-Java-17/picard.jar!/com/intel/gkl/native/libgkl_compression.so
[Thu Apr 09 14:09:57 CEST 2026] SamToFastq --INPUT /nobackup/lab_bsf/samples/BSF_1609_H57CKDRX5/BSF_1609_H57CKDRX5_1_samples/BSF_1609_H57CKDRX5_1#FD_077_S148873.bam --FASTQ /nobackup/peer/fdeckert/FD20200109SPLENO/geo/bulkRNAseq/FD_077_R1.fastq.gz --OUTPUT_PER_RG false --COMPRESS_OUTPUTS_PER_RG false --RG_TAG PU --RE_REVERSE true --INTERLEAVE false --INCLUDE_NON_PF_READS false --CLIPPING_MIN_LENGTH 0 --READ1_TRIM 0 --READ2_TRIM 0 --INCLUDE_NON_PRIMARY_ALIGNMENTS false --VERBOSITY INFO --QUIET false --VALIDATION_STRINGENCY STRICT --COMPRESSION_LEVEL 5 --MAX_RECORDS_IN_RAM 500000 --CREATE_INDEX false --CREATE_MD5_FILE false --help false --version false --showHidden false --USE_JDK_DEFLATER false --USE_JDK_INFLATER false
[Thu Apr 09 14:09:57 CEST 2026] Executing as fdeckert@d012 on Linux 4.18.0-553.5.1.el8_10.x86_64 amd64; OpenJDK 64-Bit Server VM 17.0.15+6; Deflater: Intel; Inflater: Intel; Provider GCS is not available; Picard version: Version:3.0.0
INFO	2026-04-09 14:10:07	SamToFastq	Processed     1,000,000 records.  Elapsed time: 00:00:10s.  Time for last 1,000,000:   10s.  Last read position: */*
[Thu Apr 09 14:10:14 CEST 2026] picard.sam.SamToFastq done. Elapsed time: 0.29 minutes.
Runtime.totalMemory()=2181038080
14:10:14.959 INFO  NativeLibraryLoader - Loading libgkl_compression.so from jar:file:/cm/shared/specific/apps/picard/3.0.0-Java-17/picard.jar!/com/intel/gkl/native/libgkl_compression.so
[Thu Apr 09 14:10:14 CEST 2026] SamToFastq --INPUT /nobackup/lab_bsf/samples/BSF_1609_H57CKDRX5/BSF_1609_H57CKDRX5_1_samples/BSF_1609_H57CKDRX5_1#FD_078_S148872.bam --FASTQ /nobackup/peer/fdeckert/FD20200109SPLENO/geo/bulkRNAseq/FD_078_R1.fastq.gz --OUTPUT_PER_RG false --COMPRESS_OUTPUTS_PER_RG false --RG_TAG PU --RE_REVERSE true --INTERLEAVE false --INCLUDE_NON_PF_READS false --CLIPPING_MIN_LENGTH 0 --READ1_TRIM 0 --READ2_TRIM 0 --INCLUDE_NON_PRIMARY_ALIGNMENTS false --VERBOSITY INFO --QUIET false --VALIDATION_STRINGENCY STRICT --COMPRESSION_LEVEL 5 --MAX_RECORDS_IN_RAM 500000 --CREATE_INDEX false --CREATE_MD5_FILE false --help false --version false --showHidden false --USE_JDK_DEFLATER false --USE_JDK_INFLATER false
[Thu Apr 09 14:10:14 CEST 2026] Executing as fdeckert@d012 on Linux 4.18.0-553.5.1.el8_10.x86_64 amd64; OpenJDK 64-Bit Server VM 17.0.15+6; Deflater: Intel; Inflater: Intel; Provider GCS is not available; Picard version: Version:3.0.0
INFO	2026-04-09 14:10:25	SamToFastq	Processed     1,000,000 records.  Elapsed time: 00:00:10s.  Time for last 1,000,000:   10s.  Last read position: */*
[Thu Apr 09 14:10:29 CEST 2026] picard.sam.SamToFastq done. Elapsed time: 0.25 minutes.
Runtime.totalMemory()=2181038080
14:10:30.431 INFO  NativeLibraryLoader - Loading libgkl_compression.so from jar:file:/cm/shared/specific/apps/picard/3.0.0-Java-17/picard.jar!/com/intel/gkl/native/libgkl_compression.so
[Thu Apr 09 14:10:30 CEST 2026] SamToFastq --INPUT /nobackup/lab_bsf/samples/BSF_1609_H57CKDRX5/BSF_1609_H57CKDRX5_1_samples/BSF_1609_H57CKDRX5_1#FD_079_S148875.bam --FASTQ /nobackup/peer/fdeckert/FD20200109SPLENO/geo/bulkRNAseq/FD_079_R1.fastq.gz --OUTPUT_PER_RG false --COMPRESS_OUTPUTS_PER_RG false --RG_TAG PU --RE_REVERSE true --INTERLEAVE false --INCLUDE_NON_PF_READS false --CLIPPING_MIN_LENGTH 0 --READ1_TRIM 0 --READ2_TRIM 0 --INCLUDE_NON_PRIMARY_ALIGNMENTS false --VERBOSITY INFO --QUIET false --VALIDATION_STRINGENCY STRICT --COMPRESSION_LEVEL 5 --MAX_RECORDS_IN_RAM 500000 --CREATE_INDEX false --CREATE_MD5_FILE false --help false --version false --showHidden false --USE_JDK_DEFLATER false --USE_JDK_INFLATER false
[Thu Apr 09 14:10:30 CEST 2026] Executing as fdeckert@d012 on Linux 4.18.0-553.5.1.el8_10.x86_64 amd64; OpenJDK 64-Bit Server VM 17.0.15+6; Deflater: Intel; Inflater: Intel; Provider GCS is not available; Picard version: Version:3.0.0
INFO	2026-04-09 14:10:40	SamToFastq	Processed     1,000,000 records.  Elapsed time: 00:00:10s.  Time for last 1,000,000:   10s.  Last read position: */*
INFO	2026-04-09 14:10:50	SamToFastq	Processed     2,000,000 records.  Elapsed time: 00:00:20s.  Time for last 1,000,000:    9s.  Last read position: */*
[Thu Apr 09 14:10:51 CEST 2026] picard.sam.SamToFastq done. Elapsed time: 0.35 minutes.
Runtime.totalMemory()=2181038080
14:10:52.037 INFO  NativeLibraryLoader - Loading libgkl_compression.so from jar:file:/cm/shared/specific/apps/picard/3.0.0-Java-17/picard.jar!/com/intel/gkl/native/libgkl_compression.so
[Thu Apr 09 14:10:52 CEST 2026] SamToFastq --INPUT /nobackup/lab_bsf/samples/BSF_1609_H57CKDRX5/BSF_1609_H57CKDRX5_1_samples/BSF_1609_H57CKDRX5_1#FD_080_S148929.bam --FASTQ /nobackup/peer/fdeckert/FD20200109SPLENO/geo/bulkRNAseq/FD_080_R1.fastq.gz --OUTPUT_PER_RG false --COMPRESS_OUTPUTS_PER_RG false --RG_TAG PU --RE_REVERSE true --INTERLEAVE false --INCLUDE_NON_PF_READS false --CLIPPING_MIN_LENGTH 0 --READ1_TRIM 0 --READ2_TRIM 0 --INCLUDE_NON_PRIMARY_ALIGNMENTS false --VERBOSITY INFO --QUIET false --VALIDATION_STRINGENCY STRICT --COMPRESSION_LEVEL 5 --MAX_RECORDS_IN_RAM 500000 --CREATE_INDEX false --CREATE_MD5_FILE false --help false --version false --showHidden false --USE_JDK_DEFLATER false --USE_JDK_INFLATER false
[Thu Apr 09 14:10:52 CEST 2026] Executing as fdeckert@d012 on Linux 4.18.0-553.5.1.el8_10.x86_64 amd64; OpenJDK 64-Bit Server VM 17.0.15+6; Deflater: Intel; Inflater: Intel; Provider GCS is not available; Picard version: Version:3.0.0
INFO	2026-04-09 14:11:02	SamToFastq	Processed     1,000,000 records.  Elapsed time: 00:00:10s.  Time for last 1,000,000:   10s.  Last read position: */*
[Thu Apr 09 14:11:11 CEST 2026] picard.sam.SamToFastq done. Elapsed time: 0.33 minutes.
Runtime.totalMemory()=2181038080
14:11:12.466 INFO  NativeLibraryLoader - Loading libgkl_compression.so from jar:file:/cm/shared/specific/apps/picard/3.0.0-Java-17/picard.jar!/com/intel/gkl/native/libgkl_compression.so
[Thu Apr 09 14:11:12 CEST 2026] SamToFastq --INPUT /nobackup/lab_bsf/samples/BSF_1609_H57CKDRX5/BSF_1609_H57CKDRX5_1_samples/BSF_1609_H57CKDRX5_1#FD_081_S148874.bam --FASTQ /nobackup/peer/fdeckert/FD20200109SPLENO/geo/bulkRNAseq/FD_081_R1.fastq.gz --OUTPUT_PER_RG false --COMPRESS_OUTPUTS_PER_RG false --RG_TAG PU --RE_REVERSE true --INTERLEAVE false --INCLUDE_NON_PF_READS false --CLIPPING_MIN_LENGTH 0 --READ1_TRIM 0 --READ2_TRIM 0 --INCLUDE_NON_PRIMARY_ALIGNMENTS false --VERBOSITY INFO --QUIET false --VALIDATION_STRINGENCY STRICT --COMPRESSION_LEVEL 5 --MAX_RECORDS_IN_RAM 500000 --CREATE_INDEX false --CREATE_MD5_FILE false --help false --version false --showHidden false --USE_JDK_DEFLATER false --USE_JDK_INFLATER false
[Thu Apr 09 14:11:12 CEST 2026] Executing as fdeckert@d012 on Linux 4.18.0-553.5.1.el8_10.x86_64 amd64; OpenJDK 64-Bit Server VM 17.0.15+6; Deflater: Intel; Inflater: Intel; Provider GCS is not available; Picard version: Version:3.0.0
INFO	2026-04-09 14:11:22	SamToFastq	Processed     1,000,000 records.  Elapsed time: 00:00:10s.  Time for last 1,000,000:   10s.  Last read position: */*
[Thu Apr 09 14:11:25 CEST 2026] picard.sam.SamToFastq done. Elapsed time: 0.21 minutes.
Runtime.totalMemory()=2181038080
14:11:25.690 INFO  NativeLibraryLoader - Loading libgkl_compression.so from jar:file:/cm/shared/specific/apps/picard/3.0.0-Java-17/picard.jar!/com/intel/gkl/native/libgkl_compression.so
[Thu Apr 09 14:11:25 CEST 2026] SamToFastq --INPUT /nobackup/lab_bsf/samples/BSF_1609_H57CKDRX5/BSF_1609_H57CKDRX5_1_samples/BSF_1609_H57CKDRX5_1#FD_082_S148877.bam --FASTQ /nobackup/peer/fdeckert/FD20200109SPLENO/geo/bulkRNAseq/FD_082_R1.fastq.gz --OUTPUT_PER_RG false --COMPRESS_OUTPUTS_PER_RG false --RG_TAG PU --RE_REVERSE true --INTERLEAVE false --INCLUDE_NON_PF_READS false --CLIPPING_MIN_LENGTH 0 --READ1_TRIM 0 --READ2_TRIM 0 --INCLUDE_NON_PRIMARY_ALIGNMENTS false --VERBOSITY INFO --QUIET false --VALIDATION_STRINGENCY STRICT --COMPRESSION_LEVEL 5 --MAX_RECORDS_IN_RAM 500000 --CREATE_INDEX false --CREATE_MD5_FILE false --help false --version false --showHidden false --USE_JDK_DEFLATER false --USE_JDK_INFLATER false
[Thu Apr 09 14:11:25 CEST 2026] Executing as fdeckert@d012 on Linux 4.18.0-553.5.1.el8_10.x86_64 amd64; OpenJDK 64-Bit Server VM 17.0.15+6; Deflater: Intel; Inflater: Intel; Provider GCS is not available; Picard version: Version:3.0.0
INFO	2026-04-09 14:11:36	SamToFastq	Processed     1,000,000 records.  Elapsed time: 00:00:10s.  Time for last 1,000,000:   10s.  Last read position: */*
[Thu Apr 09 14:11:44 CEST 2026] picard.sam.SamToFastq done. Elapsed time: 0.31 minutes.
Runtime.totalMemory()=2181038080
14:11:44.605 INFO  NativeLibraryLoader - Loading libgkl_compression.so from jar:file:/cm/shared/specific/apps/picard/3.0.0-Java-17/picard.jar!/com/intel/gkl/native/libgkl_compression.so
[Thu Apr 09 14:11:44 CEST 2026] SamToFastq --INPUT /nobackup/lab_bsf/samples/BSF_1609_H57CKDRX5/BSF_1609_H57CKDRX5_1_samples/BSF_1609_H57CKDRX5_1#FD_083_S148876.bam --FASTQ /nobackup/peer/fdeckert/FD20200109SPLENO/geo/bulkRNAseq/FD_083_R1.fastq.gz --OUTPUT_PER_RG false --COMPRESS_OUTPUTS_PER_RG false --RG_TAG PU --RE_REVERSE true --INTERLEAVE false --INCLUDE_NON_PF_READS false --CLIPPING_MIN_LENGTH 0 --READ1_TRIM 0 --READ2_TRIM 0 --INCLUDE_NON_PRIMARY_ALIGNMENTS false --VERBOSITY INFO --QUIET false --VALIDATION_STRINGENCY STRICT --COMPRESSION_LEVEL 5 --MAX_RECORDS_IN_RAM 500000 --CREATE_INDEX false --CREATE_MD5_FILE false --help false --version false --showHidden false --USE_JDK_DEFLATER false --USE_JDK_INFLATER false
[Thu Apr 09 14:11:44 CEST 2026] Executing as fdeckert@d012 on Linux 4.18.0-553.5.1.el8_10.x86_64 amd64; OpenJDK 64-Bit Server VM 17.0.15+6; Deflater: Intel; Inflater: Intel; Provider GCS is not available; Picard version: Version:3.0.0
INFO	2026-04-09 14:11:55	SamToFastq	Processed     1,000,000 records.  Elapsed time: 00:00:10s.  Time for last 1,000,000:   10s.  Last read position: */*
[Thu Apr 09 14:11:58 CEST 2026] picard.sam.SamToFastq done. Elapsed time: 0.23 minutes.
Runtime.totalMemory()=2181038080
14:11:59.010 INFO  NativeLibraryLoader - Loading libgkl_compression.so from jar:file:/cm/shared/specific/apps/picard/3.0.0-Java-17/picard.jar!/com/intel/gkl/native/libgkl_compression.so
[Thu Apr 09 14:11:59 CEST 2026] SamToFastq --INPUT /nobackup/lab_bsf/samples/BSF_1609_H57CKDRX5/BSF_1609_H57CKDRX5_1_samples/BSF_1609_H57CKDRX5_1#FD_084_S148879.bam --FASTQ /nobackup/peer/fdeckert/FD20200109SPLENO/geo/bulkRNAseq/FD_084_R1.fastq.gz --OUTPUT_PER_RG false --COMPRESS_OUTPUTS_PER_RG false --RG_TAG PU --RE_REVERSE true --INTERLEAVE false --INCLUDE_NON_PF_READS false --CLIPPING_MIN_LENGTH 0 --READ1_TRIM 0 --READ2_TRIM 0 --INCLUDE_NON_PRIMARY_ALIGNMENTS false --VERBOSITY INFO --QUIET false --VALIDATION_STRINGENCY STRICT --COMPRESSION_LEVEL 5 --MAX_RECORDS_IN_RAM 500000 --CREATE_INDEX false --CREATE_MD5_FILE false --help false --version false --showHidden false --USE_JDK_DEFLATER false --USE_JDK_INFLATER false
[Thu Apr 09 14:11:59 CEST 2026] Executing as fdeckert@d012 on Linux 4.18.0-553.5.1.el8_10.x86_64 amd64; OpenJDK 64-Bit Server VM 17.0.15+6; Deflater: Intel; Inflater: Intel; Provider GCS is not available; Picard version: Version:3.0.0
INFO	2026-04-09 14:12:09	SamToFastq	Processed     1,000,000 records.  Elapsed time: 00:00:10s.  Time for last 1,000,000:   10s.  Last read position: */*
[Thu Apr 09 14:12:16 CEST 2026] picard.sam.SamToFastq done. Elapsed time: 0.29 minutes.
Runtime.totalMemory()=2181038080
14:12:17.169 INFO  NativeLibraryLoader - Loading libgkl_compression.so from jar:file:/cm/shared/specific/apps/picard/3.0.0-Java-17/picard.jar!/com/intel/gkl/native/libgkl_compression.so
[Thu Apr 09 14:12:17 CEST 2026] SamToFastq --INPUT /nobackup/lab_bsf/samples/BSF_1609_H57CKDRX5/BSF_1609_H57CKDRX5_1_samples/BSF_1609_H57CKDRX5_1#FD_085_S148923.bam --FASTQ /nobackup/peer/fdeckert/FD20200109SPLENO/geo/bulkRNAseq/FD_085_R1.fastq.gz --OUTPUT_PER_RG false --COMPRESS_OUTPUTS_PER_RG false --RG_TAG PU --RE_REVERSE true --INTERLEAVE false --INCLUDE_NON_PF_READS false --CLIPPING_MIN_LENGTH 0 --READ1_TRIM 0 --READ2_TRIM 0 --INCLUDE_NON_PRIMARY_ALIGNMENTS false --VERBOSITY INFO --QUIET false --VALIDATION_STRINGENCY STRICT --COMPRESSION_LEVEL 5 --MAX_RECORDS_IN_RAM 500000 --CREATE_INDEX false --CREATE_MD5_FILE false --help false --version false --showHidden false --USE_JDK_DEFLATER false --USE_JDK_INFLATER false
[Thu Apr 09 14:12:17 CEST 2026] Executing as fdeckert@d012 on Linux 4.18.0-553.5.1.el8_10.x86_64 amd64; OpenJDK 64-Bit Server VM 17.0.15+6; Deflater: Intel; Inflater: Intel; Provider GCS is not available; Picard version: Version:3.0.0
[Thu Apr 09 14:12:20 CEST 2026] picard.sam.SamToFastq done. Elapsed time: 0.06 minutes.
Runtime.totalMemory()=2181038080
14:12:21.154 INFO  NativeLibraryLoader - Loading libgkl_compression.so from jar:file:/cm/shared/specific/apps/picard/3.0.0-Java-17/picard.jar!/com/intel/gkl/native/libgkl_compression.so
[Thu Apr 09 14:12:21 CEST 2026] SamToFastq --INPUT /nobackup/lab_bsf/samples/BSF_1609_H57CKDRX5/BSF_1609_H57CKDRX5_1_samples/BSF_1609_H57CKDRX5_1#FD_086_S148922.bam --FASTQ /nobackup/peer/fdeckert/FD20200109SPLENO/geo/bulkRNAseq/FD_086_R1.fastq.gz --OUTPUT_PER_RG false --COMPRESS_OUTPUTS_PER_RG false --RG_TAG PU --RE_REVERSE true --INTERLEAVE false --INCLUDE_NON_PF_READS false --CLIPPING_MIN_LENGTH 0 --READ1_TRIM 0 --READ2_TRIM 0 --INCLUDE_NON_PRIMARY_ALIGNMENTS false --VERBOSITY INFO --QUIET false --VALIDATION_STRINGENCY STRICT --COMPRESSION_LEVEL 5 --MAX_RECORDS_IN_RAM 500000 --CREATE_INDEX false --CREATE_MD5_FILE false --help false --version false --showHidden false --USE_JDK_DEFLATER false --USE_JDK_INFLATER false
[Thu Apr 09 14:12:21 CEST 2026] Executing as fdeckert@d012 on Linux 4.18.0-553.5.1.el8_10.x86_64 amd64; OpenJDK 64-Bit Server VM 17.0.15+6; Deflater: Intel; Inflater: Intel; Provider GCS is not available; Picard version: Version:3.0.0
[Thu Apr 09 14:12:27 CEST 2026] picard.sam.SamToFastq done. Elapsed time: 0.10 minutes.
Runtime.totalMemory()=2181038080
14:12:27.764 INFO  NativeLibraryLoader - Loading libgkl_compression.so from jar:file:/cm/shared/specific/apps/picard/3.0.0-Java-17/picard.jar!/com/intel/gkl/native/libgkl_compression.so
[Thu Apr 09 14:12:27 CEST 2026] SamToFastq --INPUT /nobackup/lab_bsf/samples/BSF_1609_H57CKDRX5/BSF_1609_H57CKDRX5_1_samples/BSF_1609_H57CKDRX5_1#FD_087_S148925.bam --FASTQ /nobackup/peer/fdeckert/FD20200109SPLENO/geo/bulkRNAseq/FD_087_R1.fastq.gz --OUTPUT_PER_RG false --COMPRESS_OUTPUTS_PER_RG false --RG_TAG PU --RE_REVERSE true --INTERLEAVE false --INCLUDE_NON_PF_READS false --CLIPPING_MIN_LENGTH 0 --READ1_TRIM 0 --READ2_TRIM 0 --INCLUDE_NON_PRIMARY_ALIGNMENTS false --VERBOSITY INFO --QUIET false --VALIDATION_STRINGENCY STRICT --COMPRESSION_LEVEL 5 --MAX_RECORDS_IN_RAM 500000 --CREATE_INDEX false --CREATE_MD5_FILE false --help false --version false --showHidden false --USE_JDK_DEFLATER false --USE_JDK_INFLATER false
[Thu Apr 09 14:12:27 CEST 2026] Executing as fdeckert@d012 on Linux 4.18.0-553.5.1.el8_10.x86_64 amd64; OpenJDK 64-Bit Server VM 17.0.15+6; Deflater: Intel; Inflater: Intel; Provider GCS is not available; Picard version: Version:3.0.0
INFO	2026-04-09 14:12:37	SamToFastq	Processed     1,000,000 records.  Elapsed time: 00:00:10s.  Time for last 1,000,000:   10s.  Last read position: */*
[Thu Apr 09 14:12:40 CEST 2026] picard.sam.SamToFastq done. Elapsed time: 0.22 minutes.
Runtime.totalMemory()=2181038080
14:12:41.268 INFO  NativeLibraryLoader - Loading libgkl_compression.so from jar:file:/cm/shared/specific/apps/picard/3.0.0-Java-17/picard.jar!/com/intel/gkl/native/libgkl_compression.so
[Thu Apr 09 14:12:41 CEST 2026] SamToFastq --INPUT /nobackup/lab_bsf/samples/BSF_1609_H57CKDRX5/BSF_1609_H57CKDRX5_1_samples/BSF_1609_H57CKDRX5_1#FD_088_S148924.bam --FASTQ /nobackup/peer/fdeckert/FD20200109SPLENO/geo/bulkRNAseq/FD_088_R1.fastq.gz --OUTPUT_PER_RG false --COMPRESS_OUTPUTS_PER_RG false --RG_TAG PU --RE_REVERSE true --INTERLEAVE false --INCLUDE_NON_PF_READS false --CLIPPING_MIN_LENGTH 0 --READ1_TRIM 0 --READ2_TRIM 0 --INCLUDE_NON_PRIMARY_ALIGNMENTS false --VERBOSITY INFO --QUIET false --VALIDATION_STRINGENCY STRICT --COMPRESSION_LEVEL 5 --MAX_RECORDS_IN_RAM 500000 --CREATE_INDEX false --CREATE_MD5_FILE false --help false --version false --showHidden false --USE_JDK_DEFLATER false --USE_JDK_INFLATER false
[Thu Apr 09 14:12:41 CEST 2026] Executing as fdeckert@d012 on Linux 4.18.0-553.5.1.el8_10.x86_64 amd64; OpenJDK 64-Bit Server VM 17.0.15+6; Deflater: Intel; Inflater: Intel; Provider GCS is not available; Picard version: Version:3.0.0
[Thu Apr 09 14:12:44 CEST 2026] picard.sam.SamToFastq done. Elapsed time: 0.06 minutes.
Runtime.totalMemory()=2181038080
14:12:45.308 INFO  NativeLibraryLoader - Loading libgkl_compression.so from jar:file:/cm/shared/specific/apps/picard/3.0.0-Java-17/picard.jar!/com/intel/gkl/native/libgkl_compression.so
[Thu Apr 09 14:12:45 CEST 2026] SamToFastq --INPUT /nobackup/lab_bsf/samples/BSF_1609_H57CKDRX5/BSF_1609_H57CKDRX5_1_samples/BSF_1609_H57CKDRX5_1#FD_089_S148927.bam --FASTQ /nobackup/peer/fdeckert/FD20200109SPLENO/geo/bulkRNAseq/FD_089_R1.fastq.gz --OUTPUT_PER_RG false --COMPRESS_OUTPUTS_PER_RG false --RG_TAG PU --RE_REVERSE true --INTERLEAVE false --INCLUDE_NON_PF_READS false --CLIPPING_MIN_LENGTH 0 --READ1_TRIM 0 --READ2_TRIM 0 --INCLUDE_NON_PRIMARY_ALIGNMENTS false --VERBOSITY INFO --QUIET false --VALIDATION_STRINGENCY STRICT --COMPRESSION_LEVEL 5 --MAX_RECORDS_IN_RAM 500000 --CREATE_INDEX false --CREATE_MD5_FILE false --help false --version false --showHidden false --USE_JDK_DEFLATER false --USE_JDK_INFLATER false
[Thu Apr 09 14:12:45 CEST 2026] Executing as fdeckert@d012 on Linux 4.18.0-553.5.1.el8_10.x86_64 amd64; OpenJDK 64-Bit Server VM 17.0.15+6; Deflater: Intel; Inflater: Intel; Provider GCS is not available; Picard version: Version:3.0.0
[Thu Apr 09 14:12:52 CEST 2026] picard.sam.SamToFastq done. Elapsed time: 0.12 minutes.
Runtime.totalMemory()=2181038080
14:12:53.155 INFO  NativeLibraryLoader - Loading libgkl_compression.so from jar:file:/cm/shared/specific/apps/picard/3.0.0-Java-17/picard.jar!/com/intel/gkl/native/libgkl_compression.so
[Thu Apr 09 14:12:53 CEST 2026] SamToFastq --INPUT /nobackup/lab_bsf/samples/BSF_1609_H57CKDRX5/BSF_1609_H57CKDRX5_1_samples/BSF_1609_H57CKDRX5_1#FD_090_S148926.bam --FASTQ /nobackup/peer/fdeckert/FD20200109SPLENO/geo/bulkRNAseq/FD_090_R1.fastq.gz --OUTPUT_PER_RG false --COMPRESS_OUTPUTS_PER_RG false --RG_TAG PU --RE_REVERSE true --INTERLEAVE false --INCLUDE_NON_PF_READS false --CLIPPING_MIN_LENGTH 0 --READ1_TRIM 0 --READ2_TRIM 0 --INCLUDE_NON_PRIMARY_ALIGNMENTS false --VERBOSITY INFO --QUIET false --VALIDATION_STRINGENCY STRICT --COMPRESSION_LEVEL 5 --MAX_RECORDS_IN_RAM 500000 --CREATE_INDEX false --CREATE_MD5_FILE false --help false --version false --showHidden false --USE_JDK_DEFLATER false --USE_JDK_INFLATER false
[Thu Apr 09 14:12:53 CEST 2026] Executing as fdeckert@d012 on Linux 4.18.0-553.5.1.el8_10.x86_64 amd64; OpenJDK 64-Bit Server VM 17.0.15+6; Deflater: Intel; Inflater: Intel; Provider GCS is not available; Picard version: Version:3.0.0
[Thu Apr 09 14:12:57 CEST 2026] picard.sam.SamToFastq done. Elapsed time: 0.08 minutes.
Runtime.totalMemory()=2181038080
14:12:58.224 INFO  NativeLibraryLoader - Loading libgkl_compression.so from jar:file:/cm/shared/specific/apps/picard/3.0.0-Java-17/picard.jar!/com/intel/gkl/native/libgkl_compression.so
[Thu Apr 09 14:12:58 CEST 2026] SamToFastq --INPUT /nobackup/lab_bsf/samples/BSF_1609_H57CKDRX5/BSF_1609_H57CKDRX5_1_samples/BSF_1609_H57CKDRX5_1#FD_091_S148827.bam --FASTQ /nobackup/peer/fdeckert/FD20200109SPLENO/geo/bulkRNAseq/FD_091_R1.fastq.gz --OUTPUT_PER_RG false --COMPRESS_OUTPUTS_PER_RG false --RG_TAG PU --RE_REVERSE true --INTERLEAVE false --INCLUDE_NON_PF_READS false --CLIPPING_MIN_LENGTH 0 --READ1_TRIM 0 --READ2_TRIM 0 --INCLUDE_NON_PRIMARY_ALIGNMENTS false --VERBOSITY INFO --QUIET false --VALIDATION_STRINGENCY STRICT --COMPRESSION_LEVEL 5 --MAX_RECORDS_IN_RAM 500000 --CREATE_INDEX false --CREATE_MD5_FILE false --help false --version false --showHidden false --USE_JDK_DEFLATER false --USE_JDK_INFLATER false
[Thu Apr 09 14:12:58 CEST 2026] Executing as fdeckert@d012 on Linux 4.18.0-553.5.1.el8_10.x86_64 amd64; OpenJDK 64-Bit Server VM 17.0.15+6; Deflater: Intel; Inflater: Intel; Provider GCS is not available; Picard version: Version:3.0.0
INFO	2026-04-09 14:13:08	SamToFastq	Processed     1,000,000 records.  Elapsed time: 00:00:10s.  Time for last 1,000,000:   10s.  Last read position: */*
[Thu Apr 09 14:13:15 CEST 2026] picard.sam.SamToFastq done. Elapsed time: 0.29 minutes.
Runtime.totalMemory()=2181038080
14:13:16.123 INFO  NativeLibraryLoader - Loading libgkl_compression.so from jar:file:/cm/shared/specific/apps/picard/3.0.0-Java-17/picard.jar!/com/intel/gkl/native/libgkl_compression.so
[Thu Apr 09 14:13:16 CEST 2026] SamToFastq --INPUT /nobackup/lab_bsf/samples/BSF_1609_H57CKDRX5/BSF_1609_H57CKDRX5_1_samples/BSF_1609_H57CKDRX5_1#FD_092_S148826.bam --FASTQ /nobackup/peer/fdeckert/FD20200109SPLENO/geo/bulkRNAseq/FD_092_R1.fastq.gz --OUTPUT_PER_RG false --COMPRESS_OUTPUTS_PER_RG false --RG_TAG PU --RE_REVERSE true --INTERLEAVE false --INCLUDE_NON_PF_READS false --CLIPPING_MIN_LENGTH 0 --READ1_TRIM 0 --READ2_TRIM 0 --INCLUDE_NON_PRIMARY_ALIGNMENTS false --VERBOSITY INFO --QUIET false --VALIDATION_STRINGENCY STRICT --COMPRESSION_LEVEL 5 --MAX_RECORDS_IN_RAM 500000 --CREATE_INDEX false --CREATE_MD5_FILE false --help false --version false --showHidden false --USE_JDK_DEFLATER false --USE_JDK_INFLATER false
[Thu Apr 09 14:13:16 CEST 2026] Executing as fdeckert@d012 on Linux 4.18.0-553.5.1.el8_10.x86_64 amd64; OpenJDK 64-Bit Server VM 17.0.15+6; Deflater: Intel; Inflater: Intel; Provider GCS is not available; Picard version: Version:3.0.0
INFO	2026-04-09 14:13:26	SamToFastq	Processed     1,000,000 records.  Elapsed time: 00:00:09s.  Time for last 1,000,000:    9s.  Last read position: */*
[Thu Apr 09 14:13:35 CEST 2026] picard.sam.SamToFastq done. Elapsed time: 0.32 minutes.
Runtime.totalMemory()=2181038080
14:13:35.813 INFO  NativeLibraryLoader - Loading libgkl_compression.so from jar:file:/cm/shared/specific/apps/picard/3.0.0-Java-17/picard.jar!/com/intel/gkl/native/libgkl_compression.so
[Thu Apr 09 14:13:35 CEST 2026] SamToFastq --INPUT /nobackup/lab_bsf/samples/BSF_1609_H57CKDRX5/BSF_1609_H57CKDRX5_1_samples/BSF_1609_H57CKDRX5_1#FD_093_S148829.bam --FASTQ /nobackup/peer/fdeckert/FD20200109SPLENO/geo/bulkRNAseq/FD_093_R1.fastq.gz --OUTPUT_PER_RG false --COMPRESS_OUTPUTS_PER_RG false --RG_TAG PU --RE_REVERSE true --INTERLEAVE false --INCLUDE_NON_PF_READS false --CLIPPING_MIN_LENGTH 0 --READ1_TRIM 0 --READ2_TRIM 0 --INCLUDE_NON_PRIMARY_ALIGNMENTS false --VERBOSITY INFO --QUIET false --VALIDATION_STRINGENCY STRICT --COMPRESSION_LEVEL 5 --MAX_RECORDS_IN_RAM 500000 --CREATE_INDEX false --CREATE_MD5_FILE false --help false --version false --showHidden false --USE_JDK_DEFLATER false --USE_JDK_INFLATER false
[Thu Apr 09 14:13:35 CEST 2026] Executing as fdeckert@d012 on Linux 4.18.0-553.5.1.el8_10.x86_64 amd64; OpenJDK 64-Bit Server VM 17.0.15+6; Deflater: Intel; Inflater: Intel; Provider GCS is not available; Picard version: Version:3.0.0
INFO	2026-04-09 14:13:46	SamToFastq	Processed     1,000,000 records.  Elapsed time: 00:00:10s.  Time for last 1,000,000:   10s.  Last read position: */*
[Thu Apr 09 14:13:50 CEST 2026] picard.sam.SamToFastq done. Elapsed time: 0.24 minutes.
Runtime.totalMemory()=2181038080
14:13:50.774 INFO  NativeLibraryLoader - Loading libgkl_compression.so from jar:file:/cm/shared/specific/apps/picard/3.0.0-Java-17/picard.jar!/com/intel/gkl/native/libgkl_compression.so
[Thu Apr 09 14:13:50 CEST 2026] SamToFastq --INPUT /nobackup/lab_bsf/samples/BSF_1609_H57CKDRX5/BSF_1609_H57CKDRX5_1_samples/BSF_1609_H57CKDRX5_1#FD_094_S148828.bam --FASTQ /nobackup/peer/fdeckert/FD20200109SPLENO/geo/bulkRNAseq/FD_094_R1.fastq.gz --OUTPUT_PER_RG false --COMPRESS_OUTPUTS_PER_RG false --RG_TAG PU --RE_REVERSE true --INTERLEAVE false --INCLUDE_NON_PF_READS false --CLIPPING_MIN_LENGTH 0 --READ1_TRIM 0 --READ2_TRIM 0 --INCLUDE_NON_PRIMARY_ALIGNMENTS false --VERBOSITY INFO --QUIET false --VALIDATION_STRINGENCY STRICT --COMPRESSION_LEVEL 5 --MAX_RECORDS_IN_RAM 500000 --CREATE_INDEX false --CREATE_MD5_FILE false --help false --version false --showHidden false --USE_JDK_DEFLATER false --USE_JDK_INFLATER false
[Thu Apr 09 14:13:50 CEST 2026] Executing as fdeckert@d012 on Linux 4.18.0-553.5.1.el8_10.x86_64 amd64; OpenJDK 64-Bit Server VM 17.0.15+6; Deflater: Intel; Inflater: Intel; Provider GCS is not available; Picard version: Version:3.0.0
INFO	2026-04-09 14:14:01	SamToFastq	Processed     1,000,000 records.  Elapsed time: 00:00:10s.  Time for last 1,000,000:   10s.  Last read position: */*
[Thu Apr 09 14:14:03 CEST 2026] picard.sam.SamToFastq done. Elapsed time: 0.21 minutes.
Runtime.totalMemory()=2181038080
14:14:04.096 INFO  NativeLibraryLoader - Loading libgkl_compression.so from jar:file:/cm/shared/specific/apps/picard/3.0.0-Java-17/picard.jar!/com/intel/gkl/native/libgkl_compression.so
[Thu Apr 09 14:14:04 CEST 2026] SamToFastq --INPUT /nobackup/lab_bsf/samples/BSF_1609_H57CKDRX5/BSF_1609_H57CKDRX5_1_samples/BSF_1609_H57CKDRX5_1#FD_095_S148831.bam --FASTQ /nobackup/peer/fdeckert/FD20200109SPLENO/geo/bulkRNAseq/FD_095_R1.fastq.gz --OUTPUT_PER_RG false --COMPRESS_OUTPUTS_PER_RG false --RG_TAG PU --RE_REVERSE true --INTERLEAVE false --INCLUDE_NON_PF_READS false --CLIPPING_MIN_LENGTH 0 --READ1_TRIM 0 --READ2_TRIM 0 --INCLUDE_NON_PRIMARY_ALIGNMENTS false --VERBOSITY INFO --QUIET false --VALIDATION_STRINGENCY STRICT --COMPRESSION_LEVEL 5 --MAX_RECORDS_IN_RAM 500000 --CREATE_INDEX false --CREATE_MD5_FILE false --help false --version false --showHidden false --USE_JDK_DEFLATER false --USE_JDK_INFLATER false
[Thu Apr 09 14:14:04 CEST 2026] Executing as fdeckert@d012 on Linux 4.18.0-553.5.1.el8_10.x86_64 amd64; OpenJDK 64-Bit Server VM 17.0.15+6; Deflater: Intel; Inflater: Intel; Provider GCS is not available; Picard version: Version:3.0.0
INFO	2026-04-09 14:14:14	SamToFastq	Processed     1,000,000 records.  Elapsed time: 00:00:10s.  Time for last 1,000,000:   10s.  Last read position: */*
[Thu Apr 09 14:14:21 CEST 2026] picard.sam.SamToFastq done. Elapsed time: 0.29 minutes.
Runtime.totalMemory()=2181038080
14:14:21.853 INFO  NativeLibraryLoader - Loading libgkl_compression.so from jar:file:/cm/shared/specific/apps/picard/3.0.0-Java-17/picard.jar!/com/intel/gkl/native/libgkl_compression.so
[Thu Apr 09 14:14:21 CEST 2026] SamToFastq --INPUT /nobackup/lab_bsf/samples/BSF_1609_H57CKDRX5/BSF_1609_H57CKDRX5_1_samples/BSF_1609_H57CKDRX5_1#FD_096_S148830.bam --FASTQ /nobackup/peer/fdeckert/FD20200109SPLENO/geo/bulkRNAseq/FD_096_R1.fastq.gz --OUTPUT_PER_RG false --COMPRESS_OUTPUTS_PER_RG false --RG_TAG PU --RE_REVERSE true --INTERLEAVE false --INCLUDE_NON_PF_READS false --CLIPPING_MIN_LENGTH 0 --READ1_TRIM 0 --READ2_TRIM 0 --INCLUDE_NON_PRIMARY_ALIGNMENTS false --VERBOSITY INFO --QUIET false --VALIDATION_STRINGENCY STRICT --COMPRESSION_LEVEL 5 --MAX_RECORDS_IN_RAM 500000 --CREATE_INDEX false --CREATE_MD5_FILE false --help false --version false --showHidden false --USE_JDK_DEFLATER false --USE_JDK_INFLATER false
[Thu Apr 09 14:14:21 CEST 2026] Executing as fdeckert@d012 on Linux 4.18.0-553.5.1.el8_10.x86_64 amd64; OpenJDK 64-Bit Server VM 17.0.15+6; Deflater: Intel; Inflater: Intel; Provider GCS is not available; Picard version: Version:3.0.0
INFO	2026-04-09 14:14:32	SamToFastq	Processed     1,000,000 records.  Elapsed time: 00:00:10s.  Time for last 1,000,000:   10s.  Last read position: */*
[Thu Apr 09 14:14:38 CEST 2026] picard.sam.SamToFastq done. Elapsed time: 0.28 minutes.
Runtime.totalMemory()=2181038080
14:14:39.394 INFO  NativeLibraryLoader - Loading libgkl_compression.so from jar:file:/cm/shared/specific/apps/picard/3.0.0-Java-17/picard.jar!/com/intel/gkl/native/libgkl_compression.so
[Thu Apr 09 14:14:39 CEST 2026] SamToFastq --INPUT /nobackup/lab_bsf/samples/BSF_1609_H57CKDRX5/BSF_1609_H57CKDRX5_1_samples/BSF_1609_H57CKDRX5_1#FD_097_S148852.bam --FASTQ /nobackup/peer/fdeckert/FD20200109SPLENO/geo/bulkRNAseq/FD_097_R1.fastq.gz --OUTPUT_PER_RG false --COMPRESS_OUTPUTS_PER_RG false --RG_TAG PU --RE_REVERSE true --INTERLEAVE false --INCLUDE_NON_PF_READS false --CLIPPING_MIN_LENGTH 0 --READ1_TRIM 0 --READ2_TRIM 0 --INCLUDE_NON_PRIMARY_ALIGNMENTS false --VERBOSITY INFO --QUIET false --VALIDATION_STRINGENCY STRICT --COMPRESSION_LEVEL 5 --MAX_RECORDS_IN_RAM 500000 --CREATE_INDEX false --CREATE_MD5_FILE false --help false --version false --showHidden false --USE_JDK_DEFLATER false --USE_JDK_INFLATER false
[Thu Apr 09 14:14:39 CEST 2026] Executing as fdeckert@d012 on Linux 4.18.0-553.5.1.el8_10.x86_64 amd64; OpenJDK 64-Bit Server VM 17.0.15+6; Deflater: Intel; Inflater: Intel; Provider GCS is not available; Picard version: Version:3.0.0
INFO	2026-04-09 14:14:49	SamToFastq	Processed     1,000,000 records.  Elapsed time: 00:00:10s.  Time for last 1,000,000:   10s.  Last read position: */*
[Thu Apr 09 14:14:56 CEST 2026] picard.sam.SamToFastq done. Elapsed time: 0.29 minutes.
Runtime.totalMemory()=2181038080
14:14:57.422 INFO  NativeLibraryLoader - Loading libgkl_compression.so from jar:file:/cm/shared/specific/apps/picard/3.0.0-Java-17/picard.jar!/com/intel/gkl/native/libgkl_compression.so
[Thu Apr 09 14:14:57 CEST 2026] SamToFastq --INPUT /nobackup/lab_bsf/samples/BSF_1609_H57CKDRX5/BSF_1609_H57CKDRX5_1_samples/BSF_1609_H57CKDRX5_1#FD_098_S148855.bam --FASTQ /nobackup/peer/fdeckert/FD20200109SPLENO/geo/bulkRNAseq/FD_098_R1.fastq.gz --OUTPUT_PER_RG false --COMPRESS_OUTPUTS_PER_RG false --RG_TAG PU --RE_REVERSE true --INTERLEAVE false --INCLUDE_NON_PF_READS false --CLIPPING_MIN_LENGTH 0 --READ1_TRIM 0 --READ2_TRIM 0 --INCLUDE_NON_PRIMARY_ALIGNMENTS false --VERBOSITY INFO --QUIET false --VALIDATION_STRINGENCY STRICT --COMPRESSION_LEVEL 5 --MAX_RECORDS_IN_RAM 500000 --CREATE_INDEX false --CREATE_MD5_FILE false --help false --version false --showHidden false --USE_JDK_DEFLATER false --USE_JDK_INFLATER false
[Thu Apr 09 14:14:57 CEST 2026] Executing as fdeckert@d012 on Linux 4.18.0-553.5.1.el8_10.x86_64 amd64; OpenJDK 64-Bit Server VM 17.0.15+6; Deflater: Intel; Inflater: Intel; Provider GCS is not available; Picard version: Version:3.0.0
INFO	2026-04-09 14:15:07	SamToFastq	Processed     1,000,000 records.  Elapsed time: 00:00:10s.  Time for last 1,000,000:   10s.  Last read position: */*
[Thu Apr 09 14:15:14 CEST 2026] picard.sam.SamToFastq done. Elapsed time: 0.28 minutes.
Runtime.totalMemory()=2181038080
14:15:14.927 INFO  NativeLibraryLoader - Loading libgkl_compression.so from jar:file:/cm/shared/specific/apps/picard/3.0.0-Java-17/picard.jar!/com/intel/gkl/native/libgkl_compression.so
[Thu Apr 09 14:15:14 CEST 2026] SamToFastq --INPUT /nobackup/lab_bsf/samples/BSF_1609_H57CKDRX5/BSF_1609_H57CKDRX5_1_samples/BSF_1609_H57CKDRX5_1#FD_099_S148854.bam --FASTQ /nobackup/peer/fdeckert/FD20200109SPLENO/geo/bulkRNAseq/FD_099_R1.fastq.gz --OUTPUT_PER_RG false --COMPRESS_OUTPUTS_PER_RG false --RG_TAG PU --RE_REVERSE true --INTERLEAVE false --INCLUDE_NON_PF_READS false --CLIPPING_MIN_LENGTH 0 --READ1_TRIM 0 --READ2_TRIM 0 --INCLUDE_NON_PRIMARY_ALIGNMENTS false --VERBOSITY INFO --QUIET false --VALIDATION_STRINGENCY STRICT --COMPRESSION_LEVEL 5 --MAX_RECORDS_IN_RAM 500000 --CREATE_INDEX false --CREATE_MD5_FILE false --help false --version false --showHidden false --USE_JDK_DEFLATER false --USE_JDK_INFLATER false
[Thu Apr 09 14:15:14 CEST 2026] Executing as fdeckert@d012 on Linux 4.18.0-553.5.1.el8_10.x86_64 amd64; OpenJDK 64-Bit Server VM 17.0.15+6; Deflater: Intel; Inflater: Intel; Provider GCS is not available; Picard version: Version:3.0.0
INFO	2026-04-09 14:15:25	SamToFastq	Processed     1,000,000 records.  Elapsed time: 00:00:10s.  Time for last 1,000,000:   10s.  Last read position: */*
INFO	2026-04-09 14:15:35	SamToFastq	Processed     2,000,000 records.  Elapsed time: 00:00:20s.  Time for last 1,000,000:    9s.  Last read position: */*
[Thu Apr 09 14:15:35 CEST 2026] picard.sam.SamToFastq done. Elapsed time: 0.34 minutes.
Runtime.totalMemory()=2181038080
14:15:36.023 INFO  NativeLibraryLoader - Loading libgkl_compression.so from jar:file:/cm/shared/specific/apps/picard/3.0.0-Java-17/picard.jar!/com/intel/gkl/native/libgkl_compression.so
[Thu Apr 09 14:15:36 CEST 2026] SamToFastq --INPUT /nobackup/lab_bsf/samples/BSF_1609_H57CKDRX5/BSF_1609_H57CKDRX5_1_samples/BSF_1609_H57CKDRX5_1#FD_100_S148857.bam --FASTQ /nobackup/peer/fdeckert/FD20200109SPLENO/geo/bulkRNAseq/FD_100_R1.fastq.gz --OUTPUT_PER_RG false --COMPRESS_OUTPUTS_PER_RG false --RG_TAG PU --RE_REVERSE true --INTERLEAVE false --INCLUDE_NON_PF_READS false --CLIPPING_MIN_LENGTH 0 --READ1_TRIM 0 --READ2_TRIM 0 --INCLUDE_NON_PRIMARY_ALIGNMENTS false --VERBOSITY INFO --QUIET false --VALIDATION_STRINGENCY STRICT --COMPRESSION_LEVEL 5 --MAX_RECORDS_IN_RAM 500000 --CREATE_INDEX false --CREATE_MD5_FILE false --help false --version false --showHidden false --USE_JDK_DEFLATER false --USE_JDK_INFLATER false
[Thu Apr 09 14:15:36 CEST 2026] Executing as fdeckert@d012 on Linux 4.18.0-553.5.1.el8_10.x86_64 amd64; OpenJDK 64-Bit Server VM 17.0.15+6; Deflater: Intel; Inflater: Intel; Provider GCS is not available; Picard version: Version:3.0.0
INFO	2026-04-09 14:15:46	SamToFastq	Processed     1,000,000 records.  Elapsed time: 00:00:10s.  Time for last 1,000,000:   10s.  Last read position: */*
[Thu Apr 09 14:15:51 CEST 2026] picard.sam.SamToFastq done. Elapsed time: 0.27 minutes.
Runtime.totalMemory()=2181038080
14:15:52.486 INFO  NativeLibraryLoader - Loading libgkl_compression.so from jar:file:/cm/shared/specific/apps/picard/3.0.0-Java-17/picard.jar!/com/intel/gkl/native/libgkl_compression.so
[Thu Apr 09 14:15:52 CEST 2026] SamToFastq --INPUT /nobackup/lab_bsf/samples/BSF_1609_H57CKDRX5/BSF_1609_H57CKDRX5_1_samples/BSF_1609_H57CKDRX5_1#FD_101_S148856.bam --FASTQ /nobackup/peer/fdeckert/FD20200109SPLENO/geo/bulkRNAseq/FD_101_R1.fastq.gz --OUTPUT_PER_RG false --COMPRESS_OUTPUTS_PER_RG false --RG_TAG PU --RE_REVERSE true --INTERLEAVE false --INCLUDE_NON_PF_READS false --CLIPPING_MIN_LENGTH 0 --READ1_TRIM 0 --READ2_TRIM 0 --INCLUDE_NON_PRIMARY_ALIGNMENTS false --VERBOSITY INFO --QUIET false --VALIDATION_STRINGENCY STRICT --COMPRESSION_LEVEL 5 --MAX_RECORDS_IN_RAM 500000 --CREATE_INDEX false --CREATE_MD5_FILE false --help false --version false --showHidden false --USE_JDK_DEFLATER false --USE_JDK_INFLATER false
[Thu Apr 09 14:15:52 CEST 2026] Executing as fdeckert@d012 on Linux 4.18.0-553.5.1.el8_10.x86_64 amd64; OpenJDK 64-Bit Server VM 17.0.15+6; Deflater: Intel; Inflater: Intel; Provider GCS is not available; Picard version: Version:3.0.0
INFO	2026-04-09 14:16:03	SamToFastq	Processed     1,000,000 records.  Elapsed time: 00:00:10s.  Time for last 1,000,000:   10s.  Last read position: */*
[Thu Apr 09 14:16:06 CEST 2026] picard.sam.SamToFastq done. Elapsed time: 0.23 minutes.
Runtime.totalMemory()=2181038080
14:16:06.925 INFO  NativeLibraryLoader - Loading libgkl_compression.so from jar:file:/cm/shared/specific/apps/picard/3.0.0-Java-17/picard.jar!/com/intel/gkl/native/libgkl_compression.so
[Thu Apr 09 14:16:06 CEST 2026] SamToFastq --INPUT /nobackup/lab_bsf/samples/BSF_1609_H57CKDRX5/BSF_1609_H57CKDRX5_1_samples/BSF_1609_H57CKDRX5_1#FD_102_S148859.bam --FASTQ /nobackup/peer/fdeckert/FD20200109SPLENO/geo/bulkRNAseq/FD_102_R1.fastq.gz --OUTPUT_PER_RG false --COMPRESS_OUTPUTS_PER_RG false --RG_TAG PU --RE_REVERSE true --INTERLEAVE false --INCLUDE_NON_PF_READS false --CLIPPING_MIN_LENGTH 0 --READ1_TRIM 0 --READ2_TRIM 0 --INCLUDE_NON_PRIMARY_ALIGNMENTS false --VERBOSITY INFO --QUIET false --VALIDATION_STRINGENCY STRICT --COMPRESSION_LEVEL 5 --MAX_RECORDS_IN_RAM 500000 --CREATE_INDEX false --CREATE_MD5_FILE false --help false --version false --showHidden false --USE_JDK_DEFLATER false --USE_JDK_INFLATER false
[Thu Apr 09 14:16:06 CEST 2026] Executing as fdeckert@d012 on Linux 4.18.0-553.5.1.el8_10.x86_64 amd64; OpenJDK 64-Bit Server VM 17.0.15+6; Deflater: Intel; Inflater: Intel; Provider GCS is not available; Picard version: Version:3.0.0
INFO	2026-04-09 14:16:17	SamToFastq	Processed     1,000,000 records.  Elapsed time: 00:00:10s.  Time for last 1,000,000:   10s.  Last read position: */*
[Thu Apr 09 14:16:22 CEST 2026] picard.sam.SamToFastq done. Elapsed time: 0.27 minutes.
Runtime.totalMemory()=2181038080
14:16:23.461 INFO  NativeLibraryLoader - Loading libgkl_compression.so from jar:file:/cm/shared/specific/apps/picard/3.0.0-Java-17/picard.jar!/com/intel/gkl/native/libgkl_compression.so
[Thu Apr 09 14:16:23 CEST 2026] SamToFastq --INPUT /nobackup/lab_bsf/samples/BSF_1609_H57CKDRX5/BSF_1609_H57CKDRX5_1_samples/BSF_1609_H57CKDRX5_1#FD_103_S148878.bam --FASTQ /nobackup/peer/fdeckert/FD20200109SPLENO/geo/bulkRNAseq/FD_103_R1.fastq.gz --OUTPUT_PER_RG false --COMPRESS_OUTPUTS_PER_RG false --RG_TAG PU --RE_REVERSE true --INTERLEAVE false --INCLUDE_NON_PF_READS false --CLIPPING_MIN_LENGTH 0 --READ1_TRIM 0 --READ2_TRIM 0 --INCLUDE_NON_PRIMARY_ALIGNMENTS false --VERBOSITY INFO --QUIET false --VALIDATION_STRINGENCY STRICT --COMPRESSION_LEVEL 5 --MAX_RECORDS_IN_RAM 500000 --CREATE_INDEX false --CREATE_MD5_FILE false --help false --version false --showHidden false --USE_JDK_DEFLATER false --USE_JDK_INFLATER false
[Thu Apr 09 14:16:23 CEST 2026] Executing as fdeckert@d012 on Linux 4.18.0-553.5.1.el8_10.x86_64 amd64; OpenJDK 64-Bit Server VM 17.0.15+6; Deflater: Intel; Inflater: Intel; Provider GCS is not available; Picard version: Version:3.0.0
INFO	2026-04-09 14:16:33	SamToFastq	Processed     1,000,000 records.  Elapsed time: 00:00:10s.  Time for last 1,000,000:   10s.  Last read position: */*
[Thu Apr 09 14:16:36 CEST 2026] picard.sam.SamToFastq done. Elapsed time: 0.21 minutes.
Runtime.totalMemory()=2181038080
14:16:36.762 INFO  NativeLibraryLoader - Loading libgkl_compression.so from jar:file:/cm/shared/specific/apps/picard/3.0.0-Java-17/picard.jar!/com/intel/gkl/native/libgkl_compression.so
[Thu Apr 09 14:16:36 CEST 2026] SamToFastq --INPUT /nobackup/lab_bsf/samples/BSF_1609_H57CKDRX5/BSF_1609_H57CKDRX5_1_samples/BSF_1609_H57CKDRX5_1#FD_104_S148881.bam --FASTQ /nobackup/peer/fdeckert/FD20200109SPLENO/geo/bulkRNAseq/FD_104_R1.fastq.gz --OUTPUT_PER_RG false --COMPRESS_OUTPUTS_PER_RG false --RG_TAG PU --RE_REVERSE true --INTERLEAVE false --INCLUDE_NON_PF_READS false --CLIPPING_MIN_LENGTH 0 --READ1_TRIM 0 --READ2_TRIM 0 --INCLUDE_NON_PRIMARY_ALIGNMENTS false --VERBOSITY INFO --QUIET false --VALIDATION_STRINGENCY STRICT --COMPRESSION_LEVEL 5 --MAX_RECORDS_IN_RAM 500000 --CREATE_INDEX false --CREATE_MD5_FILE false --help false --version false --showHidden false --USE_JDK_DEFLATER false --USE_JDK_INFLATER false
[Thu Apr 09 14:16:36 CEST 2026] Executing as fdeckert@d012 on Linux 4.18.0-553.5.1.el8_10.x86_64 amd64; OpenJDK 64-Bit Server VM 17.0.15+6; Deflater: Intel; Inflater: Intel; Provider GCS is not available; Picard version: Version:3.0.0
INFO	2026-04-09 14:16:47	SamToFastq	Processed     1,000,000 records.  Elapsed time: 00:00:10s.  Time for last 1,000,000:   10s.  Last read position: */*
[Thu Apr 09 14:16:51 CEST 2026] picard.sam.SamToFastq done. Elapsed time: 0.24 minutes.
Runtime.totalMemory()=2181038080
14:16:51.870 INFO  NativeLibraryLoader - Loading libgkl_compression.so from jar:file:/cm/shared/specific/apps/picard/3.0.0-Java-17/picard.jar!/com/intel/gkl/native/libgkl_compression.so
[Thu Apr 09 14:16:51 CEST 2026] SamToFastq --INPUT /nobackup/lab_bsf/samples/BSF_1609_H57CKDRX5/BSF_1609_H57CKDRX5_1_samples/BSF_1609_H57CKDRX5_1#FD_105_S148880.bam --FASTQ /nobackup/peer/fdeckert/FD20200109SPLENO/geo/bulkRNAseq/FD_105_R1.fastq.gz --OUTPUT_PER_RG false --COMPRESS_OUTPUTS_PER_RG false --RG_TAG PU --RE_REVERSE true --INTERLEAVE false --INCLUDE_NON_PF_READS false --CLIPPING_MIN_LENGTH 0 --READ1_TRIM 0 --READ2_TRIM 0 --INCLUDE_NON_PRIMARY_ALIGNMENTS false --VERBOSITY INFO --QUIET false --VALIDATION_STRINGENCY STRICT --COMPRESSION_LEVEL 5 --MAX_RECORDS_IN_RAM 500000 --CREATE_INDEX false --CREATE_MD5_FILE false --help false --version false --showHidden false --USE_JDK_DEFLATER false --USE_JDK_INFLATER false
[Thu Apr 09 14:16:51 CEST 2026] Executing as fdeckert@d012 on Linux 4.18.0-553.5.1.el8_10.x86_64 amd64; OpenJDK 64-Bit Server VM 17.0.15+6; Deflater: Intel; Inflater: Intel; Provider GCS is not available; Picard version: Version:3.0.0
INFO	2026-04-09 14:17:02	SamToFastq	Processed     1,000,000 records.  Elapsed time: 00:00:10s.  Time for last 1,000,000:   10s.  Last read position: */*
[Thu Apr 09 14:17:03 CEST 2026] picard.sam.SamToFastq done. Elapsed time: 0.20 minutes.
Runtime.totalMemory()=2181038080
14:17:04.506 INFO  NativeLibraryLoader - Loading libgkl_compression.so from jar:file:/cm/shared/specific/apps/picard/3.0.0-Java-17/picard.jar!/com/intel/gkl/native/libgkl_compression.so
[Thu Apr 09 14:17:04 CEST 2026] SamToFastq --INPUT /nobackup/lab_bsf/samples/BSF_1609_H57CKDRX5/BSF_1609_H57CKDRX5_1_samples/BSF_1609_H57CKDRX5_1#FD_106_S148883.bam --FASTQ /nobackup/peer/fdeckert/FD20200109SPLENO/geo/bulkRNAseq/FD_106_R1.fastq.gz --OUTPUT_PER_RG false --COMPRESS_OUTPUTS_PER_RG false --RG_TAG PU --RE_REVERSE true --INTERLEAVE false --INCLUDE_NON_PF_READS false --CLIPPING_MIN_LENGTH 0 --READ1_TRIM 0 --READ2_TRIM 0 --INCLUDE_NON_PRIMARY_ALIGNMENTS false --VERBOSITY INFO --QUIET false --VALIDATION_STRINGENCY STRICT --COMPRESSION_LEVEL 5 --MAX_RECORDS_IN_RAM 500000 --CREATE_INDEX false --CREATE_MD5_FILE false --help false --version false --showHidden false --USE_JDK_DEFLATER false --USE_JDK_INFLATER false
[Thu Apr 09 14:17:04 CEST 2026] Executing as fdeckert@d012 on Linux 4.18.0-553.5.1.el8_10.x86_64 amd64; OpenJDK 64-Bit Server VM 17.0.15+6; Deflater: Intel; Inflater: Intel; Provider GCS is not available; Picard version: Version:3.0.0
INFO	2026-04-09 14:17:15	SamToFastq	Processed     1,000,000 records.  Elapsed time: 00:00:10s.  Time for last 1,000,000:   10s.  Last read position: */*
[Thu Apr 09 14:17:16 CEST 2026] picard.sam.SamToFastq done. Elapsed time: 0.21 minutes.
Runtime.totalMemory()=2181038080
14:17:17.518 INFO  NativeLibraryLoader - Loading libgkl_compression.so from jar:file:/cm/shared/specific/apps/picard/3.0.0-Java-17/picard.jar!/com/intel/gkl/native/libgkl_compression.so
[Thu Apr 09 14:17:17 CEST 2026] SamToFastq --INPUT /nobackup/lab_bsf/samples/BSF_1609_H57CKDRX5/BSF_1609_H57CKDRX5_1_samples/BSF_1609_H57CKDRX5_1#FD_107_S148882.bam --FASTQ /nobackup/peer/fdeckert/FD20200109SPLENO/geo/bulkRNAseq/FD_107_R1.fastq.gz --OUTPUT_PER_RG false --COMPRESS_OUTPUTS_PER_RG false --RG_TAG PU --RE_REVERSE true --INTERLEAVE false --INCLUDE_NON_PF_READS false --CLIPPING_MIN_LENGTH 0 --READ1_TRIM 0 --READ2_TRIM 0 --INCLUDE_NON_PRIMARY_ALIGNMENTS false --VERBOSITY INFO --QUIET false --VALIDATION_STRINGENCY STRICT --COMPRESSION_LEVEL 5 --MAX_RECORDS_IN_RAM 500000 --CREATE_INDEX false --CREATE_MD5_FILE false --help false --version false --showHidden false --USE_JDK_DEFLATER false --USE_JDK_INFLATER false
[Thu Apr 09 14:17:17 CEST 2026] Executing as fdeckert@d012 on Linux 4.18.0-553.5.1.el8_10.x86_64 amd64; OpenJDK 64-Bit Server VM 17.0.15+6; Deflater: Intel; Inflater: Intel; Provider GCS is not available; Picard version: Version:3.0.0
INFO	2026-04-09 14:17:28	SamToFastq	Processed     1,000,000 records.  Elapsed time: 00:00:10s.  Time for last 1,000,000:   10s.  Last read position: */*
[Thu Apr 09 14:17:34 CEST 2026] picard.sam.SamToFastq done. Elapsed time: 0.28 minutes.
Runtime.totalMemory()=2181038080
14:17:34.807 INFO  NativeLibraryLoader - Loading libgkl_compression.so from jar:file:/cm/shared/specific/apps/picard/3.0.0-Java-17/picard.jar!/com/intel/gkl/native/libgkl_compression.so
[Thu Apr 09 14:17:34 CEST 2026] SamToFastq --INPUT /nobackup/lab_bsf/samples/BSF_1609_H57CKDRX5/BSF_1609_H57CKDRX5_1_samples/BSF_1609_H57CKDRX5_1#FD_108_S148885.bam --FASTQ /nobackup/peer/fdeckert/FD20200109SPLENO/geo/bulkRNAseq/FD_108_R1.fastq.gz --OUTPUT_PER_RG false --COMPRESS_OUTPUTS_PER_RG false --RG_TAG PU --RE_REVERSE true --INTERLEAVE false --INCLUDE_NON_PF_READS false --CLIPPING_MIN_LENGTH 0 --READ1_TRIM 0 --READ2_TRIM 0 --INCLUDE_NON_PRIMARY_ALIGNMENTS false --VERBOSITY INFO --QUIET false --VALIDATION_STRINGENCY STRICT --COMPRESSION_LEVEL 5 --MAX_RECORDS_IN_RAM 500000 --CREATE_INDEX false --CREATE_MD5_FILE false --help false --version false --showHidden false --USE_JDK_DEFLATER false --USE_JDK_INFLATER false
[Thu Apr 09 14:17:34 CEST 2026] Executing as fdeckert@d012 on Linux 4.18.0-553.5.1.el8_10.x86_64 amd64; OpenJDK 64-Bit Server VM 17.0.15+6; Deflater: Intel; Inflater: Intel; Provider GCS is not available; Picard version: Version:3.0.0
INFO	2026-04-09 14:17:45	SamToFastq	Processed     1,000,000 records.  Elapsed time: 00:00:10s.  Time for last 1,000,000:   10s.  Last read position: */*
[Thu Apr 09 14:17:50 CEST 2026] picard.sam.SamToFastq done. Elapsed time: 0.26 minutes.
Runtime.totalMemory()=2181038080
