To execute picard run: java -jar $EBROOTPICARD/picard.jar
14:17:52.224 INFO  NativeLibraryLoader - Loading libgkl_compression.so from jar:file:/cm/shared/specific/apps/picard/3.0.0-Java-17/picard.jar!/com/intel/gkl/native/libgkl_compression.so
[Thu Apr 09 14:17:52 CEST 2026] SamToFastq --INPUT /nobackup/lab_bsf/samples/BSF_1609_H57CKDRX5/BSF_1609_H57CKDRX5_2_samples/BSF_1609_H57CKDRX5_2#FD_001_S148900.bam --FASTQ /nobackup/peer/fdeckert/FD20200109SPLENO/geo/bulkRNAseq/FD_001_R2.fastq.gz --OUTPUT_PER_RG false --COMPRESS_OUTPUTS_PER_RG false --RG_TAG PU --RE_REVERSE true --INTERLEAVE false --INCLUDE_NON_PF_READS false --CLIPPING_MIN_LENGTH 0 --READ1_TRIM 0 --READ2_TRIM 0 --INCLUDE_NON_PRIMARY_ALIGNMENTS false --VERBOSITY INFO --QUIET false --VALIDATION_STRINGENCY STRICT --COMPRESSION_LEVEL 5 --MAX_RECORDS_IN_RAM 500000 --CREATE_INDEX false --CREATE_MD5_FILE false --help false --version false --showHidden false --USE_JDK_DEFLATER false --USE_JDK_INFLATER false
[Thu Apr 09 14:17:52 CEST 2026] Executing as fdeckert@d012 on Linux 4.18.0-553.5.1.el8_10.x86_64 amd64; OpenJDK 64-Bit Server VM 17.0.15+6; Deflater: Intel; Inflater: Intel; Provider GCS is not available; Picard version: Version:3.0.0
INFO	2026-04-09 14:18:02	SamToFastq	Processed     1,000,000 records.  Elapsed time: 00:00:10s.  Time for last 1,000,000:   10s.  Last read position: */*
INFO	2026-04-09 14:18:12	SamToFastq	Processed     2,000,000 records.  Elapsed time: 00:00:20s.  Time for last 1,000,000:   10s.  Last read position: */*
[Thu Apr 09 14:18:14 CEST 2026] picard.sam.SamToFastq done. Elapsed time: 0.37 minutes.
Runtime.totalMemory()=2181038080
14:18:14.901 INFO  NativeLibraryLoader - Loading libgkl_compression.so from jar:file:/cm/shared/specific/apps/picard/3.0.0-Java-17/picard.jar!/com/intel/gkl/native/libgkl_compression.so
[Thu Apr 09 14:18:14 CEST 2026] SamToFastq --INPUT /nobackup/lab_bsf/samples/BSF_1609_H57CKDRX5/BSF_1609_H57CKDRX5_2_samples/BSF_1609_H57CKDRX5_2#FD_002_S148903.bam --FASTQ /nobackup/peer/fdeckert/FD20200109SPLENO/geo/bulkRNAseq/FD_002_R2.fastq.gz --OUTPUT_PER_RG false --COMPRESS_OUTPUTS_PER_RG false --RG_TAG PU --RE_REVERSE true --INTERLEAVE false --INCLUDE_NON_PF_READS false --CLIPPING_MIN_LENGTH 0 --READ1_TRIM 0 --READ2_TRIM 0 --INCLUDE_NON_PRIMARY_ALIGNMENTS false --VERBOSITY INFO --QUIET false --VALIDATION_STRINGENCY STRICT --COMPRESSION_LEVEL 5 --MAX_RECORDS_IN_RAM 500000 --CREATE_INDEX false --CREATE_MD5_FILE false --help false --version false --showHidden false --USE_JDK_DEFLATER false --USE_JDK_INFLATER false
[Thu Apr 09 14:18:14 CEST 2026] Executing as fdeckert@d012 on Linux 4.18.0-553.5.1.el8_10.x86_64 amd64; OpenJDK 64-Bit Server VM 17.0.15+6; Deflater: Intel; Inflater: Intel; Provider GCS is not available; Picard version: Version:3.0.0
INFO	2026-04-09 14:18:25	SamToFastq	Processed     1,000,000 records.  Elapsed time: 00:00:10s.  Time for last 1,000,000:   10s.  Last read position: */*
[Thu Apr 09 14:18:34 CEST 2026] picard.sam.SamToFastq done. Elapsed time: 0.33 minutes.
Runtime.totalMemory()=2181038080
14:18:35.284 INFO  NativeLibraryLoader - Loading libgkl_compression.so from jar:file:/cm/shared/specific/apps/picard/3.0.0-Java-17/picard.jar!/com/intel/gkl/native/libgkl_compression.so
[Thu Apr 09 14:18:35 CEST 2026] SamToFastq --INPUT /nobackup/lab_bsf/samples/BSF_1609_H57CKDRX5/BSF_1609_H57CKDRX5_2_samples/BSF_1609_H57CKDRX5_2#FD_003_S148902.bam --FASTQ /nobackup/peer/fdeckert/FD20200109SPLENO/geo/bulkRNAseq/FD_003_R2.fastq.gz --OUTPUT_PER_RG false --COMPRESS_OUTPUTS_PER_RG false --RG_TAG PU --RE_REVERSE true --INTERLEAVE false --INCLUDE_NON_PF_READS false --CLIPPING_MIN_LENGTH 0 --READ1_TRIM 0 --READ2_TRIM 0 --INCLUDE_NON_PRIMARY_ALIGNMENTS false --VERBOSITY INFO --QUIET false --VALIDATION_STRINGENCY STRICT --COMPRESSION_LEVEL 5 --MAX_RECORDS_IN_RAM 500000 --CREATE_INDEX false --CREATE_MD5_FILE false --help false --version false --showHidden false --USE_JDK_DEFLATER false --USE_JDK_INFLATER false
[Thu Apr 09 14:18:35 CEST 2026] Executing as fdeckert@d012 on Linux 4.18.0-553.5.1.el8_10.x86_64 amd64; OpenJDK 64-Bit Server VM 17.0.15+6; Deflater: Intel; Inflater: Intel; Provider GCS is not available; Picard version: Version:3.0.0
INFO	2026-04-09 14:18:45	SamToFastq	Processed     1,000,000 records.  Elapsed time: 00:00:10s.  Time for last 1,000,000:   10s.  Last read position: */*
INFO	2026-04-09 14:18:55	SamToFastq	Processed     2,000,000 records.  Elapsed time: 00:00:20s.  Time for last 1,000,000:    9s.  Last read position: */*
[Thu Apr 09 14:18:57 CEST 2026] picard.sam.SamToFastq done. Elapsed time: 0.37 minutes.
Runtime.totalMemory()=2181038080
14:18:58.068 INFO  NativeLibraryLoader - Loading libgkl_compression.so from jar:file:/cm/shared/specific/apps/picard/3.0.0-Java-17/picard.jar!/com/intel/gkl/native/libgkl_compression.so
[Thu Apr 09 14:18:58 CEST 2026] SamToFastq --INPUT /nobackup/lab_bsf/samples/BSF_1609_H57CKDRX5/BSF_1609_H57CKDRX5_2_samples/BSF_1609_H57CKDRX5_2#FD_004_S148905.bam --FASTQ /nobackup/peer/fdeckert/FD20200109SPLENO/geo/bulkRNAseq/FD_004_R2.fastq.gz --OUTPUT_PER_RG false --COMPRESS_OUTPUTS_PER_RG false --RG_TAG PU --RE_REVERSE true --INTERLEAVE false --INCLUDE_NON_PF_READS false --CLIPPING_MIN_LENGTH 0 --READ1_TRIM 0 --READ2_TRIM 0 --INCLUDE_NON_PRIMARY_ALIGNMENTS false --VERBOSITY INFO --QUIET false --VALIDATION_STRINGENCY STRICT --COMPRESSION_LEVEL 5 --MAX_RECORDS_IN_RAM 500000 --CREATE_INDEX false --CREATE_MD5_FILE false --help false --version false --showHidden false --USE_JDK_DEFLATER false --USE_JDK_INFLATER false
[Thu Apr 09 14:18:58 CEST 2026] Executing as fdeckert@d012 on Linux 4.18.0-553.5.1.el8_10.x86_64 amd64; OpenJDK 64-Bit Server VM 17.0.15+6; Deflater: Intel; Inflater: Intel; Provider GCS is not available; Picard version: Version:3.0.0
INFO	2026-04-09 14:19:08	SamToFastq	Processed     1,000,000 records.  Elapsed time: 00:00:10s.  Time for last 1,000,000:   10s.  Last read position: */*
[Thu Apr 09 14:19:15 CEST 2026] picard.sam.SamToFastq done. Elapsed time: 0.30 minutes.
Runtime.totalMemory()=2181038080
14:19:16.543 INFO  NativeLibraryLoader - Loading libgkl_compression.so from jar:file:/cm/shared/specific/apps/picard/3.0.0-Java-17/picard.jar!/com/intel/gkl/native/libgkl_compression.so
[Thu Apr 09 14:19:16 CEST 2026] SamToFastq --INPUT /nobackup/lab_bsf/samples/BSF_1609_H57CKDRX5/BSF_1609_H57CKDRX5_2_samples/BSF_1609_H57CKDRX5_2#FD_005_S148904.bam --FASTQ /nobackup/peer/fdeckert/FD20200109SPLENO/geo/bulkRNAseq/FD_005_R2.fastq.gz --OUTPUT_PER_RG false --COMPRESS_OUTPUTS_PER_RG false --RG_TAG PU --RE_REVERSE true --INTERLEAVE false --INCLUDE_NON_PF_READS false --CLIPPING_MIN_LENGTH 0 --READ1_TRIM 0 --READ2_TRIM 0 --INCLUDE_NON_PRIMARY_ALIGNMENTS false --VERBOSITY INFO --QUIET false --VALIDATION_STRINGENCY STRICT --COMPRESSION_LEVEL 5 --MAX_RECORDS_IN_RAM 500000 --CREATE_INDEX false --CREATE_MD5_FILE false --help false --version false --showHidden false --USE_JDK_DEFLATER false --USE_JDK_INFLATER false
[Thu Apr 09 14:19:16 CEST 2026] Executing as fdeckert@d012 on Linux 4.18.0-553.5.1.el8_10.x86_64 amd64; OpenJDK 64-Bit Server VM 17.0.15+6; Deflater: Intel; Inflater: Intel; Provider GCS is not available; Picard version: Version:3.0.0
INFO	2026-04-09 14:19:26	SamToFastq	Processed     1,000,000 records.  Elapsed time: 00:00:10s.  Time for last 1,000,000:   10s.  Last read position: */*
INFO	2026-04-09 14:19:36	SamToFastq	Processed     2,000,000 records.  Elapsed time: 00:00:20s.  Time for last 1,000,000:    9s.  Last read position: */*
[Thu Apr 09 14:19:37 CEST 2026] picard.sam.SamToFastq done. Elapsed time: 0.35 minutes.
Runtime.totalMemory()=2181038080
14:19:37.871 INFO  NativeLibraryLoader - Loading libgkl_compression.so from jar:file:/cm/shared/specific/apps/picard/3.0.0-Java-17/picard.jar!/com/intel/gkl/native/libgkl_compression.so
[Thu Apr 09 14:19:37 CEST 2026] SamToFastq --INPUT /nobackup/lab_bsf/samples/BSF_1609_H57CKDRX5/BSF_1609_H57CKDRX5_2_samples/BSF_1609_H57CKDRX5_2#FD_006_S148907.bam --FASTQ /nobackup/peer/fdeckert/FD20200109SPLENO/geo/bulkRNAseq/FD_006_R2.fastq.gz --OUTPUT_PER_RG false --COMPRESS_OUTPUTS_PER_RG false --RG_TAG PU --RE_REVERSE true --INTERLEAVE false --INCLUDE_NON_PF_READS false --CLIPPING_MIN_LENGTH 0 --READ1_TRIM 0 --READ2_TRIM 0 --INCLUDE_NON_PRIMARY_ALIGNMENTS false --VERBOSITY INFO --QUIET false --VALIDATION_STRINGENCY STRICT --COMPRESSION_LEVEL 5 --MAX_RECORDS_IN_RAM 500000 --CREATE_INDEX false --CREATE_MD5_FILE false --help false --version false --showHidden false --USE_JDK_DEFLATER false --USE_JDK_INFLATER false
[Thu Apr 09 14:19:37 CEST 2026] Executing as fdeckert@d012 on Linux 4.18.0-553.5.1.el8_10.x86_64 amd64; OpenJDK 64-Bit Server VM 17.0.15+6; Deflater: Intel; Inflater: Intel; Provider GCS is not available; Picard version: Version:3.0.0
INFO	2026-04-09 14:19:48	SamToFastq	Processed     1,000,000 records.  Elapsed time: 00:00:10s.  Time for last 1,000,000:   10s.  Last read position: */*
INFO	2026-04-09 14:19:58	SamToFastq	Processed     2,000,000 records.  Elapsed time: 00:00:20s.  Time for last 1,000,000:    9s.  Last read position: */*
[Thu Apr 09 14:19:59 CEST 2026] picard.sam.SamToFastq done. Elapsed time: 0.36 minutes.
Runtime.totalMemory()=2181038080
14:20:00.204 INFO  NativeLibraryLoader - Loading libgkl_compression.so from jar:file:/cm/shared/specific/apps/picard/3.0.0-Java-17/picard.jar!/com/intel/gkl/native/libgkl_compression.so
[Thu Apr 09 14:20:00 CEST 2026] SamToFastq --INPUT /nobackup/lab_bsf/samples/BSF_1609_H57CKDRX5/BSF_1609_H57CKDRX5_2_samples/BSF_1609_H57CKDRX5_2#FD_007_S148906.bam --FASTQ /nobackup/peer/fdeckert/FD20200109SPLENO/geo/bulkRNAseq/FD_007_R2.fastq.gz --OUTPUT_PER_RG false --COMPRESS_OUTPUTS_PER_RG false --RG_TAG PU --RE_REVERSE true --INTERLEAVE false --INCLUDE_NON_PF_READS false --CLIPPING_MIN_LENGTH 0 --READ1_TRIM 0 --READ2_TRIM 0 --INCLUDE_NON_PRIMARY_ALIGNMENTS false --VERBOSITY INFO --QUIET false --VALIDATION_STRINGENCY STRICT --COMPRESSION_LEVEL 5 --MAX_RECORDS_IN_RAM 500000 --CREATE_INDEX false --CREATE_MD5_FILE false --help false --version false --showHidden false --USE_JDK_DEFLATER false --USE_JDK_INFLATER false
[Thu Apr 09 14:20:00 CEST 2026] Executing as fdeckert@d012 on Linux 4.18.0-553.5.1.el8_10.x86_64 amd64; OpenJDK 64-Bit Server VM 17.0.15+6; Deflater: Intel; Inflater: Intel; Provider GCS is not available; Picard version: Version:3.0.0
INFO	2026-04-09 14:20:10	SamToFastq	Processed     1,000,000 records.  Elapsed time: 00:00:10s.  Time for last 1,000,000:   10s.  Last read position: */*
[Thu Apr 09 14:20:20 CEST 2026] picard.sam.SamToFastq done. Elapsed time: 0.34 minutes.
Runtime.totalMemory()=2181038080
14:20:21.291 INFO  NativeLibraryLoader - Loading libgkl_compression.so from jar:file:/cm/shared/specific/apps/picard/3.0.0-Java-17/picard.jar!/com/intel/gkl/native/libgkl_compression.so
[Thu Apr 09 14:20:21 CEST 2026] SamToFastq --INPUT /nobackup/lab_bsf/samples/BSF_1609_H57CKDRX5/BSF_1609_H57CKDRX5_2_samples/BSF_1609_H57CKDRX5_2#FD_008_S148909.bam --FASTQ /nobackup/peer/fdeckert/FD20200109SPLENO/geo/bulkRNAseq/FD_008_R2.fastq.gz --OUTPUT_PER_RG false --COMPRESS_OUTPUTS_PER_RG false --RG_TAG PU --RE_REVERSE true --INTERLEAVE false --INCLUDE_NON_PF_READS false --CLIPPING_MIN_LENGTH 0 --READ1_TRIM 0 --READ2_TRIM 0 --INCLUDE_NON_PRIMARY_ALIGNMENTS false --VERBOSITY INFO --QUIET false --VALIDATION_STRINGENCY STRICT --COMPRESSION_LEVEL 5 --MAX_RECORDS_IN_RAM 500000 --CREATE_INDEX false --CREATE_MD5_FILE false --help false --version false --showHidden false --USE_JDK_DEFLATER false --USE_JDK_INFLATER false
[Thu Apr 09 14:20:21 CEST 2026] Executing as fdeckert@d012 on Linux 4.18.0-553.5.1.el8_10.x86_64 amd64; OpenJDK 64-Bit Server VM 17.0.15+6; Deflater: Intel; Inflater: Intel; Provider GCS is not available; Picard version: Version:3.0.0
INFO	2026-04-09 14:20:31	SamToFastq	Processed     1,000,000 records.  Elapsed time: 00:00:09s.  Time for last 1,000,000:    9s.  Last read position: */*
INFO	2026-04-09 14:20:40	SamToFastq	Processed     2,000,000 records.  Elapsed time: 00:00:19s.  Time for last 1,000,000:    9s.  Last read position: */*
[Thu Apr 09 14:20:41 CEST 2026] picard.sam.SamToFastq done. Elapsed time: 0.35 minutes.
Runtime.totalMemory()=2181038080
14:20:42.572 INFO  NativeLibraryLoader - Loading libgkl_compression.so from jar:file:/cm/shared/specific/apps/picard/3.0.0-Java-17/picard.jar!/com/intel/gkl/native/libgkl_compression.so
[Thu Apr 09 14:20:42 CEST 2026] SamToFastq --INPUT /nobackup/lab_bsf/samples/BSF_1609_H57CKDRX5/BSF_1609_H57CKDRX5_2_samples/BSF_1609_H57CKDRX5_2#FD_009_S148908.bam --FASTQ /nobackup/peer/fdeckert/FD20200109SPLENO/geo/bulkRNAseq/FD_009_R2.fastq.gz --OUTPUT_PER_RG false --COMPRESS_OUTPUTS_PER_RG false --RG_TAG PU --RE_REVERSE true --INTERLEAVE false --INCLUDE_NON_PF_READS false --CLIPPING_MIN_LENGTH 0 --READ1_TRIM 0 --READ2_TRIM 0 --INCLUDE_NON_PRIMARY_ALIGNMENTS false --VERBOSITY INFO --QUIET false --VALIDATION_STRINGENCY STRICT --COMPRESSION_LEVEL 5 --MAX_RECORDS_IN_RAM 500000 --CREATE_INDEX false --CREATE_MD5_FILE false --help false --version false --showHidden false --USE_JDK_DEFLATER false --USE_JDK_INFLATER false
[Thu Apr 09 14:20:42 CEST 2026] Executing as fdeckert@d012 on Linux 4.18.0-553.5.1.el8_10.x86_64 amd64; OpenJDK 64-Bit Server VM 17.0.15+6; Deflater: Intel; Inflater: Intel; Provider GCS is not available; Picard version: Version:3.0.0
INFO	2026-04-09 14:20:53	SamToFastq	Processed     1,000,000 records.  Elapsed time: 00:00:10s.  Time for last 1,000,000:   10s.  Last read position: */*
[Thu Apr 09 14:21:02 CEST 2026] picard.sam.SamToFastq done. Elapsed time: 0.33 minutes.
Runtime.totalMemory()=2181038080
14:21:03.077 INFO  NativeLibraryLoader - Loading libgkl_compression.so from jar:file:/cm/shared/specific/apps/picard/3.0.0-Java-17/picard.jar!/com/intel/gkl/native/libgkl_compression.so
[Thu Apr 09 14:21:03 CEST 2026] SamToFastq --INPUT /nobackup/lab_bsf/samples/BSF_1609_H57CKDRX5/BSF_1609_H57CKDRX5_2_samples/BSF_1609_H57CKDRX5_2#FD_010_S148911.bam --FASTQ /nobackup/peer/fdeckert/FD20200109SPLENO/geo/bulkRNAseq/FD_010_R2.fastq.gz --OUTPUT_PER_RG false --COMPRESS_OUTPUTS_PER_RG false --RG_TAG PU --RE_REVERSE true --INTERLEAVE false --INCLUDE_NON_PF_READS false --CLIPPING_MIN_LENGTH 0 --READ1_TRIM 0 --READ2_TRIM 0 --INCLUDE_NON_PRIMARY_ALIGNMENTS false --VERBOSITY INFO --QUIET false --VALIDATION_STRINGENCY STRICT --COMPRESSION_LEVEL 5 --MAX_RECORDS_IN_RAM 500000 --CREATE_INDEX false --CREATE_MD5_FILE false --help false --version false --showHidden false --USE_JDK_DEFLATER false --USE_JDK_INFLATER false
[Thu Apr 09 14:21:03 CEST 2026] Executing as fdeckert@d012 on Linux 4.18.0-553.5.1.el8_10.x86_64 amd64; OpenJDK 64-Bit Server VM 17.0.15+6; Deflater: Intel; Inflater: Intel; Provider GCS is not available; Picard version: Version:3.0.0
INFO	2026-04-09 14:21:13	SamToFastq	Processed     1,000,000 records.  Elapsed time: 00:00:10s.  Time for last 1,000,000:   10s.  Last read position: */*
[Thu Apr 09 14:21:21 CEST 2026] picard.sam.SamToFastq done. Elapsed time: 0.30 minutes.
Runtime.totalMemory()=2181038080
14:21:21.707 INFO  NativeLibraryLoader - Loading libgkl_compression.so from jar:file:/cm/shared/specific/apps/picard/3.0.0-Java-17/picard.jar!/com/intel/gkl/native/libgkl_compression.so
[Thu Apr 09 14:21:21 CEST 2026] SamToFastq --INPUT /nobackup/lab_bsf/samples/BSF_1609_H57CKDRX5/BSF_1609_H57CKDRX5_2_samples/BSF_1609_H57CKDRX5_2#FD_011_S148910.bam --FASTQ /nobackup/peer/fdeckert/FD20200109SPLENO/geo/bulkRNAseq/FD_011_R2.fastq.gz --OUTPUT_PER_RG false --COMPRESS_OUTPUTS_PER_RG false --RG_TAG PU --RE_REVERSE true --INTERLEAVE false --INCLUDE_NON_PF_READS false --CLIPPING_MIN_LENGTH 0 --READ1_TRIM 0 --READ2_TRIM 0 --INCLUDE_NON_PRIMARY_ALIGNMENTS false --VERBOSITY INFO --QUIET false --VALIDATION_STRINGENCY STRICT --COMPRESSION_LEVEL 5 --MAX_RECORDS_IN_RAM 500000 --CREATE_INDEX false --CREATE_MD5_FILE false --help false --version false --showHidden false --USE_JDK_DEFLATER false --USE_JDK_INFLATER false
[Thu Apr 09 14:21:21 CEST 2026] Executing as fdeckert@d012 on Linux 4.18.0-553.5.1.el8_10.x86_64 amd64; OpenJDK 64-Bit Server VM 17.0.15+6; Deflater: Intel; Inflater: Intel; Provider GCS is not available; Picard version: Version:3.0.0
INFO	2026-04-09 14:21:32	SamToFastq	Processed     1,000,000 records.  Elapsed time: 00:00:10s.  Time for last 1,000,000:   10s.  Last read position: */*
INFO	2026-04-09 14:21:42	SamToFastq	Processed     2,000,000 records.  Elapsed time: 00:00:20s.  Time for last 1,000,000:   10s.  Last read position: */*
[Thu Apr 09 14:21:45 CEST 2026] picard.sam.SamToFastq done. Elapsed time: 0.39 minutes.
Runtime.totalMemory()=2181038080
14:21:45.671 INFO  NativeLibraryLoader - Loading libgkl_compression.so from jar:file:/cm/shared/specific/apps/picard/3.0.0-Java-17/picard.jar!/com/intel/gkl/native/libgkl_compression.so
[Thu Apr 09 14:21:45 CEST 2026] SamToFastq --INPUT /nobackup/lab_bsf/samples/BSF_1609_H57CKDRX5/BSF_1609_H57CKDRX5_2_samples/BSF_1609_H57CKDRX5_2#FD_012_S148913.bam --FASTQ /nobackup/peer/fdeckert/FD20200109SPLENO/geo/bulkRNAseq/FD_012_R2.fastq.gz --OUTPUT_PER_RG false --COMPRESS_OUTPUTS_PER_RG false --RG_TAG PU --RE_REVERSE true --INTERLEAVE false --INCLUDE_NON_PF_READS false --CLIPPING_MIN_LENGTH 0 --READ1_TRIM 0 --READ2_TRIM 0 --INCLUDE_NON_PRIMARY_ALIGNMENTS false --VERBOSITY INFO --QUIET false --VALIDATION_STRINGENCY STRICT --COMPRESSION_LEVEL 5 --MAX_RECORDS_IN_RAM 500000 --CREATE_INDEX false --CREATE_MD5_FILE false --help false --version false --showHidden false --USE_JDK_DEFLATER false --USE_JDK_INFLATER false
[Thu Apr 09 14:21:45 CEST 2026] Executing as fdeckert@d012 on Linux 4.18.0-553.5.1.el8_10.x86_64 amd64; OpenJDK 64-Bit Server VM 17.0.15+6; Deflater: Intel; Inflater: Intel; Provider GCS is not available; Picard version: Version:3.0.0
INFO	2026-04-09 14:21:56	SamToFastq	Processed     1,000,000 records.  Elapsed time: 00:00:10s.  Time for last 1,000,000:   10s.  Last read position: */*
INFO	2026-04-09 14:22:06	SamToFastq	Processed     2,000,000 records.  Elapsed time: 00:00:20s.  Time for last 1,000,000:    9s.  Last read position: */*
[Thu Apr 09 14:22:10 CEST 2026] picard.sam.SamToFastq done. Elapsed time: 0.41 minutes.
Runtime.totalMemory()=2181038080
14:22:10.695 INFO  NativeLibraryLoader - Loading libgkl_compression.so from jar:file:/cm/shared/specific/apps/picard/3.0.0-Java-17/picard.jar!/com/intel/gkl/native/libgkl_compression.so
[Thu Apr 09 14:22:10 CEST 2026] SamToFastq --INPUT /nobackup/lab_bsf/samples/BSF_1609_H57CKDRX5/BSF_1609_H57CKDRX5_2_samples/BSF_1609_H57CKDRX5_2#FD_013_S148912.bam --FASTQ /nobackup/peer/fdeckert/FD20200109SPLENO/geo/bulkRNAseq/FD_013_R2.fastq.gz --OUTPUT_PER_RG false --COMPRESS_OUTPUTS_PER_RG false --RG_TAG PU --RE_REVERSE true --INTERLEAVE false --INCLUDE_NON_PF_READS false --CLIPPING_MIN_LENGTH 0 --READ1_TRIM 0 --READ2_TRIM 0 --INCLUDE_NON_PRIMARY_ALIGNMENTS false --VERBOSITY INFO --QUIET false --VALIDATION_STRINGENCY STRICT --COMPRESSION_LEVEL 5 --MAX_RECORDS_IN_RAM 500000 --CREATE_INDEX false --CREATE_MD5_FILE false --help false --version false --showHidden false --USE_JDK_DEFLATER false --USE_JDK_INFLATER false
[Thu Apr 09 14:22:10 CEST 2026] Executing as fdeckert@d012 on Linux 4.18.0-553.5.1.el8_10.x86_64 amd64; OpenJDK 64-Bit Server VM 17.0.15+6; Deflater: Intel; Inflater: Intel; Provider GCS is not available; Picard version: Version:3.0.0
INFO	2026-04-09 14:22:21	SamToFastq	Processed     1,000,000 records.  Elapsed time: 00:00:10s.  Time for last 1,000,000:   10s.  Last read position: */*
INFO	2026-04-09 14:22:31	SamToFastq	Processed     2,000,000 records.  Elapsed time: 00:00:20s.  Time for last 1,000,000:   10s.  Last read position: */*
[Thu Apr 09 14:22:34 CEST 2026] picard.sam.SamToFastq done. Elapsed time: 0.40 minutes.
Runtime.totalMemory()=2181038080
14:22:35.327 INFO  NativeLibraryLoader - Loading libgkl_compression.so from jar:file:/cm/shared/specific/apps/picard/3.0.0-Java-17/picard.jar!/com/intel/gkl/native/libgkl_compression.so
[Thu Apr 09 14:22:35 CEST 2026] SamToFastq --INPUT /nobackup/lab_bsf/samples/BSF_1609_H57CKDRX5/BSF_1609_H57CKDRX5_2_samples/BSF_1609_H57CKDRX5_2#FD_014_S148915.bam --FASTQ /nobackup/peer/fdeckert/FD20200109SPLENO/geo/bulkRNAseq/FD_014_R2.fastq.gz --OUTPUT_PER_RG false --COMPRESS_OUTPUTS_PER_RG false --RG_TAG PU --RE_REVERSE true --INTERLEAVE false --INCLUDE_NON_PF_READS false --CLIPPING_MIN_LENGTH 0 --READ1_TRIM 0 --READ2_TRIM 0 --INCLUDE_NON_PRIMARY_ALIGNMENTS false --VERBOSITY INFO --QUIET false --VALIDATION_STRINGENCY STRICT --COMPRESSION_LEVEL 5 --MAX_RECORDS_IN_RAM 500000 --CREATE_INDEX false --CREATE_MD5_FILE false --help false --version false --showHidden false --USE_JDK_DEFLATER false --USE_JDK_INFLATER false
[Thu Apr 09 14:22:35 CEST 2026] Executing as fdeckert@d012 on Linux 4.18.0-553.5.1.el8_10.x86_64 amd64; OpenJDK 64-Bit Server VM 17.0.15+6; Deflater: Intel; Inflater: Intel; Provider GCS is not available; Picard version: Version:3.0.0
INFO	2026-04-09 14:22:45	SamToFastq	Processed     1,000,000 records.  Elapsed time: 00:00:10s.  Time for last 1,000,000:   10s.  Last read position: */*
INFO	2026-04-09 14:22:55	SamToFastq	Processed     2,000,000 records.  Elapsed time: 00:00:20s.  Time for last 1,000,000:    9s.  Last read position: */*
[Thu Apr 09 14:22:56 CEST 2026] picard.sam.SamToFastq done. Elapsed time: 0.36 minutes.
Runtime.totalMemory()=2181038080
14:22:57.234 INFO  NativeLibraryLoader - Loading libgkl_compression.so from jar:file:/cm/shared/specific/apps/picard/3.0.0-Java-17/picard.jar!/com/intel/gkl/native/libgkl_compression.so
[Thu Apr 09 14:22:57 CEST 2026] SamToFastq --INPUT /nobackup/lab_bsf/samples/BSF_1609_H57CKDRX5/BSF_1609_H57CKDRX5_2_samples/BSF_1609_H57CKDRX5_2#FD_015_S148914.bam --FASTQ /nobackup/peer/fdeckert/FD20200109SPLENO/geo/bulkRNAseq/FD_015_R2.fastq.gz --OUTPUT_PER_RG false --COMPRESS_OUTPUTS_PER_RG false --RG_TAG PU --RE_REVERSE true --INTERLEAVE false --INCLUDE_NON_PF_READS false --CLIPPING_MIN_LENGTH 0 --READ1_TRIM 0 --READ2_TRIM 0 --INCLUDE_NON_PRIMARY_ALIGNMENTS false --VERBOSITY INFO --QUIET false --VALIDATION_STRINGENCY STRICT --COMPRESSION_LEVEL 5 --MAX_RECORDS_IN_RAM 500000 --CREATE_INDEX false --CREATE_MD5_FILE false --help false --version false --showHidden false --USE_JDK_DEFLATER false --USE_JDK_INFLATER false
[Thu Apr 09 14:22:57 CEST 2026] Executing as fdeckert@d012 on Linux 4.18.0-553.5.1.el8_10.x86_64 amd64; OpenJDK 64-Bit Server VM 17.0.15+6; Deflater: Intel; Inflater: Intel; Provider GCS is not available; Picard version: Version:3.0.0
INFO	2026-04-09 14:23:07	SamToFastq	Processed     1,000,000 records.  Elapsed time: 00:00:10s.  Time for last 1,000,000:   10s.  Last read position: */*
INFO	2026-04-09 14:23:17	SamToFastq	Processed     2,000,000 records.  Elapsed time: 00:00:20s.  Time for last 1,000,000:   10s.  Last read position: */*
[Thu Apr 09 14:23:19 CEST 2026] picard.sam.SamToFastq done. Elapsed time: 0.37 minutes.
Runtime.totalMemory()=2181038080
14:23:19.853 INFO  NativeLibraryLoader - Loading libgkl_compression.so from jar:file:/cm/shared/specific/apps/picard/3.0.0-Java-17/picard.jar!/com/intel/gkl/native/libgkl_compression.so
[Thu Apr 09 14:23:19 CEST 2026] SamToFastq --INPUT /nobackup/lab_bsf/samples/BSF_1609_H57CKDRX5/BSF_1609_H57CKDRX5_2_samples/BSF_1609_H57CKDRX5_2#FD_016_S148917.bam --FASTQ /nobackup/peer/fdeckert/FD20200109SPLENO/geo/bulkRNAseq/FD_016_R2.fastq.gz --OUTPUT_PER_RG false --COMPRESS_OUTPUTS_PER_RG false --RG_TAG PU --RE_REVERSE true --INTERLEAVE false --INCLUDE_NON_PF_READS false --CLIPPING_MIN_LENGTH 0 --READ1_TRIM 0 --READ2_TRIM 0 --INCLUDE_NON_PRIMARY_ALIGNMENTS false --VERBOSITY INFO --QUIET false --VALIDATION_STRINGENCY STRICT --COMPRESSION_LEVEL 5 --MAX_RECORDS_IN_RAM 500000 --CREATE_INDEX false --CREATE_MD5_FILE false --help false --version false --showHidden false --USE_JDK_DEFLATER false --USE_JDK_INFLATER false
[Thu Apr 09 14:23:19 CEST 2026] Executing as fdeckert@d012 on Linux 4.18.0-553.5.1.el8_10.x86_64 amd64; OpenJDK 64-Bit Server VM 17.0.15+6; Deflater: Intel; Inflater: Intel; Provider GCS is not available; Picard version: Version:3.0.0
INFO	2026-04-09 14:23:30	SamToFastq	Processed     1,000,000 records.  Elapsed time: 00:00:10s.  Time for last 1,000,000:   10s.  Last read position: */*
INFO	2026-04-09 14:23:40	SamToFastq	Processed     2,000,000 records.  Elapsed time: 00:00:20s.  Time for last 1,000,000:    9s.  Last read position: */*
[Thu Apr 09 14:23:43 CEST 2026] picard.sam.SamToFastq done. Elapsed time: 0.40 minutes.
Runtime.totalMemory()=2181038080
14:23:44.445 INFO  NativeLibraryLoader - Loading libgkl_compression.so from jar:file:/cm/shared/specific/apps/picard/3.0.0-Java-17/picard.jar!/com/intel/gkl/native/libgkl_compression.so
[Thu Apr 09 14:23:44 CEST 2026] SamToFastq --INPUT /nobackup/lab_bsf/samples/BSF_1609_H57CKDRX5/BSF_1609_H57CKDRX5_2_samples/BSF_1609_H57CKDRX5_2#FD_017_S148916.bam --FASTQ /nobackup/peer/fdeckert/FD20200109SPLENO/geo/bulkRNAseq/FD_017_R2.fastq.gz --OUTPUT_PER_RG false --COMPRESS_OUTPUTS_PER_RG false --RG_TAG PU --RE_REVERSE true --INTERLEAVE false --INCLUDE_NON_PF_READS false --CLIPPING_MIN_LENGTH 0 --READ1_TRIM 0 --READ2_TRIM 0 --INCLUDE_NON_PRIMARY_ALIGNMENTS false --VERBOSITY INFO --QUIET false --VALIDATION_STRINGENCY STRICT --COMPRESSION_LEVEL 5 --MAX_RECORDS_IN_RAM 500000 --CREATE_INDEX false --CREATE_MD5_FILE false --help false --version false --showHidden false --USE_JDK_DEFLATER false --USE_JDK_INFLATER false
[Thu Apr 09 14:23:44 CEST 2026] Executing as fdeckert@d012 on Linux 4.18.0-553.5.1.el8_10.x86_64 amd64; OpenJDK 64-Bit Server VM 17.0.15+6; Deflater: Intel; Inflater: Intel; Provider GCS is not available; Picard version: Version:3.0.0
INFO	2026-04-09 14:23:54	SamToFastq	Processed     1,000,000 records.  Elapsed time: 00:00:10s.  Time for last 1,000,000:   10s.  Last read position: */*
INFO	2026-04-09 14:24:04	SamToFastq	Processed     2,000,000 records.  Elapsed time: 00:00:20s.  Time for last 1,000,000:    9s.  Last read position: */*
[Thu Apr 09 14:24:10 CEST 2026] picard.sam.SamToFastq done. Elapsed time: 0.43 minutes.
Runtime.totalMemory()=2181038080
14:24:10.678 INFO  NativeLibraryLoader - Loading libgkl_compression.so from jar:file:/cm/shared/specific/apps/picard/3.0.0-Java-17/picard.jar!/com/intel/gkl/native/libgkl_compression.so
[Thu Apr 09 14:24:10 CEST 2026] SamToFastq --INPUT /nobackup/lab_bsf/samples/BSF_1609_H57CKDRX5/BSF_1609_H57CKDRX5_2_samples/BSF_1609_H57CKDRX5_2#FD_018_S148919.bam --FASTQ /nobackup/peer/fdeckert/FD20200109SPLENO/geo/bulkRNAseq/FD_018_R2.fastq.gz --OUTPUT_PER_RG false --COMPRESS_OUTPUTS_PER_RG false --RG_TAG PU --RE_REVERSE true --INTERLEAVE false --INCLUDE_NON_PF_READS false --CLIPPING_MIN_LENGTH 0 --READ1_TRIM 0 --READ2_TRIM 0 --INCLUDE_NON_PRIMARY_ALIGNMENTS false --VERBOSITY INFO --QUIET false --VALIDATION_STRINGENCY STRICT --COMPRESSION_LEVEL 5 --MAX_RECORDS_IN_RAM 500000 --CREATE_INDEX false --CREATE_MD5_FILE false --help false --version false --showHidden false --USE_JDK_DEFLATER false --USE_JDK_INFLATER false
[Thu Apr 09 14:24:10 CEST 2026] Executing as fdeckert@d012 on Linux 4.18.0-553.5.1.el8_10.x86_64 amd64; OpenJDK 64-Bit Server VM 17.0.15+6; Deflater: Intel; Inflater: Intel; Provider GCS is not available; Picard version: Version:3.0.0
INFO	2026-04-09 14:24:21	SamToFastq	Processed     1,000,000 records.  Elapsed time: 00:00:10s.  Time for last 1,000,000:   10s.  Last read position: */*
INFO	2026-04-09 14:24:31	SamToFastq	Processed     2,000,000 records.  Elapsed time: 00:00:20s.  Time for last 1,000,000:   10s.  Last read position: */*
[Thu Apr 09 14:24:31 CEST 2026] picard.sam.SamToFastq done. Elapsed time: 0.35 minutes.
Runtime.totalMemory()=2181038080
14:24:32.300 INFO  NativeLibraryLoader - Loading libgkl_compression.so from jar:file:/cm/shared/specific/apps/picard/3.0.0-Java-17/picard.jar!/com/intel/gkl/native/libgkl_compression.so
[Thu Apr 09 14:24:32 CEST 2026] SamToFastq --INPUT /nobackup/lab_bsf/samples/BSF_1609_H57CKDRX5/BSF_1609_H57CKDRX5_2_samples/BSF_1609_H57CKDRX5_2#FD_019_S148918.bam --FASTQ /nobackup/peer/fdeckert/FD20200109SPLENO/geo/bulkRNAseq/FD_019_R2.fastq.gz --OUTPUT_PER_RG false --COMPRESS_OUTPUTS_PER_RG false --RG_TAG PU --RE_REVERSE true --INTERLEAVE false --INCLUDE_NON_PF_READS false --CLIPPING_MIN_LENGTH 0 --READ1_TRIM 0 --READ2_TRIM 0 --INCLUDE_NON_PRIMARY_ALIGNMENTS false --VERBOSITY INFO --QUIET false --VALIDATION_STRINGENCY STRICT --COMPRESSION_LEVEL 5 --MAX_RECORDS_IN_RAM 500000 --CREATE_INDEX false --CREATE_MD5_FILE false --help false --version false --showHidden false --USE_JDK_DEFLATER false --USE_JDK_INFLATER false
[Thu Apr 09 14:24:32 CEST 2026] Executing as fdeckert@d012 on Linux 4.18.0-553.5.1.el8_10.x86_64 amd64; OpenJDK 64-Bit Server VM 17.0.15+6; Deflater: Intel; Inflater: Intel; Provider GCS is not available; Picard version: Version:3.0.0
INFO	2026-04-09 14:24:42	SamToFastq	Processed     1,000,000 records.  Elapsed time: 00:00:10s.  Time for last 1,000,000:   10s.  Last read position: */*
INFO	2026-04-09 14:24:52	SamToFastq	Processed     2,000,000 records.  Elapsed time: 00:00:20s.  Time for last 1,000,000:    9s.  Last read position: */*
[Thu Apr 09 14:24:59 CEST 2026] picard.sam.SamToFastq done. Elapsed time: 0.45 minutes.
Runtime.totalMemory()=2181038080
14:24:59.828 INFO  NativeLibraryLoader - Loading libgkl_compression.so from jar:file:/cm/shared/specific/apps/picard/3.0.0-Java-17/picard.jar!/com/intel/gkl/native/libgkl_compression.so
[Thu Apr 09 14:24:59 CEST 2026] SamToFastq --INPUT /nobackup/lab_bsf/samples/BSF_1609_H57CKDRX5/BSF_1609_H57CKDRX5_2_samples/BSF_1609_H57CKDRX5_2#FD_020_S148921.bam --FASTQ /nobackup/peer/fdeckert/FD20200109SPLENO/geo/bulkRNAseq/FD_020_R2.fastq.gz --OUTPUT_PER_RG false --COMPRESS_OUTPUTS_PER_RG false --RG_TAG PU --RE_REVERSE true --INTERLEAVE false --INCLUDE_NON_PF_READS false --CLIPPING_MIN_LENGTH 0 --READ1_TRIM 0 --READ2_TRIM 0 --INCLUDE_NON_PRIMARY_ALIGNMENTS false --VERBOSITY INFO --QUIET false --VALIDATION_STRINGENCY STRICT --COMPRESSION_LEVEL 5 --MAX_RECORDS_IN_RAM 500000 --CREATE_INDEX false --CREATE_MD5_FILE false --help false --version false --showHidden false --USE_JDK_DEFLATER false --USE_JDK_INFLATER false
[Thu Apr 09 14:24:59 CEST 2026] Executing as fdeckert@d012 on Linux 4.18.0-553.5.1.el8_10.x86_64 amd64; OpenJDK 64-Bit Server VM 17.0.15+6; Deflater: Intel; Inflater: Intel; Provider GCS is not available; Picard version: Version:3.0.0
INFO	2026-04-09 14:25:10	SamToFastq	Processed     1,000,000 records.  Elapsed time: 00:00:10s.  Time for last 1,000,000:   10s.  Last read position: */*
[Thu Apr 09 14:25:19 CEST 2026] picard.sam.SamToFastq done. Elapsed time: 0.33 minutes.
Runtime.totalMemory()=2181038080
14:25:20.475 INFO  NativeLibraryLoader - Loading libgkl_compression.so from jar:file:/cm/shared/specific/apps/picard/3.0.0-Java-17/picard.jar!/com/intel/gkl/native/libgkl_compression.so
[Thu Apr 09 14:25:20 CEST 2026] SamToFastq --INPUT /nobackup/lab_bsf/samples/BSF_1609_H57CKDRX5/BSF_1609_H57CKDRX5_2_samples/BSF_1609_H57CKDRX5_2#FD_021_S148920.bam --FASTQ /nobackup/peer/fdeckert/FD20200109SPLENO/geo/bulkRNAseq/FD_021_R2.fastq.gz --OUTPUT_PER_RG false --COMPRESS_OUTPUTS_PER_RG false --RG_TAG PU --RE_REVERSE true --INTERLEAVE false --INCLUDE_NON_PF_READS false --CLIPPING_MIN_LENGTH 0 --READ1_TRIM 0 --READ2_TRIM 0 --INCLUDE_NON_PRIMARY_ALIGNMENTS false --VERBOSITY INFO --QUIET false --VALIDATION_STRINGENCY STRICT --COMPRESSION_LEVEL 5 --MAX_RECORDS_IN_RAM 500000 --CREATE_INDEX false --CREATE_MD5_FILE false --help false --version false --showHidden false --USE_JDK_DEFLATER false --USE_JDK_INFLATER false
[Thu Apr 09 14:25:20 CEST 2026] Executing as fdeckert@d012 on Linux 4.18.0-553.5.1.el8_10.x86_64 amd64; OpenJDK 64-Bit Server VM 17.0.15+6; Deflater: Intel; Inflater: Intel; Provider GCS is not available; Picard version: Version:3.0.0
INFO	2026-04-09 14:25:30	SamToFastq	Processed     1,000,000 records.  Elapsed time: 00:00:10s.  Time for last 1,000,000:   10s.  Last read position: */*
INFO	2026-04-09 14:25:40	SamToFastq	Processed     2,000,000 records.  Elapsed time: 00:00:20s.  Time for last 1,000,000:   10s.  Last read position: */*
[Thu Apr 09 14:25:44 CEST 2026] picard.sam.SamToFastq done. Elapsed time: 0.40 minutes.
Runtime.totalMemory()=2181038080
14:25:44.810 INFO  NativeLibraryLoader - Loading libgkl_compression.so from jar:file:/cm/shared/specific/apps/picard/3.0.0-Java-17/picard.jar!/com/intel/gkl/native/libgkl_compression.so
[Thu Apr 09 14:25:44 CEST 2026] SamToFastq --INPUT /nobackup/lab_bsf/samples/BSF_1609_H57CKDRX5/BSF_1609_H57CKDRX5_2_samples/BSF_1609_H57CKDRX5_2#FD_022_S148805.bam --FASTQ /nobackup/peer/fdeckert/FD20200109SPLENO/geo/bulkRNAseq/FD_022_R2.fastq.gz --OUTPUT_PER_RG false --COMPRESS_OUTPUTS_PER_RG false --RG_TAG PU --RE_REVERSE true --INTERLEAVE false --INCLUDE_NON_PF_READS false --CLIPPING_MIN_LENGTH 0 --READ1_TRIM 0 --READ2_TRIM 0 --INCLUDE_NON_PRIMARY_ALIGNMENTS false --VERBOSITY INFO --QUIET false --VALIDATION_STRINGENCY STRICT --COMPRESSION_LEVEL 5 --MAX_RECORDS_IN_RAM 500000 --CREATE_INDEX false --CREATE_MD5_FILE false --help false --version false --showHidden false --USE_JDK_DEFLATER false --USE_JDK_INFLATER false
[Thu Apr 09 14:25:44 CEST 2026] Executing as fdeckert@d012 on Linux 4.18.0-553.5.1.el8_10.x86_64 amd64; OpenJDK 64-Bit Server VM 17.0.15+6; Deflater: Intel; Inflater: Intel; Provider GCS is not available; Picard version: Version:3.0.0
INFO	2026-04-09 14:25:55	SamToFastq	Processed     1,000,000 records.  Elapsed time: 00:00:10s.  Time for last 1,000,000:   10s.  Last read position: */*
[Thu Apr 09 14:26:00 CEST 2026] picard.sam.SamToFastq done. Elapsed time: 0.26 minutes.
Runtime.totalMemory()=2181038080
14:26:01.226 INFO  NativeLibraryLoader - Loading libgkl_compression.so from jar:file:/cm/shared/specific/apps/picard/3.0.0-Java-17/picard.jar!/com/intel/gkl/native/libgkl_compression.so
[Thu Apr 09 14:26:01 CEST 2026] SamToFastq --INPUT /nobackup/lab_bsf/samples/BSF_1609_H57CKDRX5/BSF_1609_H57CKDRX5_2_samples/BSF_1609_H57CKDRX5_2#FD_023_S148807.bam --FASTQ /nobackup/peer/fdeckert/FD20200109SPLENO/geo/bulkRNAseq/FD_023_R2.fastq.gz --OUTPUT_PER_RG false --COMPRESS_OUTPUTS_PER_RG false --RG_TAG PU --RE_REVERSE true --INTERLEAVE false --INCLUDE_NON_PF_READS false --CLIPPING_MIN_LENGTH 0 --READ1_TRIM 0 --READ2_TRIM 0 --INCLUDE_NON_PRIMARY_ALIGNMENTS false --VERBOSITY INFO --QUIET false --VALIDATION_STRINGENCY STRICT --COMPRESSION_LEVEL 5 --MAX_RECORDS_IN_RAM 500000 --CREATE_INDEX false --CREATE_MD5_FILE false --help false --version false --showHidden false --USE_JDK_DEFLATER false --USE_JDK_INFLATER false
[Thu Apr 09 14:26:01 CEST 2026] Executing as fdeckert@d012 on Linux 4.18.0-553.5.1.el8_10.x86_64 amd64; OpenJDK 64-Bit Server VM 17.0.15+6; Deflater: Intel; Inflater: Intel; Provider GCS is not available; Picard version: Version:3.0.0
INFO	2026-04-09 14:26:11	SamToFastq	Processed     1,000,000 records.  Elapsed time: 00:00:10s.  Time for last 1,000,000:   10s.  Last read position: */*
[Thu Apr 09 14:26:14 CEST 2026] picard.sam.SamToFastq done. Elapsed time: 0.23 minutes.
Runtime.totalMemory()=2181038080
14:26:15.410 INFO  NativeLibraryLoader - Loading libgkl_compression.so from jar:file:/cm/shared/specific/apps/picard/3.0.0-Java-17/picard.jar!/com/intel/gkl/native/libgkl_compression.so
[Thu Apr 09 14:26:15 CEST 2026] SamToFastq --INPUT /nobackup/lab_bsf/samples/BSF_1609_H57CKDRX5/BSF_1609_H57CKDRX5_2_samples/BSF_1609_H57CKDRX5_2#FD_024_S148806.bam --FASTQ /nobackup/peer/fdeckert/FD20200109SPLENO/geo/bulkRNAseq/FD_024_R2.fastq.gz --OUTPUT_PER_RG false --COMPRESS_OUTPUTS_PER_RG false --RG_TAG PU --RE_REVERSE true --INTERLEAVE false --INCLUDE_NON_PF_READS false --CLIPPING_MIN_LENGTH 0 --READ1_TRIM 0 --READ2_TRIM 0 --INCLUDE_NON_PRIMARY_ALIGNMENTS false --VERBOSITY INFO --QUIET false --VALIDATION_STRINGENCY STRICT --COMPRESSION_LEVEL 5 --MAX_RECORDS_IN_RAM 500000 --CREATE_INDEX false --CREATE_MD5_FILE false --help false --version false --showHidden false --USE_JDK_DEFLATER false --USE_JDK_INFLATER false
[Thu Apr 09 14:26:15 CEST 2026] Executing as fdeckert@d012 on Linux 4.18.0-553.5.1.el8_10.x86_64 amd64; OpenJDK 64-Bit Server VM 17.0.15+6; Deflater: Intel; Inflater: Intel; Provider GCS is not available; Picard version: Version:3.0.0
INFO	2026-04-09 14:26:25	SamToFastq	Processed     1,000,000 records.  Elapsed time: 00:00:10s.  Time for last 1,000,000:   10s.  Last read position: */*
[Thu Apr 09 14:26:33 CEST 2026] picard.sam.SamToFastq done. Elapsed time: 0.29 minutes.
Runtime.totalMemory()=2181038080
14:26:33.547 INFO  NativeLibraryLoader - Loading libgkl_compression.so from jar:file:/cm/shared/specific/apps/picard/3.0.0-Java-17/picard.jar!/com/intel/gkl/native/libgkl_compression.so
[Thu Apr 09 14:26:33 CEST 2026] SamToFastq --INPUT /nobackup/lab_bsf/samples/BSF_1609_H57CKDRX5/BSF_1609_H57CKDRX5_2_samples/BSF_1609_H57CKDRX5_2#FD_025_S148809.bam --FASTQ /nobackup/peer/fdeckert/FD20200109SPLENO/geo/bulkRNAseq/FD_025_R2.fastq.gz --OUTPUT_PER_RG false --COMPRESS_OUTPUTS_PER_RG false --RG_TAG PU --RE_REVERSE true --INTERLEAVE false --INCLUDE_NON_PF_READS false --CLIPPING_MIN_LENGTH 0 --READ1_TRIM 0 --READ2_TRIM 0 --INCLUDE_NON_PRIMARY_ALIGNMENTS false --VERBOSITY INFO --QUIET false --VALIDATION_STRINGENCY STRICT --COMPRESSION_LEVEL 5 --MAX_RECORDS_IN_RAM 500000 --CREATE_INDEX false --CREATE_MD5_FILE false --help false --version false --showHidden false --USE_JDK_DEFLATER false --USE_JDK_INFLATER false
[Thu Apr 09 14:26:33 CEST 2026] Executing as fdeckert@d012 on Linux 4.18.0-553.5.1.el8_10.x86_64 amd64; OpenJDK 64-Bit Server VM 17.0.15+6; Deflater: Intel; Inflater: Intel; Provider GCS is not available; Picard version: Version:3.0.0
INFO	2026-04-09 14:26:43	SamToFastq	Processed     1,000,000 records.  Elapsed time: 00:00:10s.  Time for last 1,000,000:   10s.  Last read position: */*
[Thu Apr 09 14:26:51 CEST 2026] picard.sam.SamToFastq done. Elapsed time: 0.30 minutes.
Runtime.totalMemory()=2181038080
14:26:52.374 INFO  NativeLibraryLoader - Loading libgkl_compression.so from jar:file:/cm/shared/specific/apps/picard/3.0.0-Java-17/picard.jar!/com/intel/gkl/native/libgkl_compression.so
[Thu Apr 09 14:26:52 CEST 2026] SamToFastq --INPUT /nobackup/lab_bsf/samples/BSF_1609_H57CKDRX5/BSF_1609_H57CKDRX5_2_samples/BSF_1609_H57CKDRX5_2#FD_026_S148808.bam --FASTQ /nobackup/peer/fdeckert/FD20200109SPLENO/geo/bulkRNAseq/FD_026_R2.fastq.gz --OUTPUT_PER_RG false --COMPRESS_OUTPUTS_PER_RG false --RG_TAG PU --RE_REVERSE true --INTERLEAVE false --INCLUDE_NON_PF_READS false --CLIPPING_MIN_LENGTH 0 --READ1_TRIM 0 --READ2_TRIM 0 --INCLUDE_NON_PRIMARY_ALIGNMENTS false --VERBOSITY INFO --QUIET false --VALIDATION_STRINGENCY STRICT --COMPRESSION_LEVEL 5 --MAX_RECORDS_IN_RAM 500000 --CREATE_INDEX false --CREATE_MD5_FILE false --help false --version false --showHidden false --USE_JDK_DEFLATER false --USE_JDK_INFLATER false
[Thu Apr 09 14:26:52 CEST 2026] Executing as fdeckert@d012 on Linux 4.18.0-553.5.1.el8_10.x86_64 amd64; OpenJDK 64-Bit Server VM 17.0.15+6; Deflater: Intel; Inflater: Intel; Provider GCS is not available; Picard version: Version:3.0.0
INFO	2026-04-09 14:27:02	SamToFastq	Processed     1,000,000 records.  Elapsed time: 00:00:10s.  Time for last 1,000,000:   10s.  Last read position: */*
[Thu Apr 09 14:27:10 CEST 2026] picard.sam.SamToFastq done. Elapsed time: 0.30 minutes.
Runtime.totalMemory()=2181038080
14:27:11.184 INFO  NativeLibraryLoader - Loading libgkl_compression.so from jar:file:/cm/shared/specific/apps/picard/3.0.0-Java-17/picard.jar!/com/intel/gkl/native/libgkl_compression.so
[Thu Apr 09 14:27:11 CEST 2026] SamToFastq --INPUT /nobackup/lab_bsf/samples/BSF_1609_H57CKDRX5/BSF_1609_H57CKDRX5_2_samples/BSF_1609_H57CKDRX5_2#FD_027_S148811.bam --FASTQ /nobackup/peer/fdeckert/FD20200109SPLENO/geo/bulkRNAseq/FD_027_R2.fastq.gz --OUTPUT_PER_RG false --COMPRESS_OUTPUTS_PER_RG false --RG_TAG PU --RE_REVERSE true --INTERLEAVE false --INCLUDE_NON_PF_READS false --CLIPPING_MIN_LENGTH 0 --READ1_TRIM 0 --READ2_TRIM 0 --INCLUDE_NON_PRIMARY_ALIGNMENTS false --VERBOSITY INFO --QUIET false --VALIDATION_STRINGENCY STRICT --COMPRESSION_LEVEL 5 --MAX_RECORDS_IN_RAM 500000 --CREATE_INDEX false --CREATE_MD5_FILE false --help false --version false --showHidden false --USE_JDK_DEFLATER false --USE_JDK_INFLATER false
[Thu Apr 09 14:27:11 CEST 2026] Executing as fdeckert@d012 on Linux 4.18.0-553.5.1.el8_10.x86_64 amd64; OpenJDK 64-Bit Server VM 17.0.15+6; Deflater: Intel; Inflater: Intel; Provider GCS is not available; Picard version: Version:3.0.0
INFO	2026-04-09 14:27:21	SamToFastq	Processed     1,000,000 records.  Elapsed time: 00:00:10s.  Time for last 1,000,000:   10s.  Last read position: */*
[Thu Apr 09 14:27:27 CEST 2026] picard.sam.SamToFastq done. Elapsed time: 0.27 minutes.
Runtime.totalMemory()=2181038080
14:27:27.865 INFO  NativeLibraryLoader - Loading libgkl_compression.so from jar:file:/cm/shared/specific/apps/picard/3.0.0-Java-17/picard.jar!/com/intel/gkl/native/libgkl_compression.so
[Thu Apr 09 14:27:27 CEST 2026] SamToFastq --INPUT /nobackup/lab_bsf/samples/BSF_1609_H57CKDRX5/BSF_1609_H57CKDRX5_2_samples/BSF_1609_H57CKDRX5_2#FD_028_S148810.bam --FASTQ /nobackup/peer/fdeckert/FD20200109SPLENO/geo/bulkRNAseq/FD_028_R2.fastq.gz --OUTPUT_PER_RG false --COMPRESS_OUTPUTS_PER_RG false --RG_TAG PU --RE_REVERSE true --INTERLEAVE false --INCLUDE_NON_PF_READS false --CLIPPING_MIN_LENGTH 0 --READ1_TRIM 0 --READ2_TRIM 0 --INCLUDE_NON_PRIMARY_ALIGNMENTS false --VERBOSITY INFO --QUIET false --VALIDATION_STRINGENCY STRICT --COMPRESSION_LEVEL 5 --MAX_RECORDS_IN_RAM 500000 --CREATE_INDEX false --CREATE_MD5_FILE false --help false --version false --showHidden false --USE_JDK_DEFLATER false --USE_JDK_INFLATER false
[Thu Apr 09 14:27:27 CEST 2026] Executing as fdeckert@d012 on Linux 4.18.0-553.5.1.el8_10.x86_64 amd64; OpenJDK 64-Bit Server VM 17.0.15+6; Deflater: Intel; Inflater: Intel; Provider GCS is not available; Picard version: Version:3.0.0
INFO	2026-04-09 14:27:37	SamToFastq	Processed     1,000,000 records.  Elapsed time: 00:00:09s.  Time for last 1,000,000:    9s.  Last read position: */*
INFO	2026-04-09 14:27:47	SamToFastq	Processed     2,000,000 records.  Elapsed time: 00:00:19s.  Time for last 1,000,000:    9s.  Last read position: */*
[Thu Apr 09 14:27:49 CEST 2026] picard.sam.SamToFastq done. Elapsed time: 0.36 minutes.
Runtime.totalMemory()=2181038080
14:27:50.272 INFO  NativeLibraryLoader - Loading libgkl_compression.so from jar:file:/cm/shared/specific/apps/picard/3.0.0-Java-17/picard.jar!/com/intel/gkl/native/libgkl_compression.so
[Thu Apr 09 14:27:50 CEST 2026] SamToFastq --INPUT /nobackup/lab_bsf/samples/BSF_1609_H57CKDRX5/BSF_1609_H57CKDRX5_2_samples/BSF_1609_H57CKDRX5_2#FD_029_S148813.bam --FASTQ /nobackup/peer/fdeckert/FD20200109SPLENO/geo/bulkRNAseq/FD_029_R2.fastq.gz --OUTPUT_PER_RG false --COMPRESS_OUTPUTS_PER_RG false --RG_TAG PU --RE_REVERSE true --INTERLEAVE false --INCLUDE_NON_PF_READS false --CLIPPING_MIN_LENGTH 0 --READ1_TRIM 0 --READ2_TRIM 0 --INCLUDE_NON_PRIMARY_ALIGNMENTS false --VERBOSITY INFO --QUIET false --VALIDATION_STRINGENCY STRICT --COMPRESSION_LEVEL 5 --MAX_RECORDS_IN_RAM 500000 --CREATE_INDEX false --CREATE_MD5_FILE false --help false --version false --showHidden false --USE_JDK_DEFLATER false --USE_JDK_INFLATER false
[Thu Apr 09 14:27:50 CEST 2026] Executing as fdeckert@d012 on Linux 4.18.0-553.5.1.el8_10.x86_64 amd64; OpenJDK 64-Bit Server VM 17.0.15+6; Deflater: Intel; Inflater: Intel; Provider GCS is not available; Picard version: Version:3.0.0
INFO	2026-04-09 14:28:00	SamToFastq	Processed     1,000,000 records.  Elapsed time: 00:00:10s.  Time for last 1,000,000:   10s.  Last read position: */*
[Thu Apr 09 14:28:08 CEST 2026] picard.sam.SamToFastq done. Elapsed time: 0.30 minutes.
Runtime.totalMemory()=2181038080
14:28:09.031 INFO  NativeLibraryLoader - Loading libgkl_compression.so from jar:file:/cm/shared/specific/apps/picard/3.0.0-Java-17/picard.jar!/com/intel/gkl/native/libgkl_compression.so
[Thu Apr 09 14:28:09 CEST 2026] SamToFastq --INPUT /nobackup/lab_bsf/samples/BSF_1609_H57CKDRX5/BSF_1609_H57CKDRX5_2_samples/BSF_1609_H57CKDRX5_2#FD_030_S148812.bam --FASTQ /nobackup/peer/fdeckert/FD20200109SPLENO/geo/bulkRNAseq/FD_030_R2.fastq.gz --OUTPUT_PER_RG false --COMPRESS_OUTPUTS_PER_RG false --RG_TAG PU --RE_REVERSE true --INTERLEAVE false --INCLUDE_NON_PF_READS false --CLIPPING_MIN_LENGTH 0 --READ1_TRIM 0 --READ2_TRIM 0 --INCLUDE_NON_PRIMARY_ALIGNMENTS false --VERBOSITY INFO --QUIET false --VALIDATION_STRINGENCY STRICT --COMPRESSION_LEVEL 5 --MAX_RECORDS_IN_RAM 500000 --CREATE_INDEX false --CREATE_MD5_FILE false --help false --version false --showHidden false --USE_JDK_DEFLATER false --USE_JDK_INFLATER false
[Thu Apr 09 14:28:09 CEST 2026] Executing as fdeckert@d012 on Linux 4.18.0-553.5.1.el8_10.x86_64 amd64; OpenJDK 64-Bit Server VM 17.0.15+6; Deflater: Intel; Inflater: Intel; Provider GCS is not available; Picard version: Version:3.0.0
INFO	2026-04-09 14:28:19	SamToFastq	Processed     1,000,000 records.  Elapsed time: 00:00:10s.  Time for last 1,000,000:   10s.  Last read position: */*
[Thu Apr 09 14:28:28 CEST 2026] picard.sam.SamToFastq done. Elapsed time: 0.32 minutes.
Runtime.totalMemory()=2181038080
14:28:28.931 INFO  NativeLibraryLoader - Loading libgkl_compression.so from jar:file:/cm/shared/specific/apps/picard/3.0.0-Java-17/picard.jar!/com/intel/gkl/native/libgkl_compression.so
[Thu Apr 09 14:28:28 CEST 2026] SamToFastq --INPUT /nobackup/lab_bsf/samples/BSF_1609_H57CKDRX5/BSF_1609_H57CKDRX5_2_samples/BSF_1609_H57CKDRX5_2#FD_031_S148815.bam --FASTQ /nobackup/peer/fdeckert/FD20200109SPLENO/geo/bulkRNAseq/FD_031_R2.fastq.gz --OUTPUT_PER_RG false --COMPRESS_OUTPUTS_PER_RG false --RG_TAG PU --RE_REVERSE true --INTERLEAVE false --INCLUDE_NON_PF_READS false --CLIPPING_MIN_LENGTH 0 --READ1_TRIM 0 --READ2_TRIM 0 --INCLUDE_NON_PRIMARY_ALIGNMENTS false --VERBOSITY INFO --QUIET false --VALIDATION_STRINGENCY STRICT --COMPRESSION_LEVEL 5 --MAX_RECORDS_IN_RAM 500000 --CREATE_INDEX false --CREATE_MD5_FILE false --help false --version false --showHidden false --USE_JDK_DEFLATER false --USE_JDK_INFLATER false
[Thu Apr 09 14:28:28 CEST 2026] Executing as fdeckert@d012 on Linux 4.18.0-553.5.1.el8_10.x86_64 amd64; OpenJDK 64-Bit Server VM 17.0.15+6; Deflater: Intel; Inflater: Intel; Provider GCS is not available; Picard version: Version:3.0.0
INFO	2026-04-09 14:28:39	SamToFastq	Processed     1,000,000 records.  Elapsed time: 00:00:10s.  Time for last 1,000,000:   10s.  Last read position: */*
[Thu Apr 09 14:28:44 CEST 2026] picard.sam.SamToFastq done. Elapsed time: 0.27 minutes.
Runtime.totalMemory()=2181038080
14:28:45.527 INFO  NativeLibraryLoader - Loading libgkl_compression.so from jar:file:/cm/shared/specific/apps/picard/3.0.0-Java-17/picard.jar!/com/intel/gkl/native/libgkl_compression.so
[Thu Apr 09 14:28:45 CEST 2026] SamToFastq --INPUT /nobackup/lab_bsf/samples/BSF_1609_H57CKDRX5/BSF_1609_H57CKDRX5_2_samples/BSF_1609_H57CKDRX5_2#FD_032_S148814.bam --FASTQ /nobackup/peer/fdeckert/FD20200109SPLENO/geo/bulkRNAseq/FD_032_R2.fastq.gz --OUTPUT_PER_RG false --COMPRESS_OUTPUTS_PER_RG false --RG_TAG PU --RE_REVERSE true --INTERLEAVE false --INCLUDE_NON_PF_READS false --CLIPPING_MIN_LENGTH 0 --READ1_TRIM 0 --READ2_TRIM 0 --INCLUDE_NON_PRIMARY_ALIGNMENTS false --VERBOSITY INFO --QUIET false --VALIDATION_STRINGENCY STRICT --COMPRESSION_LEVEL 5 --MAX_RECORDS_IN_RAM 500000 --CREATE_INDEX false --CREATE_MD5_FILE false --help false --version false --showHidden false --USE_JDK_DEFLATER false --USE_JDK_INFLATER false
[Thu Apr 09 14:28:45 CEST 2026] Executing as fdeckert@d012 on Linux 4.18.0-553.5.1.el8_10.x86_64 amd64; OpenJDK 64-Bit Server VM 17.0.15+6; Deflater: Intel; Inflater: Intel; Provider GCS is not available; Picard version: Version:3.0.0
INFO	2026-04-09 14:28:55	SamToFastq	Processed     1,000,000 records.  Elapsed time: 00:00:10s.  Time for last 1,000,000:   10s.  Last read position: */*
[Thu Apr 09 14:29:01 CEST 2026] picard.sam.SamToFastq done. Elapsed time: 0.26 minutes.
Runtime.totalMemory()=2181038080
14:29:01.915 INFO  NativeLibraryLoader - Loading libgkl_compression.so from jar:file:/cm/shared/specific/apps/picard/3.0.0-Java-17/picard.jar!/com/intel/gkl/native/libgkl_compression.so
[Thu Apr 09 14:29:01 CEST 2026] SamToFastq --INPUT /nobackup/lab_bsf/samples/BSF_1609_H57CKDRX5/BSF_1609_H57CKDRX5_2_samples/BSF_1609_H57CKDRX5_2#FD_033_S148817.bam --FASTQ /nobackup/peer/fdeckert/FD20200109SPLENO/geo/bulkRNAseq/FD_033_R2.fastq.gz --OUTPUT_PER_RG false --COMPRESS_OUTPUTS_PER_RG false --RG_TAG PU --RE_REVERSE true --INTERLEAVE false --INCLUDE_NON_PF_READS false --CLIPPING_MIN_LENGTH 0 --READ1_TRIM 0 --READ2_TRIM 0 --INCLUDE_NON_PRIMARY_ALIGNMENTS false --VERBOSITY INFO --QUIET false --VALIDATION_STRINGENCY STRICT --COMPRESSION_LEVEL 5 --MAX_RECORDS_IN_RAM 500000 --CREATE_INDEX false --CREATE_MD5_FILE false --help false --version false --showHidden false --USE_JDK_DEFLATER false --USE_JDK_INFLATER false
[Thu Apr 09 14:29:01 CEST 2026] Executing as fdeckert@d012 on Linux 4.18.0-553.5.1.el8_10.x86_64 amd64; OpenJDK 64-Bit Server VM 17.0.15+6; Deflater: Intel; Inflater: Intel; Provider GCS is not available; Picard version: Version:3.0.0
INFO	2026-04-09 14:29:12	SamToFastq	Processed     1,000,000 records.  Elapsed time: 00:00:10s.  Time for last 1,000,000:   10s.  Last read position: */*
[Thu Apr 09 14:29:20 CEST 2026] picard.sam.SamToFastq done. Elapsed time: 0.31 minutes.
Runtime.totalMemory()=2181038080
14:29:21.025 INFO  NativeLibraryLoader - Loading libgkl_compression.so from jar:file:/cm/shared/specific/apps/picard/3.0.0-Java-17/picard.jar!/com/intel/gkl/native/libgkl_compression.so
[Thu Apr 09 14:29:21 CEST 2026] SamToFastq --INPUT /nobackup/lab_bsf/samples/BSF_1609_H57CKDRX5/BSF_1609_H57CKDRX5_2_samples/BSF_1609_H57CKDRX5_2#FD_034_S148816.bam --FASTQ /nobackup/peer/fdeckert/FD20200109SPLENO/geo/bulkRNAseq/FD_034_R2.fastq.gz --OUTPUT_PER_RG false --COMPRESS_OUTPUTS_PER_RG false --RG_TAG PU --RE_REVERSE true --INTERLEAVE false --INCLUDE_NON_PF_READS false --CLIPPING_MIN_LENGTH 0 --READ1_TRIM 0 --READ2_TRIM 0 --INCLUDE_NON_PRIMARY_ALIGNMENTS false --VERBOSITY INFO --QUIET false --VALIDATION_STRINGENCY STRICT --COMPRESSION_LEVEL 5 --MAX_RECORDS_IN_RAM 500000 --CREATE_INDEX false --CREATE_MD5_FILE false --help false --version false --showHidden false --USE_JDK_DEFLATER false --USE_JDK_INFLATER false
[Thu Apr 09 14:29:21 CEST 2026] Executing as fdeckert@d012 on Linux 4.18.0-553.5.1.el8_10.x86_64 amd64; OpenJDK 64-Bit Server VM 17.0.15+6; Deflater: Intel; Inflater: Intel; Provider GCS is not available; Picard version: Version:3.0.0
INFO	2026-04-09 14:29:31	SamToFastq	Processed     1,000,000 records.  Elapsed time: 00:00:10s.  Time for last 1,000,000:   10s.  Last read position: */*
[Thu Apr 09 14:29:34 CEST 2026] picard.sam.SamToFastq done. Elapsed time: 0.23 minutes.
Runtime.totalMemory()=2181038080
14:29:35.249 INFO  NativeLibraryLoader - Loading libgkl_compression.so from jar:file:/cm/shared/specific/apps/picard/3.0.0-Java-17/picard.jar!/com/intel/gkl/native/libgkl_compression.so
[Thu Apr 09 14:29:35 CEST 2026] SamToFastq --INPUT /nobackup/lab_bsf/samples/BSF_1609_H57CKDRX5/BSF_1609_H57CKDRX5_2_samples/BSF_1609_H57CKDRX5_2#FD_035_S148819.bam --FASTQ /nobackup/peer/fdeckert/FD20200109SPLENO/geo/bulkRNAseq/FD_035_R2.fastq.gz --OUTPUT_PER_RG false --COMPRESS_OUTPUTS_PER_RG false --RG_TAG PU --RE_REVERSE true --INTERLEAVE false --INCLUDE_NON_PF_READS false --CLIPPING_MIN_LENGTH 0 --READ1_TRIM 0 --READ2_TRIM 0 --INCLUDE_NON_PRIMARY_ALIGNMENTS false --VERBOSITY INFO --QUIET false --VALIDATION_STRINGENCY STRICT --COMPRESSION_LEVEL 5 --MAX_RECORDS_IN_RAM 500000 --CREATE_INDEX false --CREATE_MD5_FILE false --help false --version false --showHidden false --USE_JDK_DEFLATER false --USE_JDK_INFLATER false
[Thu Apr 09 14:29:35 CEST 2026] Executing as fdeckert@d012 on Linux 4.18.0-553.5.1.el8_10.x86_64 amd64; OpenJDK 64-Bit Server VM 17.0.15+6; Deflater: Intel; Inflater: Intel; Provider GCS is not available; Picard version: Version:3.0.0
INFO	2026-04-09 14:29:45	SamToFastq	Processed     1,000,000 records.  Elapsed time: 00:00:10s.  Time for last 1,000,000:   10s.  Last read position: */*
[Thu Apr 09 14:29:50 CEST 2026] picard.sam.SamToFastq done. Elapsed time: 0.25 minutes.
Runtime.totalMemory()=2181038080
14:29:51.120 INFO  NativeLibraryLoader - Loading libgkl_compression.so from jar:file:/cm/shared/specific/apps/picard/3.0.0-Java-17/picard.jar!/com/intel/gkl/native/libgkl_compression.so
[Thu Apr 09 14:29:51 CEST 2026] SamToFastq --INPUT /nobackup/lab_bsf/samples/BSF_1609_H57CKDRX5/BSF_1609_H57CKDRX5_2_samples/BSF_1609_H57CKDRX5_2#FD_036_S148818.bam --FASTQ /nobackup/peer/fdeckert/FD20200109SPLENO/geo/bulkRNAseq/FD_036_R2.fastq.gz --OUTPUT_PER_RG false --COMPRESS_OUTPUTS_PER_RG false --RG_TAG PU --RE_REVERSE true --INTERLEAVE false --INCLUDE_NON_PF_READS false --CLIPPING_MIN_LENGTH 0 --READ1_TRIM 0 --READ2_TRIM 0 --INCLUDE_NON_PRIMARY_ALIGNMENTS false --VERBOSITY INFO --QUIET false --VALIDATION_STRINGENCY STRICT --COMPRESSION_LEVEL 5 --MAX_RECORDS_IN_RAM 500000 --CREATE_INDEX false --CREATE_MD5_FILE false --help false --version false --showHidden false --USE_JDK_DEFLATER false --USE_JDK_INFLATER false
[Thu Apr 09 14:29:51 CEST 2026] Executing as fdeckert@d012 on Linux 4.18.0-553.5.1.el8_10.x86_64 amd64; OpenJDK 64-Bit Server VM 17.0.15+6; Deflater: Intel; Inflater: Intel; Provider GCS is not available; Picard version: Version:3.0.0
INFO	2026-04-09 14:30:01	SamToFastq	Processed     1,000,000 records.  Elapsed time: 00:00:10s.  Time for last 1,000,000:   10s.  Last read position: */*
[Thu Apr 09 14:30:06 CEST 2026] picard.sam.SamToFastq done. Elapsed time: 0.25 minutes.
Runtime.totalMemory()=2181038080
14:30:06.950 INFO  NativeLibraryLoader - Loading libgkl_compression.so from jar:file:/cm/shared/specific/apps/picard/3.0.0-Java-17/picard.jar!/com/intel/gkl/native/libgkl_compression.so
[Thu Apr 09 14:30:06 CEST 2026] SamToFastq --INPUT /nobackup/lab_bsf/samples/BSF_1609_H57CKDRX5/BSF_1609_H57CKDRX5_2_samples/BSF_1609_H57CKDRX5_2#FD_037_S148821.bam --FASTQ /nobackup/peer/fdeckert/FD20200109SPLENO/geo/bulkRNAseq/FD_037_R2.fastq.gz --OUTPUT_PER_RG false --COMPRESS_OUTPUTS_PER_RG false --RG_TAG PU --RE_REVERSE true --INTERLEAVE false --INCLUDE_NON_PF_READS false --CLIPPING_MIN_LENGTH 0 --READ1_TRIM 0 --READ2_TRIM 0 --INCLUDE_NON_PRIMARY_ALIGNMENTS false --VERBOSITY INFO --QUIET false --VALIDATION_STRINGENCY STRICT --COMPRESSION_LEVEL 5 --MAX_RECORDS_IN_RAM 500000 --CREATE_INDEX false --CREATE_MD5_FILE false --help false --version false --showHidden false --USE_JDK_DEFLATER false --USE_JDK_INFLATER false
[Thu Apr 09 14:30:06 CEST 2026] Executing as fdeckert@d012 on Linux 4.18.0-553.5.1.el8_10.x86_64 amd64; OpenJDK 64-Bit Server VM 17.0.15+6; Deflater: Intel; Inflater: Intel; Provider GCS is not available; Picard version: Version:3.0.0
INFO	2026-04-09 14:30:17	SamToFastq	Processed     1,000,000 records.  Elapsed time: 00:00:10s.  Time for last 1,000,000:   10s.  Last read position: */*
[Thu Apr 09 14:30:20 CEST 2026] picard.sam.SamToFastq done. Elapsed time: 0.23 minutes.
Runtime.totalMemory()=2181038080
14:30:21.083 INFO  NativeLibraryLoader - Loading libgkl_compression.so from jar:file:/cm/shared/specific/apps/picard/3.0.0-Java-17/picard.jar!/com/intel/gkl/native/libgkl_compression.so
[Thu Apr 09 14:30:21 CEST 2026] SamToFastq --INPUT /nobackup/lab_bsf/samples/BSF_1609_H57CKDRX5/BSF_1609_H57CKDRX5_2_samples/BSF_1609_H57CKDRX5_2#FD_038_S148820.bam --FASTQ /nobackup/peer/fdeckert/FD20200109SPLENO/geo/bulkRNAseq/FD_038_R2.fastq.gz --OUTPUT_PER_RG false --COMPRESS_OUTPUTS_PER_RG false --RG_TAG PU --RE_REVERSE true --INTERLEAVE false --INCLUDE_NON_PF_READS false --CLIPPING_MIN_LENGTH 0 --READ1_TRIM 0 --READ2_TRIM 0 --INCLUDE_NON_PRIMARY_ALIGNMENTS false --VERBOSITY INFO --QUIET false --VALIDATION_STRINGENCY STRICT --COMPRESSION_LEVEL 5 --MAX_RECORDS_IN_RAM 500000 --CREATE_INDEX false --CREATE_MD5_FILE false --help false --version false --showHidden false --USE_JDK_DEFLATER false --USE_JDK_INFLATER false
[Thu Apr 09 14:30:21 CEST 2026] Executing as fdeckert@d012 on Linux 4.18.0-553.5.1.el8_10.x86_64 amd64; OpenJDK 64-Bit Server VM 17.0.15+6; Deflater: Intel; Inflater: Intel; Provider GCS is not available; Picard version: Version:3.0.0
INFO	2026-04-09 14:30:31	SamToFastq	Processed     1,000,000 records.  Elapsed time: 00:00:10s.  Time for last 1,000,000:   10s.  Last read position: */*
[Thu Apr 09 14:30:36 CEST 2026] picard.sam.SamToFastq done. Elapsed time: 0.26 minutes.
Runtime.totalMemory()=2181038080
14:30:37.309 INFO  NativeLibraryLoader - Loading libgkl_compression.so from jar:file:/cm/shared/specific/apps/picard/3.0.0-Java-17/picard.jar!/com/intel/gkl/native/libgkl_compression.so
[Thu Apr 09 14:30:37 CEST 2026] SamToFastq --INPUT /nobackup/lab_bsf/samples/BSF_1609_H57CKDRX5/BSF_1609_H57CKDRX5_2_samples/BSF_1609_H57CKDRX5_2#FD_039_S148823.bam --FASTQ /nobackup/peer/fdeckert/FD20200109SPLENO/geo/bulkRNAseq/FD_039_R2.fastq.gz --OUTPUT_PER_RG false --COMPRESS_OUTPUTS_PER_RG false --RG_TAG PU --RE_REVERSE true --INTERLEAVE false --INCLUDE_NON_PF_READS false --CLIPPING_MIN_LENGTH 0 --READ1_TRIM 0 --READ2_TRIM 0 --INCLUDE_NON_PRIMARY_ALIGNMENTS false --VERBOSITY INFO --QUIET false --VALIDATION_STRINGENCY STRICT --COMPRESSION_LEVEL 5 --MAX_RECORDS_IN_RAM 500000 --CREATE_INDEX false --CREATE_MD5_FILE false --help false --version false --showHidden false --USE_JDK_DEFLATER false --USE_JDK_INFLATER false
[Thu Apr 09 14:30:37 CEST 2026] Executing as fdeckert@d012 on Linux 4.18.0-553.5.1.el8_10.x86_64 amd64; OpenJDK 64-Bit Server VM 17.0.15+6; Deflater: Intel; Inflater: Intel; Provider GCS is not available; Picard version: Version:3.0.0
INFO	2026-04-09 14:30:47	SamToFastq	Processed     1,000,000 records.  Elapsed time: 00:00:10s.  Time for last 1,000,000:   10s.  Last read position: */*
[Thu Apr 09 14:30:54 CEST 2026] picard.sam.SamToFastq done. Elapsed time: 0.29 minutes.
Runtime.totalMemory()=2181038080
14:30:55.177 INFO  NativeLibraryLoader - Loading libgkl_compression.so from jar:file:/cm/shared/specific/apps/picard/3.0.0-Java-17/picard.jar!/com/intel/gkl/native/libgkl_compression.so
[Thu Apr 09 14:30:55 CEST 2026] SamToFastq --INPUT /nobackup/lab_bsf/samples/BSF_1609_H57CKDRX5/BSF_1609_H57CKDRX5_2_samples/BSF_1609_H57CKDRX5_2#FD_040_S148822.bam --FASTQ /nobackup/peer/fdeckert/FD20200109SPLENO/geo/bulkRNAseq/FD_040_R2.fastq.gz --OUTPUT_PER_RG false --COMPRESS_OUTPUTS_PER_RG false --RG_TAG PU --RE_REVERSE true --INTERLEAVE false --INCLUDE_NON_PF_READS false --CLIPPING_MIN_LENGTH 0 --READ1_TRIM 0 --READ2_TRIM 0 --INCLUDE_NON_PRIMARY_ALIGNMENTS false --VERBOSITY INFO --QUIET false --VALIDATION_STRINGENCY STRICT --COMPRESSION_LEVEL 5 --MAX_RECORDS_IN_RAM 500000 --CREATE_INDEX false --CREATE_MD5_FILE false --help false --version false --showHidden false --USE_JDK_DEFLATER false --USE_JDK_INFLATER false
[Thu Apr 09 14:30:55 CEST 2026] Executing as fdeckert@d012 on Linux 4.18.0-553.5.1.el8_10.x86_64 amd64; OpenJDK 64-Bit Server VM 17.0.15+6; Deflater: Intel; Inflater: Intel; Provider GCS is not available; Picard version: Version:3.0.0
INFO	2026-04-09 14:31:05	SamToFastq	Processed     1,000,000 records.  Elapsed time: 00:00:10s.  Time for last 1,000,000:   10s.  Last read position: */*
INFO	2026-04-09 14:31:15	SamToFastq	Processed     2,000,000 records.  Elapsed time: 00:00:20s.  Time for last 1,000,000:    9s.  Last read position: */*
[Thu Apr 09 14:31:15 CEST 2026] picard.sam.SamToFastq done. Elapsed time: 0.34 minutes.
Runtime.totalMemory()=2181038080
14:31:16.398 INFO  NativeLibraryLoader - Loading libgkl_compression.so from jar:file:/cm/shared/specific/apps/picard/3.0.0-Java-17/picard.jar!/com/intel/gkl/native/libgkl_compression.so
[Thu Apr 09 14:31:16 CEST 2026] SamToFastq --INPUT /nobackup/lab_bsf/samples/BSF_1609_H57CKDRX5/BSF_1609_H57CKDRX5_2_samples/BSF_1609_H57CKDRX5_2#FD_041_S148825.bam --FASTQ /nobackup/peer/fdeckert/FD20200109SPLENO/geo/bulkRNAseq/FD_041_R2.fastq.gz --OUTPUT_PER_RG false --COMPRESS_OUTPUTS_PER_RG false --RG_TAG PU --RE_REVERSE true --INTERLEAVE false --INCLUDE_NON_PF_READS false --CLIPPING_MIN_LENGTH 0 --READ1_TRIM 0 --READ2_TRIM 0 --INCLUDE_NON_PRIMARY_ALIGNMENTS false --VERBOSITY INFO --QUIET false --VALIDATION_STRINGENCY STRICT --COMPRESSION_LEVEL 5 --MAX_RECORDS_IN_RAM 500000 --CREATE_INDEX false --CREATE_MD5_FILE false --help false --version false --showHidden false --USE_JDK_DEFLATER false --USE_JDK_INFLATER false
[Thu Apr 09 14:31:16 CEST 2026] Executing as fdeckert@d012 on Linux 4.18.0-553.5.1.el8_10.x86_64 amd64; OpenJDK 64-Bit Server VM 17.0.15+6; Deflater: Intel; Inflater: Intel; Provider GCS is not available; Picard version: Version:3.0.0
INFO	2026-04-09 14:31:26	SamToFastq	Processed     1,000,000 records.  Elapsed time: 00:00:10s.  Time for last 1,000,000:   10s.  Last read position: */*
[Thu Apr 09 14:31:34 CEST 2026] picard.sam.SamToFastq done. Elapsed time: 0.29 minutes.
Runtime.totalMemory()=2181038080
14:31:34.665 INFO  NativeLibraryLoader - Loading libgkl_compression.so from jar:file:/cm/shared/specific/apps/picard/3.0.0-Java-17/picard.jar!/com/intel/gkl/native/libgkl_compression.so
[Thu Apr 09 14:31:34 CEST 2026] SamToFastq --INPUT /nobackup/lab_bsf/samples/BSF_1609_H57CKDRX5/BSF_1609_H57CKDRX5_2_samples/BSF_1609_H57CKDRX5_2#FD_042_S148824.bam --FASTQ /nobackup/peer/fdeckert/FD20200109SPLENO/geo/bulkRNAseq/FD_042_R2.fastq.gz --OUTPUT_PER_RG false --COMPRESS_OUTPUTS_PER_RG false --RG_TAG PU --RE_REVERSE true --INTERLEAVE false --INCLUDE_NON_PF_READS false --CLIPPING_MIN_LENGTH 0 --READ1_TRIM 0 --READ2_TRIM 0 --INCLUDE_NON_PRIMARY_ALIGNMENTS false --VERBOSITY INFO --QUIET false --VALIDATION_STRINGENCY STRICT --COMPRESSION_LEVEL 5 --MAX_RECORDS_IN_RAM 500000 --CREATE_INDEX false --CREATE_MD5_FILE false --help false --version false --showHidden false --USE_JDK_DEFLATER false --USE_JDK_INFLATER false
[Thu Apr 09 14:31:34 CEST 2026] Executing as fdeckert@d012 on Linux 4.18.0-553.5.1.el8_10.x86_64 amd64; OpenJDK 64-Bit Server VM 17.0.15+6; Deflater: Intel; Inflater: Intel; Provider GCS is not available; Picard version: Version:3.0.0
INFO	2026-04-09 14:31:44	SamToFastq	Processed     1,000,000 records.  Elapsed time: 00:00:10s.  Time for last 1,000,000:   10s.  Last read position: */*
[Thu Apr 09 14:31:51 CEST 2026] picard.sam.SamToFastq done. Elapsed time: 0.29 minutes.
Runtime.totalMemory()=2181038080
14:31:52.421 INFO  NativeLibraryLoader - Loading libgkl_compression.so from jar:file:/cm/shared/specific/apps/picard/3.0.0-Java-17/picard.jar!/com/intel/gkl/native/libgkl_compression.so
[Thu Apr 09 14:31:52 CEST 2026] SamToFastq --INPUT /nobackup/lab_bsf/samples/BSF_1609_H57CKDRX5/BSF_1609_H57CKDRX5_2_samples/BSF_1609_H57CKDRX5_2#FD_043_S148833.bam --FASTQ /nobackup/peer/fdeckert/FD20200109SPLENO/geo/bulkRNAseq/FD_043_R2.fastq.gz --OUTPUT_PER_RG false --COMPRESS_OUTPUTS_PER_RG false --RG_TAG PU --RE_REVERSE true --INTERLEAVE false --INCLUDE_NON_PF_READS false --CLIPPING_MIN_LENGTH 0 --READ1_TRIM 0 --READ2_TRIM 0 --INCLUDE_NON_PRIMARY_ALIGNMENTS false --VERBOSITY INFO --QUIET false --VALIDATION_STRINGENCY STRICT --COMPRESSION_LEVEL 5 --MAX_RECORDS_IN_RAM 500000 --CREATE_INDEX false --CREATE_MD5_FILE false --help false --version false --showHidden false --USE_JDK_DEFLATER false --USE_JDK_INFLATER false
[Thu Apr 09 14:31:52 CEST 2026] Executing as fdeckert@d012 on Linux 4.18.0-553.5.1.el8_10.x86_64 amd64; OpenJDK 64-Bit Server VM 17.0.15+6; Deflater: Intel; Inflater: Intel; Provider GCS is not available; Picard version: Version:3.0.0
INFO	2026-04-09 14:32:03	SamToFastq	Processed     1,000,000 records.  Elapsed time: 00:00:10s.  Time for last 1,000,000:   10s.  Last read position: */*
INFO	2026-04-09 14:32:13	SamToFastq	Processed     2,000,000 records.  Elapsed time: 00:00:20s.  Time for last 1,000,000:   10s.  Last read position: */*
[Thu Apr 09 14:32:13 CEST 2026] picard.sam.SamToFastq done. Elapsed time: 0.35 minutes.
Runtime.totalMemory()=2181038080
14:32:14.044 INFO  NativeLibraryLoader - Loading libgkl_compression.so from jar:file:/cm/shared/specific/apps/picard/3.0.0-Java-17/picard.jar!/com/intel/gkl/native/libgkl_compression.so
[Thu Apr 09 14:32:14 CEST 2026] SamToFastq --INPUT /nobackup/lab_bsf/samples/BSF_1609_H57CKDRX5/BSF_1609_H57CKDRX5_2_samples/BSF_1609_H57CKDRX5_2#FD_044_S148832.bam --FASTQ /nobackup/peer/fdeckert/FD20200109SPLENO/geo/bulkRNAseq/FD_044_R2.fastq.gz --OUTPUT_PER_RG false --COMPRESS_OUTPUTS_PER_RG false --RG_TAG PU --RE_REVERSE true --INTERLEAVE false --INCLUDE_NON_PF_READS false --CLIPPING_MIN_LENGTH 0 --READ1_TRIM 0 --READ2_TRIM 0 --INCLUDE_NON_PRIMARY_ALIGNMENTS false --VERBOSITY INFO --QUIET false --VALIDATION_STRINGENCY STRICT --COMPRESSION_LEVEL 5 --MAX_RECORDS_IN_RAM 500000 --CREATE_INDEX false --CREATE_MD5_FILE false --help false --version false --showHidden false --USE_JDK_DEFLATER false --USE_JDK_INFLATER false
[Thu Apr 09 14:32:14 CEST 2026] Executing as fdeckert@d012 on Linux 4.18.0-553.5.1.el8_10.x86_64 amd64; OpenJDK 64-Bit Server VM 17.0.15+6; Deflater: Intel; Inflater: Intel; Provider GCS is not available; Picard version: Version:3.0.0
INFO	2026-04-09 14:32:24	SamToFastq	Processed     1,000,000 records.  Elapsed time: 00:00:10s.  Time for last 1,000,000:   10s.  Last read position: */*
[Thu Apr 09 14:32:29 CEST 2026] picard.sam.SamToFastq done. Elapsed time: 0.26 minutes.
Runtime.totalMemory()=2181038080
14:32:30.297 INFO  NativeLibraryLoader - Loading libgkl_compression.so from jar:file:/cm/shared/specific/apps/picard/3.0.0-Java-17/picard.jar!/com/intel/gkl/native/libgkl_compression.so
[Thu Apr 09 14:32:30 CEST 2026] SamToFastq --INPUT /nobackup/lab_bsf/samples/BSF_1609_H57CKDRX5/BSF_1609_H57CKDRX5_2_samples/BSF_1609_H57CKDRX5_2#FD_045_S148835.bam --FASTQ /nobackup/peer/fdeckert/FD20200109SPLENO/geo/bulkRNAseq/FD_045_R2.fastq.gz --OUTPUT_PER_RG false --COMPRESS_OUTPUTS_PER_RG false --RG_TAG PU --RE_REVERSE true --INTERLEAVE false --INCLUDE_NON_PF_READS false --CLIPPING_MIN_LENGTH 0 --READ1_TRIM 0 --READ2_TRIM 0 --INCLUDE_NON_PRIMARY_ALIGNMENTS false --VERBOSITY INFO --QUIET false --VALIDATION_STRINGENCY STRICT --COMPRESSION_LEVEL 5 --MAX_RECORDS_IN_RAM 500000 --CREATE_INDEX false --CREATE_MD5_FILE false --help false --version false --showHidden false --USE_JDK_DEFLATER false --USE_JDK_INFLATER false
[Thu Apr 09 14:32:30 CEST 2026] Executing as fdeckert@d012 on Linux 4.18.0-553.5.1.el8_10.x86_64 amd64; OpenJDK 64-Bit Server VM 17.0.15+6; Deflater: Intel; Inflater: Intel; Provider GCS is not available; Picard version: Version:3.0.0
INFO	2026-04-09 14:32:40	SamToFastq	Processed     1,000,000 records.  Elapsed time: 00:00:10s.  Time for last 1,000,000:   10s.  Last read position: */*
INFO	2026-04-09 14:32:50	SamToFastq	Processed     2,000,000 records.  Elapsed time: 00:00:20s.  Time for last 1,000,000:    9s.  Last read position: */*
[Thu Apr 09 14:32:52 CEST 2026] picard.sam.SamToFastq done. Elapsed time: 0.37 minutes.
Runtime.totalMemory()=2181038080
14:32:53.215 INFO  NativeLibraryLoader - Loading libgkl_compression.so from jar:file:/cm/shared/specific/apps/picard/3.0.0-Java-17/picard.jar!/com/intel/gkl/native/libgkl_compression.so
[Thu Apr 09 14:32:53 CEST 2026] SamToFastq --INPUT /nobackup/lab_bsf/samples/BSF_1609_H57CKDRX5/BSF_1609_H57CKDRX5_2_samples/BSF_1609_H57CKDRX5_2#FD_046_S148834.bam --FASTQ /nobackup/peer/fdeckert/FD20200109SPLENO/geo/bulkRNAseq/FD_046_R2.fastq.gz --OUTPUT_PER_RG false --COMPRESS_OUTPUTS_PER_RG false --RG_TAG PU --RE_REVERSE true --INTERLEAVE false --INCLUDE_NON_PF_READS false --CLIPPING_MIN_LENGTH 0 --READ1_TRIM 0 --READ2_TRIM 0 --INCLUDE_NON_PRIMARY_ALIGNMENTS false --VERBOSITY INFO --QUIET false --VALIDATION_STRINGENCY STRICT --COMPRESSION_LEVEL 5 --MAX_RECORDS_IN_RAM 500000 --CREATE_INDEX false --CREATE_MD5_FILE false --help false --version false --showHidden false --USE_JDK_DEFLATER false --USE_JDK_INFLATER false
[Thu Apr 09 14:32:53 CEST 2026] Executing as fdeckert@d012 on Linux 4.18.0-553.5.1.el8_10.x86_64 amd64; OpenJDK 64-Bit Server VM 17.0.15+6; Deflater: Intel; Inflater: Intel; Provider GCS is not available; Picard version: Version:3.0.0
INFO	2026-04-09 14:33:03	SamToFastq	Processed     1,000,000 records.  Elapsed time: 00:00:10s.  Time for last 1,000,000:   10s.  Last read position: */*
[Thu Apr 09 14:33:13 CEST 2026] picard.sam.SamToFastq done. Elapsed time: 0.34 minutes.
Runtime.totalMemory()=2181038080
14:33:13.975 INFO  NativeLibraryLoader - Loading libgkl_compression.so from jar:file:/cm/shared/specific/apps/picard/3.0.0-Java-17/picard.jar!/com/intel/gkl/native/libgkl_compression.so
[Thu Apr 09 14:33:13 CEST 2026] SamToFastq --INPUT /nobackup/lab_bsf/samples/BSF_1609_H57CKDRX5/BSF_1609_H57CKDRX5_2_samples/BSF_1609_H57CKDRX5_2#FD_047_S148837.bam --FASTQ /nobackup/peer/fdeckert/FD20200109SPLENO/geo/bulkRNAseq/FD_047_R2.fastq.gz --OUTPUT_PER_RG false --COMPRESS_OUTPUTS_PER_RG false --RG_TAG PU --RE_REVERSE true --INTERLEAVE false --INCLUDE_NON_PF_READS false --CLIPPING_MIN_LENGTH 0 --READ1_TRIM 0 --READ2_TRIM 0 --INCLUDE_NON_PRIMARY_ALIGNMENTS false --VERBOSITY INFO --QUIET false --VALIDATION_STRINGENCY STRICT --COMPRESSION_LEVEL 5 --MAX_RECORDS_IN_RAM 500000 --CREATE_INDEX false --CREATE_MD5_FILE false --help false --version false --showHidden false --USE_JDK_DEFLATER false --USE_JDK_INFLATER false
[Thu Apr 09 14:33:14 CEST 2026] Executing as fdeckert@d012 on Linux 4.18.0-553.5.1.el8_10.x86_64 amd64; OpenJDK 64-Bit Server VM 17.0.15+6; Deflater: Intel; Inflater: Intel; Provider GCS is not available; Picard version: Version:3.0.0
INFO	2026-04-09 14:33:24	SamToFastq	Processed     1,000,000 records.  Elapsed time: 00:00:10s.  Time for last 1,000,000:   10s.  Last read position: */*
[Thu Apr 09 14:33:33 CEST 2026] picard.sam.SamToFastq done. Elapsed time: 0.32 minutes.
Runtime.totalMemory()=2181038080
14:33:34.002 INFO  NativeLibraryLoader - Loading libgkl_compression.so from jar:file:/cm/shared/specific/apps/picard/3.0.0-Java-17/picard.jar!/com/intel/gkl/native/libgkl_compression.so
[Thu Apr 09 14:33:34 CEST 2026] SamToFastq --INPUT /nobackup/lab_bsf/samples/BSF_1609_H57CKDRX5/BSF_1609_H57CKDRX5_2_samples/BSF_1609_H57CKDRX5_2#FD_048_S148836.bam --FASTQ /nobackup/peer/fdeckert/FD20200109SPLENO/geo/bulkRNAseq/FD_048_R2.fastq.gz --OUTPUT_PER_RG false --COMPRESS_OUTPUTS_PER_RG false --RG_TAG PU --RE_REVERSE true --INTERLEAVE false --INCLUDE_NON_PF_READS false --CLIPPING_MIN_LENGTH 0 --READ1_TRIM 0 --READ2_TRIM 0 --INCLUDE_NON_PRIMARY_ALIGNMENTS false --VERBOSITY INFO --QUIET false --VALIDATION_STRINGENCY STRICT --COMPRESSION_LEVEL 5 --MAX_RECORDS_IN_RAM 500000 --CREATE_INDEX false --CREATE_MD5_FILE false --help false --version false --showHidden false --USE_JDK_DEFLATER false --USE_JDK_INFLATER false
[Thu Apr 09 14:33:34 CEST 2026] Executing as fdeckert@d012 on Linux 4.18.0-553.5.1.el8_10.x86_64 amd64; OpenJDK 64-Bit Server VM 17.0.15+6; Deflater: Intel; Inflater: Intel; Provider GCS is not available; Picard version: Version:3.0.0
INFO	2026-04-09 14:33:44	SamToFastq	Processed     1,000,000 records.  Elapsed time: 00:00:10s.  Time for last 1,000,000:   10s.  Last read position: */*
[Thu Apr 09 14:33:50 CEST 2026] picard.sam.SamToFastq done. Elapsed time: 0.28 minutes.
Runtime.totalMemory()=2181038080
14:33:51.177 INFO  NativeLibraryLoader - Loading libgkl_compression.so from jar:file:/cm/shared/specific/apps/picard/3.0.0-Java-17/picard.jar!/com/intel/gkl/native/libgkl_compression.so
[Thu Apr 09 14:33:51 CEST 2026] SamToFastq --INPUT /nobackup/lab_bsf/samples/BSF_1609_H57CKDRX5/BSF_1609_H57CKDRX5_2_samples/BSF_1609_H57CKDRX5_2#FD_049_S148839.bam --FASTQ /nobackup/peer/fdeckert/FD20200109SPLENO/geo/bulkRNAseq/FD_049_R2.fastq.gz --OUTPUT_PER_RG false --COMPRESS_OUTPUTS_PER_RG false --RG_TAG PU --RE_REVERSE true --INTERLEAVE false --INCLUDE_NON_PF_READS false --CLIPPING_MIN_LENGTH 0 --READ1_TRIM 0 --READ2_TRIM 0 --INCLUDE_NON_PRIMARY_ALIGNMENTS false --VERBOSITY INFO --QUIET false --VALIDATION_STRINGENCY STRICT --COMPRESSION_LEVEL 5 --MAX_RECORDS_IN_RAM 500000 --CREATE_INDEX false --CREATE_MD5_FILE false --help false --version false --showHidden false --USE_JDK_DEFLATER false --USE_JDK_INFLATER false
[Thu Apr 09 14:33:51 CEST 2026] Executing as fdeckert@d012 on Linux 4.18.0-553.5.1.el8_10.x86_64 amd64; OpenJDK 64-Bit Server VM 17.0.15+6; Deflater: Intel; Inflater: Intel; Provider GCS is not available; Picard version: Version:3.0.0
INFO	2026-04-09 14:34:01	SamToFastq	Processed     1,000,000 records.  Elapsed time: 00:00:10s.  Time for last 1,000,000:   10s.  Last read position: */*
[Thu Apr 09 14:34:09 CEST 2026] picard.sam.SamToFastq done. Elapsed time: 0.31 minutes.
Runtime.totalMemory()=2181038080
14:34:10.098 INFO  NativeLibraryLoader - Loading libgkl_compression.so from jar:file:/cm/shared/specific/apps/picard/3.0.0-Java-17/picard.jar!/com/intel/gkl/native/libgkl_compression.so
[Thu Apr 09 14:34:10 CEST 2026] SamToFastq --INPUT /nobackup/lab_bsf/samples/BSF_1609_H57CKDRX5/BSF_1609_H57CKDRX5_2_samples/BSF_1609_H57CKDRX5_2#FD_050_S148838.bam --FASTQ /nobackup/peer/fdeckert/FD20200109SPLENO/geo/bulkRNAseq/FD_050_R2.fastq.gz --OUTPUT_PER_RG false --COMPRESS_OUTPUTS_PER_RG false --RG_TAG PU --RE_REVERSE true --INTERLEAVE false --INCLUDE_NON_PF_READS false --CLIPPING_MIN_LENGTH 0 --READ1_TRIM 0 --READ2_TRIM 0 --INCLUDE_NON_PRIMARY_ALIGNMENTS false --VERBOSITY INFO --QUIET false --VALIDATION_STRINGENCY STRICT --COMPRESSION_LEVEL 5 --MAX_RECORDS_IN_RAM 500000 --CREATE_INDEX false --CREATE_MD5_FILE false --help false --version false --showHidden false --USE_JDK_DEFLATER false --USE_JDK_INFLATER false
[Thu Apr 09 14:34:10 CEST 2026] Executing as fdeckert@d012 on Linux 4.18.0-553.5.1.el8_10.x86_64 amd64; OpenJDK 64-Bit Server VM 17.0.15+6; Deflater: Intel; Inflater: Intel; Provider GCS is not available; Picard version: Version:3.0.0
INFO	2026-04-09 14:34:20	SamToFastq	Processed     1,000,000 records.  Elapsed time: 00:00:10s.  Time for last 1,000,000:   10s.  Last read position: */*
[Thu Apr 09 14:34:25 CEST 2026] picard.sam.SamToFastq done. Elapsed time: 0.25 minutes.
Runtime.totalMemory()=2181038080
14:34:25.833 INFO  NativeLibraryLoader - Loading libgkl_compression.so from jar:file:/cm/shared/specific/apps/picard/3.0.0-Java-17/picard.jar!/com/intel/gkl/native/libgkl_compression.so
[Thu Apr 09 14:34:25 CEST 2026] SamToFastq --INPUT /nobackup/lab_bsf/samples/BSF_1609_H57CKDRX5/BSF_1609_H57CKDRX5_2_samples/BSF_1609_H57CKDRX5_2#FD_051_S148841.bam --FASTQ /nobackup/peer/fdeckert/FD20200109SPLENO/geo/bulkRNAseq/FD_051_R2.fastq.gz --OUTPUT_PER_RG false --COMPRESS_OUTPUTS_PER_RG false --RG_TAG PU --RE_REVERSE true --INTERLEAVE false --INCLUDE_NON_PF_READS false --CLIPPING_MIN_LENGTH 0 --READ1_TRIM 0 --READ2_TRIM 0 --INCLUDE_NON_PRIMARY_ALIGNMENTS false --VERBOSITY INFO --QUIET false --VALIDATION_STRINGENCY STRICT --COMPRESSION_LEVEL 5 --MAX_RECORDS_IN_RAM 500000 --CREATE_INDEX false --CREATE_MD5_FILE false --help false --version false --showHidden false --USE_JDK_DEFLATER false --USE_JDK_INFLATER false
[Thu Apr 09 14:34:25 CEST 2026] Executing as fdeckert@d012 on Linux 4.18.0-553.5.1.el8_10.x86_64 amd64; OpenJDK 64-Bit Server VM 17.0.15+6; Deflater: Intel; Inflater: Intel; Provider GCS is not available; Picard version: Version:3.0.0
INFO	2026-04-09 14:34:36	SamToFastq	Processed     1,000,000 records.  Elapsed time: 00:00:10s.  Time for last 1,000,000:   10s.  Last read position: */*
[Thu Apr 09 14:34:44 CEST 2026] picard.sam.SamToFastq done. Elapsed time: 0.32 minutes.
Runtime.totalMemory()=2181038080
14:34:45.568 INFO  NativeLibraryLoader - Loading libgkl_compression.so from jar:file:/cm/shared/specific/apps/picard/3.0.0-Java-17/picard.jar!/com/intel/gkl/native/libgkl_compression.so
[Thu Apr 09 14:34:45 CEST 2026] SamToFastq --INPUT /nobackup/lab_bsf/samples/BSF_1609_H57CKDRX5/BSF_1609_H57CKDRX5_2_samples/BSF_1609_H57CKDRX5_2#FD_052_S148840.bam --FASTQ /nobackup/peer/fdeckert/FD20200109SPLENO/geo/bulkRNAseq/FD_052_R2.fastq.gz --OUTPUT_PER_RG false --COMPRESS_OUTPUTS_PER_RG false --RG_TAG PU --RE_REVERSE true --INTERLEAVE false --INCLUDE_NON_PF_READS false --CLIPPING_MIN_LENGTH 0 --READ1_TRIM 0 --READ2_TRIM 0 --INCLUDE_NON_PRIMARY_ALIGNMENTS false --VERBOSITY INFO --QUIET false --VALIDATION_STRINGENCY STRICT --COMPRESSION_LEVEL 5 --MAX_RECORDS_IN_RAM 500000 --CREATE_INDEX false --CREATE_MD5_FILE false --help false --version false --showHidden false --USE_JDK_DEFLATER false --USE_JDK_INFLATER false
[Thu Apr 09 14:34:45 CEST 2026] Executing as fdeckert@d012 on Linux 4.18.0-553.5.1.el8_10.x86_64 amd64; OpenJDK 64-Bit Server VM 17.0.15+6; Deflater: Intel; Inflater: Intel; Provider GCS is not available; Picard version: Version:3.0.0
INFO	2026-04-09 14:34:56	SamToFastq	Processed     1,000,000 records.  Elapsed time: 00:00:10s.  Time for last 1,000,000:   10s.  Last read position: */*
[Thu Apr 09 14:35:00 CEST 2026] picard.sam.SamToFastq done. Elapsed time: 0.26 minutes.
Runtime.totalMemory()=2181038080
14:35:01.641 INFO  NativeLibraryLoader - Loading libgkl_compression.so from jar:file:/cm/shared/specific/apps/picard/3.0.0-Java-17/picard.jar!/com/intel/gkl/native/libgkl_compression.so
[Thu Apr 09 14:35:01 CEST 2026] SamToFastq --INPUT /nobackup/lab_bsf/samples/BSF_1609_H57CKDRX5/BSF_1609_H57CKDRX5_2_samples/BSF_1609_H57CKDRX5_2#FD_053_S148843.bam --FASTQ /nobackup/peer/fdeckert/FD20200109SPLENO/geo/bulkRNAseq/FD_053_R2.fastq.gz --OUTPUT_PER_RG false --COMPRESS_OUTPUTS_PER_RG false --RG_TAG PU --RE_REVERSE true --INTERLEAVE false --INCLUDE_NON_PF_READS false --CLIPPING_MIN_LENGTH 0 --READ1_TRIM 0 --READ2_TRIM 0 --INCLUDE_NON_PRIMARY_ALIGNMENTS false --VERBOSITY INFO --QUIET false --VALIDATION_STRINGENCY STRICT --COMPRESSION_LEVEL 5 --MAX_RECORDS_IN_RAM 500000 --CREATE_INDEX false --CREATE_MD5_FILE false --help false --version false --showHidden false --USE_JDK_DEFLATER false --USE_JDK_INFLATER false
[Thu Apr 09 14:35:01 CEST 2026] Executing as fdeckert@d012 on Linux 4.18.0-553.5.1.el8_10.x86_64 amd64; OpenJDK 64-Bit Server VM 17.0.15+6; Deflater: Intel; Inflater: Intel; Provider GCS is not available; Picard version: Version:3.0.0
INFO	2026-04-09 14:35:12	SamToFastq	Processed     1,000,000 records.  Elapsed time: 00:00:10s.  Time for last 1,000,000:   10s.  Last read position: */*
[Thu Apr 09 14:35:18 CEST 2026] picard.sam.SamToFastq done. Elapsed time: 0.27 minutes.
Runtime.totalMemory()=2181038080
14:35:18.633 INFO  NativeLibraryLoader - Loading libgkl_compression.so from jar:file:/cm/shared/specific/apps/picard/3.0.0-Java-17/picard.jar!/com/intel/gkl/native/libgkl_compression.so
[Thu Apr 09 14:35:18 CEST 2026] SamToFastq --INPUT /nobackup/lab_bsf/samples/BSF_1609_H57CKDRX5/BSF_1609_H57CKDRX5_2_samples/BSF_1609_H57CKDRX5_2#FD_054_S148842.bam --FASTQ /nobackup/peer/fdeckert/FD20200109SPLENO/geo/bulkRNAseq/FD_054_R2.fastq.gz --OUTPUT_PER_RG false --COMPRESS_OUTPUTS_PER_RG false --RG_TAG PU --RE_REVERSE true --INTERLEAVE false --INCLUDE_NON_PF_READS false --CLIPPING_MIN_LENGTH 0 --READ1_TRIM 0 --READ2_TRIM 0 --INCLUDE_NON_PRIMARY_ALIGNMENTS false --VERBOSITY INFO --QUIET false --VALIDATION_STRINGENCY STRICT --COMPRESSION_LEVEL 5 --MAX_RECORDS_IN_RAM 500000 --CREATE_INDEX false --CREATE_MD5_FILE false --help false --version false --showHidden false --USE_JDK_DEFLATER false --USE_JDK_INFLATER false
[Thu Apr 09 14:35:18 CEST 2026] Executing as fdeckert@d012 on Linux 4.18.0-553.5.1.el8_10.x86_64 amd64; OpenJDK 64-Bit Server VM 17.0.15+6; Deflater: Intel; Inflater: Intel; Provider GCS is not available; Picard version: Version:3.0.0
INFO	2026-04-09 14:35:28	SamToFastq	Processed     1,000,000 records.  Elapsed time: 00:00:10s.  Time for last 1,000,000:   10s.  Last read position: */*
[Thu Apr 09 14:35:36 CEST 2026] picard.sam.SamToFastq done. Elapsed time: 0.30 minutes.
Runtime.totalMemory()=2181038080
14:35:36.892 INFO  NativeLibraryLoader - Loading libgkl_compression.so from jar:file:/cm/shared/specific/apps/picard/3.0.0-Java-17/picard.jar!/com/intel/gkl/native/libgkl_compression.so
[Thu Apr 09 14:35:36 CEST 2026] SamToFastq --INPUT /nobackup/lab_bsf/samples/BSF_1609_H57CKDRX5/BSF_1609_H57CKDRX5_2_samples/BSF_1609_H57CKDRX5_2#FD_055_S148845.bam --FASTQ /nobackup/peer/fdeckert/FD20200109SPLENO/geo/bulkRNAseq/FD_055_R2.fastq.gz --OUTPUT_PER_RG false --COMPRESS_OUTPUTS_PER_RG false --RG_TAG PU --RE_REVERSE true --INTERLEAVE false --INCLUDE_NON_PF_READS false --CLIPPING_MIN_LENGTH 0 --READ1_TRIM 0 --READ2_TRIM 0 --INCLUDE_NON_PRIMARY_ALIGNMENTS false --VERBOSITY INFO --QUIET false --VALIDATION_STRINGENCY STRICT --COMPRESSION_LEVEL 5 --MAX_RECORDS_IN_RAM 500000 --CREATE_INDEX false --CREATE_MD5_FILE false --help false --version false --showHidden false --USE_JDK_DEFLATER false --USE_JDK_INFLATER false
[Thu Apr 09 14:35:36 CEST 2026] Executing as fdeckert@d012 on Linux 4.18.0-553.5.1.el8_10.x86_64 amd64; OpenJDK 64-Bit Server VM 17.0.15+6; Deflater: Intel; Inflater: Intel; Provider GCS is not available; Picard version: Version:3.0.0
INFO	2026-04-09 14:35:47	SamToFastq	Processed     1,000,000 records.  Elapsed time: 00:00:10s.  Time for last 1,000,000:   10s.  Last read position: */*
[Thu Apr 09 14:35:54 CEST 2026] picard.sam.SamToFastq done. Elapsed time: 0.30 minutes.
Runtime.totalMemory()=2181038080
14:35:55.300 INFO  NativeLibraryLoader - Loading libgkl_compression.so from jar:file:/cm/shared/specific/apps/picard/3.0.0-Java-17/picard.jar!/com/intel/gkl/native/libgkl_compression.so
[Thu Apr 09 14:35:55 CEST 2026] SamToFastq --INPUT /nobackup/lab_bsf/samples/BSF_1609_H57CKDRX5/BSF_1609_H57CKDRX5_2_samples/BSF_1609_H57CKDRX5_2#FD_056_S148844.bam --FASTQ /nobackup/peer/fdeckert/FD20200109SPLENO/geo/bulkRNAseq/FD_056_R2.fastq.gz --OUTPUT_PER_RG false --COMPRESS_OUTPUTS_PER_RG false --RG_TAG PU --RE_REVERSE true --INTERLEAVE false --INCLUDE_NON_PF_READS false --CLIPPING_MIN_LENGTH 0 --READ1_TRIM 0 --READ2_TRIM 0 --INCLUDE_NON_PRIMARY_ALIGNMENTS false --VERBOSITY INFO --QUIET false --VALIDATION_STRINGENCY STRICT --COMPRESSION_LEVEL 5 --MAX_RECORDS_IN_RAM 500000 --CREATE_INDEX false --CREATE_MD5_FILE false --help false --version false --showHidden false --USE_JDK_DEFLATER false --USE_JDK_INFLATER false
[Thu Apr 09 14:35:55 CEST 2026] Executing as fdeckert@d012 on Linux 4.18.0-553.5.1.el8_10.x86_64 amd64; OpenJDK 64-Bit Server VM 17.0.15+6; Deflater: Intel; Inflater: Intel; Provider GCS is not available; Picard version: Version:3.0.0
INFO	2026-04-09 14:36:05	SamToFastq	Processed     1,000,000 records.  Elapsed time: 00:00:10s.  Time for last 1,000,000:   10s.  Last read position: */*
[Thu Apr 09 14:36:09 CEST 2026] picard.sam.SamToFastq done. Elapsed time: 0.24 minutes.
Runtime.totalMemory()=2181038080
14:36:10.337 INFO  NativeLibraryLoader - Loading libgkl_compression.so from jar:file:/cm/shared/specific/apps/picard/3.0.0-Java-17/picard.jar!/com/intel/gkl/native/libgkl_compression.so
[Thu Apr 09 14:36:10 CEST 2026] SamToFastq --INPUT /nobackup/lab_bsf/samples/BSF_1609_H57CKDRX5/BSF_1609_H57CKDRX5_2_samples/BSF_1609_H57CKDRX5_2#FD_057_S148847.bam --FASTQ /nobackup/peer/fdeckert/FD20200109SPLENO/geo/bulkRNAseq/FD_057_R2.fastq.gz --OUTPUT_PER_RG false --COMPRESS_OUTPUTS_PER_RG false --RG_TAG PU --RE_REVERSE true --INTERLEAVE false --INCLUDE_NON_PF_READS false --CLIPPING_MIN_LENGTH 0 --READ1_TRIM 0 --READ2_TRIM 0 --INCLUDE_NON_PRIMARY_ALIGNMENTS false --VERBOSITY INFO --QUIET false --VALIDATION_STRINGENCY STRICT --COMPRESSION_LEVEL 5 --MAX_RECORDS_IN_RAM 500000 --CREATE_INDEX false --CREATE_MD5_FILE false --help false --version false --showHidden false --USE_JDK_DEFLATER false --USE_JDK_INFLATER false
[Thu Apr 09 14:36:10 CEST 2026] Executing as fdeckert@d012 on Linux 4.18.0-553.5.1.el8_10.x86_64 amd64; OpenJDK 64-Bit Server VM 17.0.15+6; Deflater: Intel; Inflater: Intel; Provider GCS is not available; Picard version: Version:3.0.0
INFO	2026-04-09 14:36:20	SamToFastq	Processed     1,000,000 records.  Elapsed time: 00:00:10s.  Time for last 1,000,000:   10s.  Last read position: */*
INFO	2026-04-09 14:36:30	SamToFastq	Processed     2,000,000 records.  Elapsed time: 00:00:20s.  Time for last 1,000,000:    9s.  Last read position: */*
[Thu Apr 09 14:36:32 CEST 2026] picard.sam.SamToFastq done. Elapsed time: 0.37 minutes.
Runtime.totalMemory()=2181038080
14:36:33.263 INFO  NativeLibraryLoader - Loading libgkl_compression.so from jar:file:/cm/shared/specific/apps/picard/3.0.0-Java-17/picard.jar!/com/intel/gkl/native/libgkl_compression.so
[Thu Apr 09 14:36:33 CEST 2026] SamToFastq --INPUT /nobackup/lab_bsf/samples/BSF_1609_H57CKDRX5/BSF_1609_H57CKDRX5_2_samples/BSF_1609_H57CKDRX5_2#FD_058_S148846.bam --FASTQ /nobackup/peer/fdeckert/FD20200109SPLENO/geo/bulkRNAseq/FD_058_R2.fastq.gz --OUTPUT_PER_RG false --COMPRESS_OUTPUTS_PER_RG false --RG_TAG PU --RE_REVERSE true --INTERLEAVE false --INCLUDE_NON_PF_READS false --CLIPPING_MIN_LENGTH 0 --READ1_TRIM 0 --READ2_TRIM 0 --INCLUDE_NON_PRIMARY_ALIGNMENTS false --VERBOSITY INFO --QUIET false --VALIDATION_STRINGENCY STRICT --COMPRESSION_LEVEL 5 --MAX_RECORDS_IN_RAM 500000 --CREATE_INDEX false --CREATE_MD5_FILE false --help false --version false --showHidden false --USE_JDK_DEFLATER false --USE_JDK_INFLATER false
[Thu Apr 09 14:36:33 CEST 2026] Executing as fdeckert@d012 on Linux 4.18.0-553.5.1.el8_10.x86_64 amd64; OpenJDK 64-Bit Server VM 17.0.15+6; Deflater: Intel; Inflater: Intel; Provider GCS is not available; Picard version: Version:3.0.0
INFO	2026-04-09 14:36:43	SamToFastq	Processed     1,000,000 records.  Elapsed time: 00:00:10s.  Time for last 1,000,000:   10s.  Last read position: */*
[Thu Apr 09 14:36:46 CEST 2026] picard.sam.SamToFastq done. Elapsed time: 0.23 minutes.
Runtime.totalMemory()=2181038080
14:36:47.394 INFO  NativeLibraryLoader - Loading libgkl_compression.so from jar:file:/cm/shared/specific/apps/picard/3.0.0-Java-17/picard.jar!/com/intel/gkl/native/libgkl_compression.so
[Thu Apr 09 14:36:47 CEST 2026] SamToFastq --INPUT /nobackup/lab_bsf/samples/BSF_1609_H57CKDRX5/BSF_1609_H57CKDRX5_2_samples/BSF_1609_H57CKDRX5_2#FD_059_S148849.bam --FASTQ /nobackup/peer/fdeckert/FD20200109SPLENO/geo/bulkRNAseq/FD_059_R2.fastq.gz --OUTPUT_PER_RG false --COMPRESS_OUTPUTS_PER_RG false --RG_TAG PU --RE_REVERSE true --INTERLEAVE false --INCLUDE_NON_PF_READS false --CLIPPING_MIN_LENGTH 0 --READ1_TRIM 0 --READ2_TRIM 0 --INCLUDE_NON_PRIMARY_ALIGNMENTS false --VERBOSITY INFO --QUIET false --VALIDATION_STRINGENCY STRICT --COMPRESSION_LEVEL 5 --MAX_RECORDS_IN_RAM 500000 --CREATE_INDEX false --CREATE_MD5_FILE false --help false --version false --showHidden false --USE_JDK_DEFLATER false --USE_JDK_INFLATER false
[Thu Apr 09 14:36:47 CEST 2026] Executing as fdeckert@d012 on Linux 4.18.0-553.5.1.el8_10.x86_64 amd64; OpenJDK 64-Bit Server VM 17.0.15+6; Deflater: Intel; Inflater: Intel; Provider GCS is not available; Picard version: Version:3.0.0
INFO	2026-04-09 14:36:57	SamToFastq	Processed     1,000,000 records.  Elapsed time: 00:00:10s.  Time for last 1,000,000:   10s.  Last read position: */*
[Thu Apr 09 14:37:06 CEST 2026] picard.sam.SamToFastq done. Elapsed time: 0.32 minutes.
Runtime.totalMemory()=2181038080
14:37:07.395 INFO  NativeLibraryLoader - Loading libgkl_compression.so from jar:file:/cm/shared/specific/apps/picard/3.0.0-Java-17/picard.jar!/com/intel/gkl/native/libgkl_compression.so
[Thu Apr 09 14:37:07 CEST 2026] SamToFastq --INPUT /nobackup/lab_bsf/samples/BSF_1609_H57CKDRX5/BSF_1609_H57CKDRX5_2_samples/BSF_1609_H57CKDRX5_2#FD_060_S148848.bam --FASTQ /nobackup/peer/fdeckert/FD20200109SPLENO/geo/bulkRNAseq/FD_060_R2.fastq.gz --OUTPUT_PER_RG false --COMPRESS_OUTPUTS_PER_RG false --RG_TAG PU --RE_REVERSE true --INTERLEAVE false --INCLUDE_NON_PF_READS false --CLIPPING_MIN_LENGTH 0 --READ1_TRIM 0 --READ2_TRIM 0 --INCLUDE_NON_PRIMARY_ALIGNMENTS false --VERBOSITY INFO --QUIET false --VALIDATION_STRINGENCY STRICT --COMPRESSION_LEVEL 5 --MAX_RECORDS_IN_RAM 500000 --CREATE_INDEX false --CREATE_MD5_FILE false --help false --version false --showHidden false --USE_JDK_DEFLATER false --USE_JDK_INFLATER false
[Thu Apr 09 14:37:07 CEST 2026] Executing as fdeckert@d012 on Linux 4.18.0-553.5.1.el8_10.x86_64 amd64; OpenJDK 64-Bit Server VM 17.0.15+6; Deflater: Intel; Inflater: Intel; Provider GCS is not available; Picard version: Version:3.0.0
INFO	2026-04-09 14:37:17	SamToFastq	Processed     1,000,000 records.  Elapsed time: 00:00:10s.  Time for last 1,000,000:   10s.  Last read position: */*
[Thu Apr 09 14:37:23 CEST 2026] picard.sam.SamToFastq done. Elapsed time: 0.27 minutes.
Runtime.totalMemory()=2181038080
14:37:24.060 INFO  NativeLibraryLoader - Loading libgkl_compression.so from jar:file:/cm/shared/specific/apps/picard/3.0.0-Java-17/picard.jar!/com/intel/gkl/native/libgkl_compression.so
[Thu Apr 09 14:37:24 CEST 2026] SamToFastq --INPUT /nobackup/lab_bsf/samples/BSF_1609_H57CKDRX5/BSF_1609_H57CKDRX5_2_samples/BSF_1609_H57CKDRX5_2#FD_061_S148851.bam --FASTQ /nobackup/peer/fdeckert/FD20200109SPLENO/geo/bulkRNAseq/FD_061_R2.fastq.gz --OUTPUT_PER_RG false --COMPRESS_OUTPUTS_PER_RG false --RG_TAG PU --RE_REVERSE true --INTERLEAVE false --INCLUDE_NON_PF_READS false --CLIPPING_MIN_LENGTH 0 --READ1_TRIM 0 --READ2_TRIM 0 --INCLUDE_NON_PRIMARY_ALIGNMENTS false --VERBOSITY INFO --QUIET false --VALIDATION_STRINGENCY STRICT --COMPRESSION_LEVEL 5 --MAX_RECORDS_IN_RAM 500000 --CREATE_INDEX false --CREATE_MD5_FILE false --help false --version false --showHidden false --USE_JDK_DEFLATER false --USE_JDK_INFLATER false
[Thu Apr 09 14:37:24 CEST 2026] Executing as fdeckert@d012 on Linux 4.18.0-553.5.1.el8_10.x86_64 amd64; OpenJDK 64-Bit Server VM 17.0.15+6; Deflater: Intel; Inflater: Intel; Provider GCS is not available; Picard version: Version:3.0.0
INFO	2026-04-09 14:37:34	SamToFastq	Processed     1,000,000 records.  Elapsed time: 00:00:10s.  Time for last 1,000,000:   10s.  Last read position: */*
[Thu Apr 09 14:37:41 CEST 2026] picard.sam.SamToFastq done. Elapsed time: 0.29 minutes.
Runtime.totalMemory()=2181038080
14:37:42.327 INFO  NativeLibraryLoader - Loading libgkl_compression.so from jar:file:/cm/shared/specific/apps/picard/3.0.0-Java-17/picard.jar!/com/intel/gkl/native/libgkl_compression.so
[Thu Apr 09 14:37:42 CEST 2026] SamToFastq --INPUT /nobackup/lab_bsf/samples/BSF_1609_H57CKDRX5/BSF_1609_H57CKDRX5_2_samples/BSF_1609_H57CKDRX5_2#FD_062_S148850.bam --FASTQ /nobackup/peer/fdeckert/FD20200109SPLENO/geo/bulkRNAseq/FD_062_R2.fastq.gz --OUTPUT_PER_RG false --COMPRESS_OUTPUTS_PER_RG false --RG_TAG PU --RE_REVERSE true --INTERLEAVE false --INCLUDE_NON_PF_READS false --CLIPPING_MIN_LENGTH 0 --READ1_TRIM 0 --READ2_TRIM 0 --INCLUDE_NON_PRIMARY_ALIGNMENTS false --VERBOSITY INFO --QUIET false --VALIDATION_STRINGENCY STRICT --COMPRESSION_LEVEL 5 --MAX_RECORDS_IN_RAM 500000 --CREATE_INDEX false --CREATE_MD5_FILE false --help false --version false --showHidden false --USE_JDK_DEFLATER false --USE_JDK_INFLATER false
[Thu Apr 09 14:37:42 CEST 2026] Executing as fdeckert@d012 on Linux 4.18.0-553.5.1.el8_10.x86_64 amd64; OpenJDK 64-Bit Server VM 17.0.15+6; Deflater: Intel; Inflater: Intel; Provider GCS is not available; Picard version: Version:3.0.0
INFO	2026-04-09 14:37:52	SamToFastq	Processed     1,000,000 records.  Elapsed time: 00:00:10s.  Time for last 1,000,000:   10s.  Last read position: */*
[Thu Apr 09 14:37:59 CEST 2026] picard.sam.SamToFastq done. Elapsed time: 0.29 minutes.
Runtime.totalMemory()=2181038080
14:38:00.301 INFO  NativeLibraryLoader - Loading libgkl_compression.so from jar:file:/cm/shared/specific/apps/picard/3.0.0-Java-17/picard.jar!/com/intel/gkl/native/libgkl_compression.so
[Thu Apr 09 14:38:00 CEST 2026] SamToFastq --INPUT /nobackup/lab_bsf/samples/BSF_1609_H57CKDRX5/BSF_1609_H57CKDRX5_2_samples/BSF_1609_H57CKDRX5_2#FD_063_S148853.bam --FASTQ /nobackup/peer/fdeckert/FD20200109SPLENO/geo/bulkRNAseq/FD_063_R2.fastq.gz --OUTPUT_PER_RG false --COMPRESS_OUTPUTS_PER_RG false --RG_TAG PU --RE_REVERSE true --INTERLEAVE false --INCLUDE_NON_PF_READS false --CLIPPING_MIN_LENGTH 0 --READ1_TRIM 0 --READ2_TRIM 0 --INCLUDE_NON_PRIMARY_ALIGNMENTS false --VERBOSITY INFO --QUIET false --VALIDATION_STRINGENCY STRICT --COMPRESSION_LEVEL 5 --MAX_RECORDS_IN_RAM 500000 --CREATE_INDEX false --CREATE_MD5_FILE false --help false --version false --showHidden false --USE_JDK_DEFLATER false --USE_JDK_INFLATER false
[Thu Apr 09 14:38:00 CEST 2026] Executing as fdeckert@d012 on Linux 4.18.0-553.5.1.el8_10.x86_64 amd64; OpenJDK 64-Bit Server VM 17.0.15+6; Deflater: Intel; Inflater: Intel; Provider GCS is not available; Picard version: Version:3.0.0
INFO	2026-04-09 14:38:10	SamToFastq	Processed     1,000,000 records.  Elapsed time: 00:00:10s.  Time for last 1,000,000:   10s.  Last read position: */*
[Thu Apr 09 14:38:14 CEST 2026] picard.sam.SamToFastq done. Elapsed time: 0.24 minutes.
Runtime.totalMemory()=2181038080
14:38:15.089 INFO  NativeLibraryLoader - Loading libgkl_compression.so from jar:file:/cm/shared/specific/apps/picard/3.0.0-Java-17/picard.jar!/com/intel/gkl/native/libgkl_compression.so
[Thu Apr 09 14:38:15 CEST 2026] SamToFastq --INPUT /nobackup/lab_bsf/samples/BSF_1609_H57CKDRX5/BSF_1609_H57CKDRX5_2_samples/BSF_1609_H57CKDRX5_2#FD_064_S148858.bam --FASTQ /nobackup/peer/fdeckert/FD20200109SPLENO/geo/bulkRNAseq/FD_064_R2.fastq.gz --OUTPUT_PER_RG false --COMPRESS_OUTPUTS_PER_RG false --RG_TAG PU --RE_REVERSE true --INTERLEAVE false --INCLUDE_NON_PF_READS false --CLIPPING_MIN_LENGTH 0 --READ1_TRIM 0 --READ2_TRIM 0 --INCLUDE_NON_PRIMARY_ALIGNMENTS false --VERBOSITY INFO --QUIET false --VALIDATION_STRINGENCY STRICT --COMPRESSION_LEVEL 5 --MAX_RECORDS_IN_RAM 500000 --CREATE_INDEX false --CREATE_MD5_FILE false --help false --version false --showHidden false --USE_JDK_DEFLATER false --USE_JDK_INFLATER false
[Thu Apr 09 14:38:15 CEST 2026] Executing as fdeckert@d012 on Linux 4.18.0-553.5.1.el8_10.x86_64 amd64; OpenJDK 64-Bit Server VM 17.0.15+6; Deflater: Intel; Inflater: Intel; Provider GCS is not available; Picard version: Version:3.0.0
INFO	2026-04-09 14:38:25	SamToFastq	Processed     1,000,000 records.  Elapsed time: 00:00:10s.  Time for last 1,000,000:   10s.  Last read position: */*
[Thu Apr 09 14:38:26 CEST 2026] picard.sam.SamToFastq done. Elapsed time: 0.18 minutes.
Runtime.totalMemory()=2181038080
14:38:26.688 INFO  NativeLibraryLoader - Loading libgkl_compression.so from jar:file:/cm/shared/specific/apps/picard/3.0.0-Java-17/picard.jar!/com/intel/gkl/native/libgkl_compression.so
[Thu Apr 09 14:38:26 CEST 2026] SamToFastq --INPUT /nobackup/lab_bsf/samples/BSF_1609_H57CKDRX5/BSF_1609_H57CKDRX5_2_samples/BSF_1609_H57CKDRX5_2#FD_065_S148861.bam --FASTQ /nobackup/peer/fdeckert/FD20200109SPLENO/geo/bulkRNAseq/FD_065_R2.fastq.gz --OUTPUT_PER_RG false --COMPRESS_OUTPUTS_PER_RG false --RG_TAG PU --RE_REVERSE true --INTERLEAVE false --INCLUDE_NON_PF_READS false --CLIPPING_MIN_LENGTH 0 --READ1_TRIM 0 --READ2_TRIM 0 --INCLUDE_NON_PRIMARY_ALIGNMENTS false --VERBOSITY INFO --QUIET false --VALIDATION_STRINGENCY STRICT --COMPRESSION_LEVEL 5 --MAX_RECORDS_IN_RAM 500000 --CREATE_INDEX false --CREATE_MD5_FILE false --help false --version false --showHidden false --USE_JDK_DEFLATER false --USE_JDK_INFLATER false
[Thu Apr 09 14:38:26 CEST 2026] Executing as fdeckert@d012 on Linux 4.18.0-553.5.1.el8_10.x86_64 amd64; OpenJDK 64-Bit Server VM 17.0.15+6; Deflater: Intel; Inflater: Intel; Provider GCS is not available; Picard version: Version:3.0.0
INFO	2026-04-09 14:38:37	SamToFastq	Processed     1,000,000 records.  Elapsed time: 00:00:10s.  Time for last 1,000,000:   10s.  Last read position: */*
[Thu Apr 09 14:38:45 CEST 2026] picard.sam.SamToFastq done. Elapsed time: 0.32 minutes.
Runtime.totalMemory()=2181038080
14:38:46.226 INFO  NativeLibraryLoader - Loading libgkl_compression.so from jar:file:/cm/shared/specific/apps/picard/3.0.0-Java-17/picard.jar!/com/intel/gkl/native/libgkl_compression.so
[Thu Apr 09 14:38:46 CEST 2026] SamToFastq --INPUT /nobackup/lab_bsf/samples/BSF_1609_H57CKDRX5/BSF_1609_H57CKDRX5_2_samples/BSF_1609_H57CKDRX5_2#FD_066_S148860.bam --FASTQ /nobackup/peer/fdeckert/FD20200109SPLENO/geo/bulkRNAseq/FD_066_R2.fastq.gz --OUTPUT_PER_RG false --COMPRESS_OUTPUTS_PER_RG false --RG_TAG PU --RE_REVERSE true --INTERLEAVE false --INCLUDE_NON_PF_READS false --CLIPPING_MIN_LENGTH 0 --READ1_TRIM 0 --READ2_TRIM 0 --INCLUDE_NON_PRIMARY_ALIGNMENTS false --VERBOSITY INFO --QUIET false --VALIDATION_STRINGENCY STRICT --COMPRESSION_LEVEL 5 --MAX_RECORDS_IN_RAM 500000 --CREATE_INDEX false --CREATE_MD5_FILE false --help false --version false --showHidden false --USE_JDK_DEFLATER false --USE_JDK_INFLATER false
[Thu Apr 09 14:38:46 CEST 2026] Executing as fdeckert@d012 on Linux 4.18.0-553.5.1.el8_10.x86_64 amd64; OpenJDK 64-Bit Server VM 17.0.15+6; Deflater: Intel; Inflater: Intel; Provider GCS is not available; Picard version: Version:3.0.0
INFO	2026-04-09 14:38:56	SamToFastq	Processed     1,000,000 records.  Elapsed time: 00:00:10s.  Time for last 1,000,000:   10s.  Last read position: */*
[Thu Apr 09 14:39:05 CEST 2026] picard.sam.SamToFastq done. Elapsed time: 0.32 minutes.
Runtime.totalMemory()=2181038080
14:39:05.974 INFO  NativeLibraryLoader - Loading libgkl_compression.so from jar:file:/cm/shared/specific/apps/picard/3.0.0-Java-17/picard.jar!/com/intel/gkl/native/libgkl_compression.so
[Thu Apr 09 14:39:05 CEST 2026] SamToFastq --INPUT /nobackup/lab_bsf/samples/BSF_1609_H57CKDRX5/BSF_1609_H57CKDRX5_2_samples/BSF_1609_H57CKDRX5_2#FD_067_S148863.bam --FASTQ /nobackup/peer/fdeckert/FD20200109SPLENO/geo/bulkRNAseq/FD_067_R2.fastq.gz --OUTPUT_PER_RG false --COMPRESS_OUTPUTS_PER_RG false --RG_TAG PU --RE_REVERSE true --INTERLEAVE false --INCLUDE_NON_PF_READS false --CLIPPING_MIN_LENGTH 0 --READ1_TRIM 0 --READ2_TRIM 0 --INCLUDE_NON_PRIMARY_ALIGNMENTS false --VERBOSITY INFO --QUIET false --VALIDATION_STRINGENCY STRICT --COMPRESSION_LEVEL 5 --MAX_RECORDS_IN_RAM 500000 --CREATE_INDEX false --CREATE_MD5_FILE false --help false --version false --showHidden false --USE_JDK_DEFLATER false --USE_JDK_INFLATER false
[Thu Apr 09 14:39:05 CEST 2026] Executing as fdeckert@d012 on Linux 4.18.0-553.5.1.el8_10.x86_64 amd64; OpenJDK 64-Bit Server VM 17.0.15+6; Deflater: Intel; Inflater: Intel; Provider GCS is not available; Picard version: Version:3.0.0
INFO	2026-04-09 14:39:16	SamToFastq	Processed     1,000,000 records.  Elapsed time: 00:00:10s.  Time for last 1,000,000:   10s.  Last read position: */*
[Thu Apr 09 14:39:24 CEST 2026] picard.sam.SamToFastq done. Elapsed time: 0.32 minutes.
Runtime.totalMemory()=2181038080
14:39:25.546 INFO  NativeLibraryLoader - Loading libgkl_compression.so from jar:file:/cm/shared/specific/apps/picard/3.0.0-Java-17/picard.jar!/com/intel/gkl/native/libgkl_compression.so
[Thu Apr 09 14:39:25 CEST 2026] SamToFastq --INPUT /nobackup/lab_bsf/samples/BSF_1609_H57CKDRX5/BSF_1609_H57CKDRX5_2_samples/BSF_1609_H57CKDRX5_2#FD_068_S148862.bam --FASTQ /nobackup/peer/fdeckert/FD20200109SPLENO/geo/bulkRNAseq/FD_068_R2.fastq.gz --OUTPUT_PER_RG false --COMPRESS_OUTPUTS_PER_RG false --RG_TAG PU --RE_REVERSE true --INTERLEAVE false --INCLUDE_NON_PF_READS false --CLIPPING_MIN_LENGTH 0 --READ1_TRIM 0 --READ2_TRIM 0 --INCLUDE_NON_PRIMARY_ALIGNMENTS false --VERBOSITY INFO --QUIET false --VALIDATION_STRINGENCY STRICT --COMPRESSION_LEVEL 5 --MAX_RECORDS_IN_RAM 500000 --CREATE_INDEX false --CREATE_MD5_FILE false --help false --version false --showHidden false --USE_JDK_DEFLATER false --USE_JDK_INFLATER false
[Thu Apr 09 14:39:25 CEST 2026] Executing as fdeckert@d012 on Linux 4.18.0-553.5.1.el8_10.x86_64 amd64; OpenJDK 64-Bit Server VM 17.0.15+6; Deflater: Intel; Inflater: Intel; Provider GCS is not available; Picard version: Version:3.0.0
INFO	2026-04-09 14:39:35	SamToFastq	Processed     1,000,000 records.  Elapsed time: 00:00:10s.  Time for last 1,000,000:   10s.  Last read position: */*
[Thu Apr 09 14:39:43 CEST 2026] picard.sam.SamToFastq done. Elapsed time: 0.30 minutes.
Runtime.totalMemory()=2181038080
14:39:43.982 INFO  NativeLibraryLoader - Loading libgkl_compression.so from jar:file:/cm/shared/specific/apps/picard/3.0.0-Java-17/picard.jar!/com/intel/gkl/native/libgkl_compression.so
[Thu Apr 09 14:39:44 CEST 2026] SamToFastq --INPUT /nobackup/lab_bsf/samples/BSF_1609_H57CKDRX5/BSF_1609_H57CKDRX5_2_samples/BSF_1609_H57CKDRX5_2#FD_069_S148865.bam --FASTQ /nobackup/peer/fdeckert/FD20200109SPLENO/geo/bulkRNAseq/FD_069_R2.fastq.gz --OUTPUT_PER_RG false --COMPRESS_OUTPUTS_PER_RG false --RG_TAG PU --RE_REVERSE true --INTERLEAVE false --INCLUDE_NON_PF_READS false --CLIPPING_MIN_LENGTH 0 --READ1_TRIM 0 --READ2_TRIM 0 --INCLUDE_NON_PRIMARY_ALIGNMENTS false --VERBOSITY INFO --QUIET false --VALIDATION_STRINGENCY STRICT --COMPRESSION_LEVEL 5 --MAX_RECORDS_IN_RAM 500000 --CREATE_INDEX false --CREATE_MD5_FILE false --help false --version false --showHidden false --USE_JDK_DEFLATER false --USE_JDK_INFLATER false
[Thu Apr 09 14:39:44 CEST 2026] Executing as fdeckert@d012 on Linux 4.18.0-553.5.1.el8_10.x86_64 amd64; OpenJDK 64-Bit Server VM 17.0.15+6; Deflater: Intel; Inflater: Intel; Provider GCS is not available; Picard version: Version:3.0.0
INFO	2026-04-09 14:39:54	SamToFastq	Processed     1,000,000 records.  Elapsed time: 00:00:10s.  Time for last 1,000,000:   10s.  Last read position: */*
INFO	2026-04-09 14:40:04	SamToFastq	Processed     2,000,000 records.  Elapsed time: 00:00:19s.  Time for last 1,000,000:    9s.  Last read position: */*
[Thu Apr 09 14:40:05 CEST 2026] picard.sam.SamToFastq done. Elapsed time: 0.36 minutes.
Runtime.totalMemory()=2181038080
14:40:05.893 INFO  NativeLibraryLoader - Loading libgkl_compression.so from jar:file:/cm/shared/specific/apps/picard/3.0.0-Java-17/picard.jar!/com/intel/gkl/native/libgkl_compression.so
[Thu Apr 09 14:40:05 CEST 2026] SamToFastq --INPUT /nobackup/lab_bsf/samples/BSF_1609_H57CKDRX5/BSF_1609_H57CKDRX5_2_samples/BSF_1609_H57CKDRX5_2#FD_070_S148864.bam --FASTQ /nobackup/peer/fdeckert/FD20200109SPLENO/geo/bulkRNAseq/FD_070_R2.fastq.gz --OUTPUT_PER_RG false --COMPRESS_OUTPUTS_PER_RG false --RG_TAG PU --RE_REVERSE true --INTERLEAVE false --INCLUDE_NON_PF_READS false --CLIPPING_MIN_LENGTH 0 --READ1_TRIM 0 --READ2_TRIM 0 --INCLUDE_NON_PRIMARY_ALIGNMENTS false --VERBOSITY INFO --QUIET false --VALIDATION_STRINGENCY STRICT --COMPRESSION_LEVEL 5 --MAX_RECORDS_IN_RAM 500000 --CREATE_INDEX false --CREATE_MD5_FILE false --help false --version false --showHidden false --USE_JDK_DEFLATER false --USE_JDK_INFLATER false
[Thu Apr 09 14:40:05 CEST 2026] Executing as fdeckert@d012 on Linux 4.18.0-553.5.1.el8_10.x86_64 amd64; OpenJDK 64-Bit Server VM 17.0.15+6; Deflater: Intel; Inflater: Intel; Provider GCS is not available; Picard version: Version:3.0.0
INFO	2026-04-09 14:40:16	SamToFastq	Processed     1,000,000 records.  Elapsed time: 00:00:10s.  Time for last 1,000,000:   10s.  Last read position: */*
[Thu Apr 09 14:40:21 CEST 2026] picard.sam.SamToFastq done. Elapsed time: 0.26 minutes.
Runtime.totalMemory()=2181038080
14:40:21.936 INFO  NativeLibraryLoader - Loading libgkl_compression.so from jar:file:/cm/shared/specific/apps/picard/3.0.0-Java-17/picard.jar!/com/intel/gkl/native/libgkl_compression.so
[Thu Apr 09 14:40:21 CEST 2026] SamToFastq --INPUT /nobackup/lab_bsf/samples/BSF_1609_H57CKDRX5/BSF_1609_H57CKDRX5_2_samples/BSF_1609_H57CKDRX5_2#FD_071_S148867.bam --FASTQ /nobackup/peer/fdeckert/FD20200109SPLENO/geo/bulkRNAseq/FD_071_R2.fastq.gz --OUTPUT_PER_RG false --COMPRESS_OUTPUTS_PER_RG false --RG_TAG PU --RE_REVERSE true --INTERLEAVE false --INCLUDE_NON_PF_READS false --CLIPPING_MIN_LENGTH 0 --READ1_TRIM 0 --READ2_TRIM 0 --INCLUDE_NON_PRIMARY_ALIGNMENTS false --VERBOSITY INFO --QUIET false --VALIDATION_STRINGENCY STRICT --COMPRESSION_LEVEL 5 --MAX_RECORDS_IN_RAM 500000 --CREATE_INDEX false --CREATE_MD5_FILE false --help false --version false --showHidden false --USE_JDK_DEFLATER false --USE_JDK_INFLATER false
[Thu Apr 09 14:40:21 CEST 2026] Executing as fdeckert@d012 on Linux 4.18.0-553.5.1.el8_10.x86_64 amd64; OpenJDK 64-Bit Server VM 17.0.15+6; Deflater: Intel; Inflater: Intel; Provider GCS is not available; Picard version: Version:3.0.0
INFO	2026-04-09 14:40:32	SamToFastq	Processed     1,000,000 records.  Elapsed time: 00:00:10s.  Time for last 1,000,000:   10s.  Last read position: */*
[Thu Apr 09 14:40:39 CEST 2026] picard.sam.SamToFastq done. Elapsed time: 0.30 minutes.
Runtime.totalMemory()=2181038080
14:40:40.269 INFO  NativeLibraryLoader - Loading libgkl_compression.so from jar:file:/cm/shared/specific/apps/picard/3.0.0-Java-17/picard.jar!/com/intel/gkl/native/libgkl_compression.so
[Thu Apr 09 14:40:40 CEST 2026] SamToFastq --INPUT /nobackup/lab_bsf/samples/BSF_1609_H57CKDRX5/BSF_1609_H57CKDRX5_2_samples/BSF_1609_H57CKDRX5_2#FD_072_S148866.bam --FASTQ /nobackup/peer/fdeckert/FD20200109SPLENO/geo/bulkRNAseq/FD_072_R2.fastq.gz --OUTPUT_PER_RG false --COMPRESS_OUTPUTS_PER_RG false --RG_TAG PU --RE_REVERSE true --INTERLEAVE false --INCLUDE_NON_PF_READS false --CLIPPING_MIN_LENGTH 0 --READ1_TRIM 0 --READ2_TRIM 0 --INCLUDE_NON_PRIMARY_ALIGNMENTS false --VERBOSITY INFO --QUIET false --VALIDATION_STRINGENCY STRICT --COMPRESSION_LEVEL 5 --MAX_RECORDS_IN_RAM 500000 --CREATE_INDEX false --CREATE_MD5_FILE false --help false --version false --showHidden false --USE_JDK_DEFLATER false --USE_JDK_INFLATER false
[Thu Apr 09 14:40:40 CEST 2026] Executing as fdeckert@d012 on Linux 4.18.0-553.5.1.el8_10.x86_64 amd64; OpenJDK 64-Bit Server VM 17.0.15+6; Deflater: Intel; Inflater: Intel; Provider GCS is not available; Picard version: Version:3.0.0
INFO	2026-04-09 14:40:50	SamToFastq	Processed     1,000,000 records.  Elapsed time: 00:00:10s.  Time for last 1,000,000:   10s.  Last read position: */*
[Thu Apr 09 14:40:55 CEST 2026] picard.sam.SamToFastq done. Elapsed time: 0.25 minutes.
Runtime.totalMemory()=2181038080
14:40:55.867 INFO  NativeLibraryLoader - Loading libgkl_compression.so from jar:file:/cm/shared/specific/apps/picard/3.0.0-Java-17/picard.jar!/com/intel/gkl/native/libgkl_compression.so
[Thu Apr 09 14:40:55 CEST 2026] SamToFastq --INPUT /nobackup/lab_bsf/samples/BSF_1609_H57CKDRX5/BSF_1609_H57CKDRX5_2_samples/BSF_1609_H57CKDRX5_2#FD_073_S148869.bam --FASTQ /nobackup/peer/fdeckert/FD20200109SPLENO/geo/bulkRNAseq/FD_073_R2.fastq.gz --OUTPUT_PER_RG false --COMPRESS_OUTPUTS_PER_RG false --RG_TAG PU --RE_REVERSE true --INTERLEAVE false --INCLUDE_NON_PF_READS false --CLIPPING_MIN_LENGTH 0 --READ1_TRIM 0 --READ2_TRIM 0 --INCLUDE_NON_PRIMARY_ALIGNMENTS false --VERBOSITY INFO --QUIET false --VALIDATION_STRINGENCY STRICT --COMPRESSION_LEVEL 5 --MAX_RECORDS_IN_RAM 500000 --CREATE_INDEX false --CREATE_MD5_FILE false --help false --version false --showHidden false --USE_JDK_DEFLATER false --USE_JDK_INFLATER false
[Thu Apr 09 14:40:55 CEST 2026] Executing as fdeckert@d012 on Linux 4.18.0-553.5.1.el8_10.x86_64 amd64; OpenJDK 64-Bit Server VM 17.0.15+6; Deflater: Intel; Inflater: Intel; Provider GCS is not available; Picard version: Version:3.0.0
INFO	2026-04-09 14:41:06	SamToFastq	Processed     1,000,000 records.  Elapsed time: 00:00:10s.  Time for last 1,000,000:   10s.  Last read position: */*
[Thu Apr 09 14:41:13 CEST 2026] picard.sam.SamToFastq done. Elapsed time: 0.30 minutes.
Runtime.totalMemory()=2181038080
14:41:14.338 INFO  NativeLibraryLoader - Loading libgkl_compression.so from jar:file:/cm/shared/specific/apps/picard/3.0.0-Java-17/picard.jar!/com/intel/gkl/native/libgkl_compression.so
[Thu Apr 09 14:41:14 CEST 2026] SamToFastq --INPUT /nobackup/lab_bsf/samples/BSF_1609_H57CKDRX5/BSF_1609_H57CKDRX5_2_samples/BSF_1609_H57CKDRX5_2#FD_074_S148868.bam --FASTQ /nobackup/peer/fdeckert/FD20200109SPLENO/geo/bulkRNAseq/FD_074_R2.fastq.gz --OUTPUT_PER_RG false --COMPRESS_OUTPUTS_PER_RG false --RG_TAG PU --RE_REVERSE true --INTERLEAVE false --INCLUDE_NON_PF_READS false --CLIPPING_MIN_LENGTH 0 --READ1_TRIM 0 --READ2_TRIM 0 --INCLUDE_NON_PRIMARY_ALIGNMENTS false --VERBOSITY INFO --QUIET false --VALIDATION_STRINGENCY STRICT --COMPRESSION_LEVEL 5 --MAX_RECORDS_IN_RAM 500000 --CREATE_INDEX false --CREATE_MD5_FILE false --help false --version false --showHidden false --USE_JDK_DEFLATER false --USE_JDK_INFLATER false
[Thu Apr 09 14:41:14 CEST 2026] Executing as fdeckert@d012 on Linux 4.18.0-553.5.1.el8_10.x86_64 amd64; OpenJDK 64-Bit Server VM 17.0.15+6; Deflater: Intel; Inflater: Intel; Provider GCS is not available; Picard version: Version:3.0.0
INFO	2026-04-09 14:41:24	SamToFastq	Processed     1,000,000 records.  Elapsed time: 00:00:10s.  Time for last 1,000,000:   10s.  Last read position: */*
[Thu Apr 09 14:41:27 CEST 2026] picard.sam.SamToFastq done. Elapsed time: 0.22 minutes.
Runtime.totalMemory()=2181038080
14:41:28.294 INFO  NativeLibraryLoader - Loading libgkl_compression.so from jar:file:/cm/shared/specific/apps/picard/3.0.0-Java-17/picard.jar!/com/intel/gkl/native/libgkl_compression.so
[Thu Apr 09 14:41:28 CEST 2026] SamToFastq --INPUT /nobackup/lab_bsf/samples/BSF_1609_H57CKDRX5/BSF_1609_H57CKDRX5_2_samples/BSF_1609_H57CKDRX5_2#FD_075_S148871.bam --FASTQ /nobackup/peer/fdeckert/FD20200109SPLENO/geo/bulkRNAseq/FD_075_R2.fastq.gz --OUTPUT_PER_RG false --COMPRESS_OUTPUTS_PER_RG false --RG_TAG PU --RE_REVERSE true --INTERLEAVE false --INCLUDE_NON_PF_READS false --CLIPPING_MIN_LENGTH 0 --READ1_TRIM 0 --READ2_TRIM 0 --INCLUDE_NON_PRIMARY_ALIGNMENTS false --VERBOSITY INFO --QUIET false --VALIDATION_STRINGENCY STRICT --COMPRESSION_LEVEL 5 --MAX_RECORDS_IN_RAM 500000 --CREATE_INDEX false --CREATE_MD5_FILE false --help false --version false --showHidden false --USE_JDK_DEFLATER false --USE_JDK_INFLATER false
[Thu Apr 09 14:41:28 CEST 2026] Executing as fdeckert@d012 on Linux 4.18.0-553.5.1.el8_10.x86_64 amd64; OpenJDK 64-Bit Server VM 17.0.15+6; Deflater: Intel; Inflater: Intel; Provider GCS is not available; Picard version: Version:3.0.0
INFO	2026-04-09 14:41:38	SamToFastq	Processed     1,000,000 records.  Elapsed time: 00:00:10s.  Time for last 1,000,000:   10s.  Last read position: */*
[Thu Apr 09 14:41:47 CEST 2026] picard.sam.SamToFastq done. Elapsed time: 0.31 minutes.
Runtime.totalMemory()=2181038080
14:41:47.633 INFO  NativeLibraryLoader - Loading libgkl_compression.so from jar:file:/cm/shared/specific/apps/picard/3.0.0-Java-17/picard.jar!/com/intel/gkl/native/libgkl_compression.so
[Thu Apr 09 14:41:47 CEST 2026] SamToFastq --INPUT /nobackup/lab_bsf/samples/BSF_1609_H57CKDRX5/BSF_1609_H57CKDRX5_2_samples/BSF_1609_H57CKDRX5_2#FD_076_S148870.bam --FASTQ /nobackup/peer/fdeckert/FD20200109SPLENO/geo/bulkRNAseq/FD_076_R2.fastq.gz --OUTPUT_PER_RG false --COMPRESS_OUTPUTS_PER_RG false --RG_TAG PU --RE_REVERSE true --INTERLEAVE false --INCLUDE_NON_PF_READS false --CLIPPING_MIN_LENGTH 0 --READ1_TRIM 0 --READ2_TRIM 0 --INCLUDE_NON_PRIMARY_ALIGNMENTS false --VERBOSITY INFO --QUIET false --VALIDATION_STRINGENCY STRICT --COMPRESSION_LEVEL 5 --MAX_RECORDS_IN_RAM 500000 --CREATE_INDEX false --CREATE_MD5_FILE false --help false --version false --showHidden false --USE_JDK_DEFLATER false --USE_JDK_INFLATER false
[Thu Apr 09 14:41:47 CEST 2026] Executing as fdeckert@d012 on Linux 4.18.0-553.5.1.el8_10.x86_64 amd64; OpenJDK 64-Bit Server VM 17.0.15+6; Deflater: Intel; Inflater: Intel; Provider GCS is not available; Picard version: Version:3.0.0
INFO	2026-04-09 14:41:57	SamToFastq	Processed     1,000,000 records.  Elapsed time: 00:00:10s.  Time for last 1,000,000:   10s.  Last read position: */*
INFO	2026-04-09 14:42:07	SamToFastq	Processed     2,000,000 records.  Elapsed time: 00:00:20s.  Time for last 1,000,000:    9s.  Last read position: */*
[Thu Apr 09 14:42:13 CEST 2026] picard.sam.SamToFastq done. Elapsed time: 0.44 minutes.
Runtime.totalMemory()=2181038080
14:42:14.491 INFO  NativeLibraryLoader - Loading libgkl_compression.so from jar:file:/cm/shared/specific/apps/picard/3.0.0-Java-17/picard.jar!/com/intel/gkl/native/libgkl_compression.so
[Thu Apr 09 14:42:14 CEST 2026] SamToFastq --INPUT /nobackup/lab_bsf/samples/BSF_1609_H57CKDRX5/BSF_1609_H57CKDRX5_2_samples/BSF_1609_H57CKDRX5_2#FD_077_S148873.bam --FASTQ /nobackup/peer/fdeckert/FD20200109SPLENO/geo/bulkRNAseq/FD_077_R2.fastq.gz --OUTPUT_PER_RG false --COMPRESS_OUTPUTS_PER_RG false --RG_TAG PU --RE_REVERSE true --INTERLEAVE false --INCLUDE_NON_PF_READS false --CLIPPING_MIN_LENGTH 0 --READ1_TRIM 0 --READ2_TRIM 0 --INCLUDE_NON_PRIMARY_ALIGNMENTS false --VERBOSITY INFO --QUIET false --VALIDATION_STRINGENCY STRICT --COMPRESSION_LEVEL 5 --MAX_RECORDS_IN_RAM 500000 --CREATE_INDEX false --CREATE_MD5_FILE false --help false --version false --showHidden false --USE_JDK_DEFLATER false --USE_JDK_INFLATER false
[Thu Apr 09 14:42:14 CEST 2026] Executing as fdeckert@d012 on Linux 4.18.0-553.5.1.el8_10.x86_64 amd64; OpenJDK 64-Bit Server VM 17.0.15+6; Deflater: Intel; Inflater: Intel; Provider GCS is not available; Picard version: Version:3.0.0
INFO	2026-04-09 14:42:24	SamToFastq	Processed     1,000,000 records.  Elapsed time: 00:00:10s.  Time for last 1,000,000:   10s.  Last read position: */*
[Thu Apr 09 14:42:32 CEST 2026] picard.sam.SamToFastq done. Elapsed time: 0.29 minutes.
Runtime.totalMemory()=2181038080
14:42:32.719 INFO  NativeLibraryLoader - Loading libgkl_compression.so from jar:file:/cm/shared/specific/apps/picard/3.0.0-Java-17/picard.jar!/com/intel/gkl/native/libgkl_compression.so
[Thu Apr 09 14:42:32 CEST 2026] SamToFastq --INPUT /nobackup/lab_bsf/samples/BSF_1609_H57CKDRX5/BSF_1609_H57CKDRX5_2_samples/BSF_1609_H57CKDRX5_2#FD_078_S148872.bam --FASTQ /nobackup/peer/fdeckert/FD20200109SPLENO/geo/bulkRNAseq/FD_078_R2.fastq.gz --OUTPUT_PER_RG false --COMPRESS_OUTPUTS_PER_RG false --RG_TAG PU --RE_REVERSE true --INTERLEAVE false --INCLUDE_NON_PF_READS false --CLIPPING_MIN_LENGTH 0 --READ1_TRIM 0 --READ2_TRIM 0 --INCLUDE_NON_PRIMARY_ALIGNMENTS false --VERBOSITY INFO --QUIET false --VALIDATION_STRINGENCY STRICT --COMPRESSION_LEVEL 5 --MAX_RECORDS_IN_RAM 500000 --CREATE_INDEX false --CREATE_MD5_FILE false --help false --version false --showHidden false --USE_JDK_DEFLATER false --USE_JDK_INFLATER false
[Thu Apr 09 14:42:32 CEST 2026] Executing as fdeckert@d012 on Linux 4.18.0-553.5.1.el8_10.x86_64 amd64; OpenJDK 64-Bit Server VM 17.0.15+6; Deflater: Intel; Inflater: Intel; Provider GCS is not available; Picard version: Version:3.0.0
INFO	2026-04-09 14:42:42	SamToFastq	Processed     1,000,000 records.  Elapsed time: 00:00:10s.  Time for last 1,000,000:   10s.  Last read position: */*
[Thu Apr 09 14:42:47 CEST 2026] picard.sam.SamToFastq done. Elapsed time: 0.25 minutes.
Runtime.totalMemory()=2181038080
14:42:48.205 INFO  NativeLibraryLoader - Loading libgkl_compression.so from jar:file:/cm/shared/specific/apps/picard/3.0.0-Java-17/picard.jar!/com/intel/gkl/native/libgkl_compression.so
[Thu Apr 09 14:42:48 CEST 2026] SamToFastq --INPUT /nobackup/lab_bsf/samples/BSF_1609_H57CKDRX5/BSF_1609_H57CKDRX5_2_samples/BSF_1609_H57CKDRX5_2#FD_079_S148875.bam --FASTQ /nobackup/peer/fdeckert/FD20200109SPLENO/geo/bulkRNAseq/FD_079_R2.fastq.gz --OUTPUT_PER_RG false --COMPRESS_OUTPUTS_PER_RG false --RG_TAG PU --RE_REVERSE true --INTERLEAVE false --INCLUDE_NON_PF_READS false --CLIPPING_MIN_LENGTH 0 --READ1_TRIM 0 --READ2_TRIM 0 --INCLUDE_NON_PRIMARY_ALIGNMENTS false --VERBOSITY INFO --QUIET false --VALIDATION_STRINGENCY STRICT --COMPRESSION_LEVEL 5 --MAX_RECORDS_IN_RAM 500000 --CREATE_INDEX false --CREATE_MD5_FILE false --help false --version false --showHidden false --USE_JDK_DEFLATER false --USE_JDK_INFLATER false
[Thu Apr 09 14:42:48 CEST 2026] Executing as fdeckert@d012 on Linux 4.18.0-553.5.1.el8_10.x86_64 amd64; OpenJDK 64-Bit Server VM 17.0.15+6; Deflater: Intel; Inflater: Intel; Provider GCS is not available; Picard version: Version:3.0.0
INFO	2026-04-09 14:42:58	SamToFastq	Processed     1,000,000 records.  Elapsed time: 00:00:10s.  Time for last 1,000,000:   10s.  Last read position: */*
INFO	2026-04-09 14:43:08	SamToFastq	Processed     2,000,000 records.  Elapsed time: 00:00:20s.  Time for last 1,000,000:    9s.  Last read position: */*
[Thu Apr 09 14:43:09 CEST 2026] picard.sam.SamToFastq done. Elapsed time: 0.36 minutes.
Runtime.totalMemory()=2181038080
14:43:10.145 INFO  NativeLibraryLoader - Loading libgkl_compression.so from jar:file:/cm/shared/specific/apps/picard/3.0.0-Java-17/picard.jar!/com/intel/gkl/native/libgkl_compression.so
[Thu Apr 09 14:43:10 CEST 2026] SamToFastq --INPUT /nobackup/lab_bsf/samples/BSF_1609_H57CKDRX5/BSF_1609_H57CKDRX5_2_samples/BSF_1609_H57CKDRX5_2#FD_080_S148929.bam --FASTQ /nobackup/peer/fdeckert/FD20200109SPLENO/geo/bulkRNAseq/FD_080_R2.fastq.gz --OUTPUT_PER_RG false --COMPRESS_OUTPUTS_PER_RG false --RG_TAG PU --RE_REVERSE true --INTERLEAVE false --INCLUDE_NON_PF_READS false --CLIPPING_MIN_LENGTH 0 --READ1_TRIM 0 --READ2_TRIM 0 --INCLUDE_NON_PRIMARY_ALIGNMENTS false --VERBOSITY INFO --QUIET false --VALIDATION_STRINGENCY STRICT --COMPRESSION_LEVEL 5 --MAX_RECORDS_IN_RAM 500000 --CREATE_INDEX false --CREATE_MD5_FILE false --help false --version false --showHidden false --USE_JDK_DEFLATER false --USE_JDK_INFLATER false
[Thu Apr 09 14:43:10 CEST 2026] Executing as fdeckert@d012 on Linux 4.18.0-553.5.1.el8_10.x86_64 amd64; OpenJDK 64-Bit Server VM 17.0.15+6; Deflater: Intel; Inflater: Intel; Provider GCS is not available; Picard version: Version:3.0.0
INFO	2026-04-09 14:43:20	SamToFastq	Processed     1,000,000 records.  Elapsed time: 00:00:10s.  Time for last 1,000,000:   10s.  Last read position: */*
[Thu Apr 09 14:43:30 CEST 2026] picard.sam.SamToFastq done. Elapsed time: 0.34 minutes.
Runtime.totalMemory()=2181038080
14:43:30.857 INFO  NativeLibraryLoader - Loading libgkl_compression.so from jar:file:/cm/shared/specific/apps/picard/3.0.0-Java-17/picard.jar!/com/intel/gkl/native/libgkl_compression.so
[Thu Apr 09 14:43:30 CEST 2026] SamToFastq --INPUT /nobackup/lab_bsf/samples/BSF_1609_H57CKDRX5/BSF_1609_H57CKDRX5_2_samples/BSF_1609_H57CKDRX5_2#FD_081_S148874.bam --FASTQ /nobackup/peer/fdeckert/FD20200109SPLENO/geo/bulkRNAseq/FD_081_R2.fastq.gz --OUTPUT_PER_RG false --COMPRESS_OUTPUTS_PER_RG false --RG_TAG PU --RE_REVERSE true --INTERLEAVE false --INCLUDE_NON_PF_READS false --CLIPPING_MIN_LENGTH 0 --READ1_TRIM 0 --READ2_TRIM 0 --INCLUDE_NON_PRIMARY_ALIGNMENTS false --VERBOSITY INFO --QUIET false --VALIDATION_STRINGENCY STRICT --COMPRESSION_LEVEL 5 --MAX_RECORDS_IN_RAM 500000 --CREATE_INDEX false --CREATE_MD5_FILE false --help false --version false --showHidden false --USE_JDK_DEFLATER false --USE_JDK_INFLATER false
[Thu Apr 09 14:43:30 CEST 2026] Executing as fdeckert@d012 on Linux 4.18.0-553.5.1.el8_10.x86_64 amd64; OpenJDK 64-Bit Server VM 17.0.15+6; Deflater: Intel; Inflater: Intel; Provider GCS is not available; Picard version: Version:3.0.0
INFO	2026-04-09 14:43:41	SamToFastq	Processed     1,000,000 records.  Elapsed time: 00:00:10s.  Time for last 1,000,000:   10s.  Last read position: */*
[Thu Apr 09 14:43:43 CEST 2026] picard.sam.SamToFastq done. Elapsed time: 0.21 minutes.
Runtime.totalMemory()=2181038080
14:43:44.286 INFO  NativeLibraryLoader - Loading libgkl_compression.so from jar:file:/cm/shared/specific/apps/picard/3.0.0-Java-17/picard.jar!/com/intel/gkl/native/libgkl_compression.so
[Thu Apr 09 14:43:44 CEST 2026] SamToFastq --INPUT /nobackup/lab_bsf/samples/BSF_1609_H57CKDRX5/BSF_1609_H57CKDRX5_2_samples/BSF_1609_H57CKDRX5_2#FD_082_S148877.bam --FASTQ /nobackup/peer/fdeckert/FD20200109SPLENO/geo/bulkRNAseq/FD_082_R2.fastq.gz --OUTPUT_PER_RG false --COMPRESS_OUTPUTS_PER_RG false --RG_TAG PU --RE_REVERSE true --INTERLEAVE false --INCLUDE_NON_PF_READS false --CLIPPING_MIN_LENGTH 0 --READ1_TRIM 0 --READ2_TRIM 0 --INCLUDE_NON_PRIMARY_ALIGNMENTS false --VERBOSITY INFO --QUIET false --VALIDATION_STRINGENCY STRICT --COMPRESSION_LEVEL 5 --MAX_RECORDS_IN_RAM 500000 --CREATE_INDEX false --CREATE_MD5_FILE false --help false --version false --showHidden false --USE_JDK_DEFLATER false --USE_JDK_INFLATER false
[Thu Apr 09 14:43:44 CEST 2026] Executing as fdeckert@d012 on Linux 4.18.0-553.5.1.el8_10.x86_64 amd64; OpenJDK 64-Bit Server VM 17.0.15+6; Deflater: Intel; Inflater: Intel; Provider GCS is not available; Picard version: Version:3.0.0
INFO	2026-04-09 14:43:54	SamToFastq	Processed     1,000,000 records.  Elapsed time: 00:00:10s.  Time for last 1,000,000:   10s.  Last read position: */*
[Thu Apr 09 14:44:03 CEST 2026] picard.sam.SamToFastq done. Elapsed time: 0.32 minutes.
Runtime.totalMemory()=2181038080
14:44:03.777 INFO  NativeLibraryLoader - Loading libgkl_compression.so from jar:file:/cm/shared/specific/apps/picard/3.0.0-Java-17/picard.jar!/com/intel/gkl/native/libgkl_compression.so
[Thu Apr 09 14:44:03 CEST 2026] SamToFastq --INPUT /nobackup/lab_bsf/samples/BSF_1609_H57CKDRX5/BSF_1609_H57CKDRX5_2_samples/BSF_1609_H57CKDRX5_2#FD_083_S148876.bam --FASTQ /nobackup/peer/fdeckert/FD20200109SPLENO/geo/bulkRNAseq/FD_083_R2.fastq.gz --OUTPUT_PER_RG false --COMPRESS_OUTPUTS_PER_RG false --RG_TAG PU --RE_REVERSE true --INTERLEAVE false --INCLUDE_NON_PF_READS false --CLIPPING_MIN_LENGTH 0 --READ1_TRIM 0 --READ2_TRIM 0 --INCLUDE_NON_PRIMARY_ALIGNMENTS false --VERBOSITY INFO --QUIET false --VALIDATION_STRINGENCY STRICT --COMPRESSION_LEVEL 5 --MAX_RECORDS_IN_RAM 500000 --CREATE_INDEX false --CREATE_MD5_FILE false --help false --version false --showHidden false --USE_JDK_DEFLATER false --USE_JDK_INFLATER false
[Thu Apr 09 14:44:03 CEST 2026] Executing as fdeckert@d012 on Linux 4.18.0-553.5.1.el8_10.x86_64 amd64; OpenJDK 64-Bit Server VM 17.0.15+6; Deflater: Intel; Inflater: Intel; Provider GCS is not available; Picard version: Version:3.0.0
INFO	2026-04-09 14:44:14	SamToFastq	Processed     1,000,000 records.  Elapsed time: 00:00:10s.  Time for last 1,000,000:   10s.  Last read position: */*
[Thu Apr 09 14:44:17 CEST 2026] picard.sam.SamToFastq done. Elapsed time: 0.24 minutes.
Runtime.totalMemory()=2181038080
14:44:18.576 INFO  NativeLibraryLoader - Loading libgkl_compression.so from jar:file:/cm/shared/specific/apps/picard/3.0.0-Java-17/picard.jar!/com/intel/gkl/native/libgkl_compression.so
[Thu Apr 09 14:44:18 CEST 2026] SamToFastq --INPUT /nobackup/lab_bsf/samples/BSF_1609_H57CKDRX5/BSF_1609_H57CKDRX5_2_samples/BSF_1609_H57CKDRX5_2#FD_084_S148879.bam --FASTQ /nobackup/peer/fdeckert/FD20200109SPLENO/geo/bulkRNAseq/FD_084_R2.fastq.gz --OUTPUT_PER_RG false --COMPRESS_OUTPUTS_PER_RG false --RG_TAG PU --RE_REVERSE true --INTERLEAVE false --INCLUDE_NON_PF_READS false --CLIPPING_MIN_LENGTH 0 --READ1_TRIM 0 --READ2_TRIM 0 --INCLUDE_NON_PRIMARY_ALIGNMENTS false --VERBOSITY INFO --QUIET false --VALIDATION_STRINGENCY STRICT --COMPRESSION_LEVEL 5 --MAX_RECORDS_IN_RAM 500000 --CREATE_INDEX false --CREATE_MD5_FILE false --help false --version false --showHidden false --USE_JDK_DEFLATER false --USE_JDK_INFLATER false
[Thu Apr 09 14:44:18 CEST 2026] Executing as fdeckert@d012 on Linux 4.18.0-553.5.1.el8_10.x86_64 amd64; OpenJDK 64-Bit Server VM 17.0.15+6; Deflater: Intel; Inflater: Intel; Provider GCS is not available; Picard version: Version:3.0.0
INFO	2026-04-09 14:44:28	SamToFastq	Processed     1,000,000 records.  Elapsed time: 00:00:10s.  Time for last 1,000,000:   10s.  Last read position: */*
[Thu Apr 09 14:44:36 CEST 2026] picard.sam.SamToFastq done. Elapsed time: 0.30 minutes.
Runtime.totalMemory()=2181038080
14:44:37.156 INFO  NativeLibraryLoader - Loading libgkl_compression.so from jar:file:/cm/shared/specific/apps/picard/3.0.0-Java-17/picard.jar!/com/intel/gkl/native/libgkl_compression.so
[Thu Apr 09 14:44:37 CEST 2026] SamToFastq --INPUT /nobackup/lab_bsf/samples/BSF_1609_H57CKDRX5/BSF_1609_H57CKDRX5_2_samples/BSF_1609_H57CKDRX5_2#FD_085_S148923.bam --FASTQ /nobackup/peer/fdeckert/FD20200109SPLENO/geo/bulkRNAseq/FD_085_R2.fastq.gz --OUTPUT_PER_RG false --COMPRESS_OUTPUTS_PER_RG false --RG_TAG PU --RE_REVERSE true --INTERLEAVE false --INCLUDE_NON_PF_READS false --CLIPPING_MIN_LENGTH 0 --READ1_TRIM 0 --READ2_TRIM 0 --INCLUDE_NON_PRIMARY_ALIGNMENTS false --VERBOSITY INFO --QUIET false --VALIDATION_STRINGENCY STRICT --COMPRESSION_LEVEL 5 --MAX_RECORDS_IN_RAM 500000 --CREATE_INDEX false --CREATE_MD5_FILE false --help false --version false --showHidden false --USE_JDK_DEFLATER false --USE_JDK_INFLATER false
[Thu Apr 09 14:44:37 CEST 2026] Executing as fdeckert@d012 on Linux 4.18.0-553.5.1.el8_10.x86_64 amd64; OpenJDK 64-Bit Server VM 17.0.15+6; Deflater: Intel; Inflater: Intel; Provider GCS is not available; Picard version: Version:3.0.0
[Thu Apr 09 14:44:40 CEST 2026] picard.sam.SamToFastq done. Elapsed time: 0.06 minutes.
Runtime.totalMemory()=2181038080
14:44:41.470 INFO  NativeLibraryLoader - Loading libgkl_compression.so from jar:file:/cm/shared/specific/apps/picard/3.0.0-Java-17/picard.jar!/com/intel/gkl/native/libgkl_compression.so
[Thu Apr 09 14:44:41 CEST 2026] SamToFastq --INPUT /nobackup/lab_bsf/samples/BSF_1609_H57CKDRX5/BSF_1609_H57CKDRX5_2_samples/BSF_1609_H57CKDRX5_2#FD_086_S148922.bam --FASTQ /nobackup/peer/fdeckert/FD20200109SPLENO/geo/bulkRNAseq/FD_086_R2.fastq.gz --OUTPUT_PER_RG false --COMPRESS_OUTPUTS_PER_RG false --RG_TAG PU --RE_REVERSE true --INTERLEAVE false --INCLUDE_NON_PF_READS false --CLIPPING_MIN_LENGTH 0 --READ1_TRIM 0 --READ2_TRIM 0 --INCLUDE_NON_PRIMARY_ALIGNMENTS false --VERBOSITY INFO --QUIET false --VALIDATION_STRINGENCY STRICT --COMPRESSION_LEVEL 5 --MAX_RECORDS_IN_RAM 500000 --CREATE_INDEX false --CREATE_MD5_FILE false --help false --version false --showHidden false --USE_JDK_DEFLATER false --USE_JDK_INFLATER false
[Thu Apr 09 14:44:41 CEST 2026] Executing as fdeckert@d012 on Linux 4.18.0-553.5.1.el8_10.x86_64 amd64; OpenJDK 64-Bit Server VM 17.0.15+6; Deflater: Intel; Inflater: Intel; Provider GCS is not available; Picard version: Version:3.0.0
[Thu Apr 09 14:44:47 CEST 2026] picard.sam.SamToFastq done. Elapsed time: 0.10 minutes.
Runtime.totalMemory()=2181038080
14:44:48.307 INFO  NativeLibraryLoader - Loading libgkl_compression.so from jar:file:/cm/shared/specific/apps/picard/3.0.0-Java-17/picard.jar!/com/intel/gkl/native/libgkl_compression.so
[Thu Apr 09 14:44:48 CEST 2026] SamToFastq --INPUT /nobackup/lab_bsf/samples/BSF_1609_H57CKDRX5/BSF_1609_H57CKDRX5_2_samples/BSF_1609_H57CKDRX5_2#FD_087_S148925.bam --FASTQ /nobackup/peer/fdeckert/FD20200109SPLENO/geo/bulkRNAseq/FD_087_R2.fastq.gz --OUTPUT_PER_RG false --COMPRESS_OUTPUTS_PER_RG false --RG_TAG PU --RE_REVERSE true --INTERLEAVE false --INCLUDE_NON_PF_READS false --CLIPPING_MIN_LENGTH 0 --READ1_TRIM 0 --READ2_TRIM 0 --INCLUDE_NON_PRIMARY_ALIGNMENTS false --VERBOSITY INFO --QUIET false --VALIDATION_STRINGENCY STRICT --COMPRESSION_LEVEL 5 --MAX_RECORDS_IN_RAM 500000 --CREATE_INDEX false --CREATE_MD5_FILE false --help false --version false --showHidden false --USE_JDK_DEFLATER false --USE_JDK_INFLATER false
[Thu Apr 09 14:44:48 CEST 2026] Executing as fdeckert@d012 on Linux 4.18.0-553.5.1.el8_10.x86_64 amd64; OpenJDK 64-Bit Server VM 17.0.15+6; Deflater: Intel; Inflater: Intel; Provider GCS is not available; Picard version: Version:3.0.0
INFO	2026-04-09 14:44:58	SamToFastq	Processed     1,000,000 records.  Elapsed time: 00:00:10s.  Time for last 1,000,000:   10s.  Last read position: */*
[Thu Apr 09 14:45:01 CEST 2026] picard.sam.SamToFastq done. Elapsed time: 0.22 minutes.
Runtime.totalMemory()=2181038080
14:45:02.130 INFO  NativeLibraryLoader - Loading libgkl_compression.so from jar:file:/cm/shared/specific/apps/picard/3.0.0-Java-17/picard.jar!/com/intel/gkl/native/libgkl_compression.so
[Thu Apr 09 14:45:02 CEST 2026] SamToFastq --INPUT /nobackup/lab_bsf/samples/BSF_1609_H57CKDRX5/BSF_1609_H57CKDRX5_2_samples/BSF_1609_H57CKDRX5_2#FD_088_S148924.bam --FASTQ /nobackup/peer/fdeckert/FD20200109SPLENO/geo/bulkRNAseq/FD_088_R2.fastq.gz --OUTPUT_PER_RG false --COMPRESS_OUTPUTS_PER_RG false --RG_TAG PU --RE_REVERSE true --INTERLEAVE false --INCLUDE_NON_PF_READS false --CLIPPING_MIN_LENGTH 0 --READ1_TRIM 0 --READ2_TRIM 0 --INCLUDE_NON_PRIMARY_ALIGNMENTS false --VERBOSITY INFO --QUIET false --VALIDATION_STRINGENCY STRICT --COMPRESSION_LEVEL 5 --MAX_RECORDS_IN_RAM 500000 --CREATE_INDEX false --CREATE_MD5_FILE false --help false --version false --showHidden false --USE_JDK_DEFLATER false --USE_JDK_INFLATER false
[Thu Apr 09 14:45:02 CEST 2026] Executing as fdeckert@d012 on Linux 4.18.0-553.5.1.el8_10.x86_64 amd64; OpenJDK 64-Bit Server VM 17.0.15+6; Deflater: Intel; Inflater: Intel; Provider GCS is not available; Picard version: Version:3.0.0
[Thu Apr 09 14:45:05 CEST 2026] picard.sam.SamToFastq done. Elapsed time: 0.06 minutes.
Runtime.totalMemory()=2181038080
14:45:06.216 INFO  NativeLibraryLoader - Loading libgkl_compression.so from jar:file:/cm/shared/specific/apps/picard/3.0.0-Java-17/picard.jar!/com/intel/gkl/native/libgkl_compression.so
[Thu Apr 09 14:45:06 CEST 2026] SamToFastq --INPUT /nobackup/lab_bsf/samples/BSF_1609_H57CKDRX5/BSF_1609_H57CKDRX5_2_samples/BSF_1609_H57CKDRX5_2#FD_089_S148927.bam --FASTQ /nobackup/peer/fdeckert/FD20200109SPLENO/geo/bulkRNAseq/FD_089_R2.fastq.gz --OUTPUT_PER_RG false --COMPRESS_OUTPUTS_PER_RG false --RG_TAG PU --RE_REVERSE true --INTERLEAVE false --INCLUDE_NON_PF_READS false --CLIPPING_MIN_LENGTH 0 --READ1_TRIM 0 --READ2_TRIM 0 --INCLUDE_NON_PRIMARY_ALIGNMENTS false --VERBOSITY INFO --QUIET false --VALIDATION_STRINGENCY STRICT --COMPRESSION_LEVEL 5 --MAX_RECORDS_IN_RAM 500000 --CREATE_INDEX false --CREATE_MD5_FILE false --help false --version false --showHidden false --USE_JDK_DEFLATER false --USE_JDK_INFLATER false
[Thu Apr 09 14:45:06 CEST 2026] Executing as fdeckert@d012 on Linux 4.18.0-553.5.1.el8_10.x86_64 amd64; OpenJDK 64-Bit Server VM 17.0.15+6; Deflater: Intel; Inflater: Intel; Provider GCS is not available; Picard version: Version:3.0.0
[Thu Apr 09 14:45:13 CEST 2026] picard.sam.SamToFastq done. Elapsed time: 0.13 minutes.
Runtime.totalMemory()=2181038080
14:45:14.515 INFO  NativeLibraryLoader - Loading libgkl_compression.so from jar:file:/cm/shared/specific/apps/picard/3.0.0-Java-17/picard.jar!/com/intel/gkl/native/libgkl_compression.so
[Thu Apr 09 14:45:14 CEST 2026] SamToFastq --INPUT /nobackup/lab_bsf/samples/BSF_1609_H57CKDRX5/BSF_1609_H57CKDRX5_2_samples/BSF_1609_H57CKDRX5_2#FD_090_S148926.bam --FASTQ /nobackup/peer/fdeckert/FD20200109SPLENO/geo/bulkRNAseq/FD_090_R2.fastq.gz --OUTPUT_PER_RG false --COMPRESS_OUTPUTS_PER_RG false --RG_TAG PU --RE_REVERSE true --INTERLEAVE false --INCLUDE_NON_PF_READS false --CLIPPING_MIN_LENGTH 0 --READ1_TRIM 0 --READ2_TRIM 0 --INCLUDE_NON_PRIMARY_ALIGNMENTS false --VERBOSITY INFO --QUIET false --VALIDATION_STRINGENCY STRICT --COMPRESSION_LEVEL 5 --MAX_RECORDS_IN_RAM 500000 --CREATE_INDEX false --CREATE_MD5_FILE false --help false --version false --showHidden false --USE_JDK_DEFLATER false --USE_JDK_INFLATER false
[Thu Apr 09 14:45:14 CEST 2026] Executing as fdeckert@d012 on Linux 4.18.0-553.5.1.el8_10.x86_64 amd64; OpenJDK 64-Bit Server VM 17.0.15+6; Deflater: Intel; Inflater: Intel; Provider GCS is not available; Picard version: Version:3.0.0
[Thu Apr 09 14:45:19 CEST 2026] picard.sam.SamToFastq done. Elapsed time: 0.08 minutes.
Runtime.totalMemory()=2181038080
14:45:19.745 INFO  NativeLibraryLoader - Loading libgkl_compression.so from jar:file:/cm/shared/specific/apps/picard/3.0.0-Java-17/picard.jar!/com/intel/gkl/native/libgkl_compression.so
[Thu Apr 09 14:45:19 CEST 2026] SamToFastq --INPUT /nobackup/lab_bsf/samples/BSF_1609_H57CKDRX5/BSF_1609_H57CKDRX5_2_samples/BSF_1609_H57CKDRX5_2#FD_091_S148827.bam --FASTQ /nobackup/peer/fdeckert/FD20200109SPLENO/geo/bulkRNAseq/FD_091_R2.fastq.gz --OUTPUT_PER_RG false --COMPRESS_OUTPUTS_PER_RG false --RG_TAG PU --RE_REVERSE true --INTERLEAVE false --INCLUDE_NON_PF_READS false --CLIPPING_MIN_LENGTH 0 --READ1_TRIM 0 --READ2_TRIM 0 --INCLUDE_NON_PRIMARY_ALIGNMENTS false --VERBOSITY INFO --QUIET false --VALIDATION_STRINGENCY STRICT --COMPRESSION_LEVEL 5 --MAX_RECORDS_IN_RAM 500000 --CREATE_INDEX false --CREATE_MD5_FILE false --help false --version false --showHidden false --USE_JDK_DEFLATER false --USE_JDK_INFLATER false
[Thu Apr 09 14:45:19 CEST 2026] Executing as fdeckert@d012 on Linux 4.18.0-553.5.1.el8_10.x86_64 amd64; OpenJDK 64-Bit Server VM 17.0.15+6; Deflater: Intel; Inflater: Intel; Provider GCS is not available; Picard version: Version:3.0.0
INFO	2026-04-09 14:45:29	SamToFastq	Processed     1,000,000 records.  Elapsed time: 00:00:10s.  Time for last 1,000,000:   10s.  Last read position: */*
[Thu Apr 09 14:45:37 CEST 2026] picard.sam.SamToFastq done. Elapsed time: 0.30 minutes.
Runtime.totalMemory()=2181038080
14:45:38.281 INFO  NativeLibraryLoader - Loading libgkl_compression.so from jar:file:/cm/shared/specific/apps/picard/3.0.0-Java-17/picard.jar!/com/intel/gkl/native/libgkl_compression.so
[Thu Apr 09 14:45:38 CEST 2026] SamToFastq --INPUT /nobackup/lab_bsf/samples/BSF_1609_H57CKDRX5/BSF_1609_H57CKDRX5_2_samples/BSF_1609_H57CKDRX5_2#FD_092_S148826.bam --FASTQ /nobackup/peer/fdeckert/FD20200109SPLENO/geo/bulkRNAseq/FD_092_R2.fastq.gz --OUTPUT_PER_RG false --COMPRESS_OUTPUTS_PER_RG false --RG_TAG PU --RE_REVERSE true --INTERLEAVE false --INCLUDE_NON_PF_READS false --CLIPPING_MIN_LENGTH 0 --READ1_TRIM 0 --READ2_TRIM 0 --INCLUDE_NON_PRIMARY_ALIGNMENTS false --VERBOSITY INFO --QUIET false --VALIDATION_STRINGENCY STRICT --COMPRESSION_LEVEL 5 --MAX_RECORDS_IN_RAM 500000 --CREATE_INDEX false --CREATE_MD5_FILE false --help false --version false --showHidden false --USE_JDK_DEFLATER false --USE_JDK_INFLATER false
[Thu Apr 09 14:45:38 CEST 2026] Executing as fdeckert@d012 on Linux 4.18.0-553.5.1.el8_10.x86_64 amd64; OpenJDK 64-Bit Server VM 17.0.15+6; Deflater: Intel; Inflater: Intel; Provider GCS is not available; Picard version: Version:3.0.0
INFO	2026-04-09 14:45:48	SamToFastq	Processed     1,000,000 records.  Elapsed time: 00:00:10s.  Time for last 1,000,000:   10s.  Last read position: */*
INFO	2026-04-09 14:45:57	SamToFastq	Processed     2,000,000 records.  Elapsed time: 00:00:19s.  Time for last 1,000,000:    9s.  Last read position: */*
[Thu Apr 09 14:45:58 CEST 2026] picard.sam.SamToFastq done. Elapsed time: 0.33 minutes.
Runtime.totalMemory()=2181038080
14:45:58.631 INFO  NativeLibraryLoader - Loading libgkl_compression.so from jar:file:/cm/shared/specific/apps/picard/3.0.0-Java-17/picard.jar!/com/intel/gkl/native/libgkl_compression.so
[Thu Apr 09 14:45:58 CEST 2026] SamToFastq --INPUT /nobackup/lab_bsf/samples/BSF_1609_H57CKDRX5/BSF_1609_H57CKDRX5_2_samples/BSF_1609_H57CKDRX5_2#FD_093_S148829.bam --FASTQ /nobackup/peer/fdeckert/FD20200109SPLENO/geo/bulkRNAseq/FD_093_R2.fastq.gz --OUTPUT_PER_RG false --COMPRESS_OUTPUTS_PER_RG false --RG_TAG PU --RE_REVERSE true --INTERLEAVE false --INCLUDE_NON_PF_READS false --CLIPPING_MIN_LENGTH 0 --READ1_TRIM 0 --READ2_TRIM 0 --INCLUDE_NON_PRIMARY_ALIGNMENTS false --VERBOSITY INFO --QUIET false --VALIDATION_STRINGENCY STRICT --COMPRESSION_LEVEL 5 --MAX_RECORDS_IN_RAM 500000 --CREATE_INDEX false --CREATE_MD5_FILE false --help false --version false --showHidden false --USE_JDK_DEFLATER false --USE_JDK_INFLATER false
[Thu Apr 09 14:45:58 CEST 2026] Executing as fdeckert@d012 on Linux 4.18.0-553.5.1.el8_10.x86_64 amd64; OpenJDK 64-Bit Server VM 17.0.15+6; Deflater: Intel; Inflater: Intel; Provider GCS is not available; Picard version: Version:3.0.0
INFO	2026-04-09 14:46:08	SamToFastq	Processed     1,000,000 records.  Elapsed time: 00:00:10s.  Time for last 1,000,000:   10s.  Last read position: */*
[Thu Apr 09 14:46:13 CEST 2026] picard.sam.SamToFastq done. Elapsed time: 0.25 minutes.
Runtime.totalMemory()=2181038080
14:46:14.113 INFO  NativeLibraryLoader - Loading libgkl_compression.so from jar:file:/cm/shared/specific/apps/picard/3.0.0-Java-17/picard.jar!/com/intel/gkl/native/libgkl_compression.so
[Thu Apr 09 14:46:14 CEST 2026] SamToFastq --INPUT /nobackup/lab_bsf/samples/BSF_1609_H57CKDRX5/BSF_1609_H57CKDRX5_2_samples/BSF_1609_H57CKDRX5_2#FD_094_S148828.bam --FASTQ /nobackup/peer/fdeckert/FD20200109SPLENO/geo/bulkRNAseq/FD_094_R2.fastq.gz --OUTPUT_PER_RG false --COMPRESS_OUTPUTS_PER_RG false --RG_TAG PU --RE_REVERSE true --INTERLEAVE false --INCLUDE_NON_PF_READS false --CLIPPING_MIN_LENGTH 0 --READ1_TRIM 0 --READ2_TRIM 0 --INCLUDE_NON_PRIMARY_ALIGNMENTS false --VERBOSITY INFO --QUIET false --VALIDATION_STRINGENCY STRICT --COMPRESSION_LEVEL 5 --MAX_RECORDS_IN_RAM 500000 --CREATE_INDEX false --CREATE_MD5_FILE false --help false --version false --showHidden false --USE_JDK_DEFLATER false --USE_JDK_INFLATER false
[Thu Apr 09 14:46:14 CEST 2026] Executing as fdeckert@d012 on Linux 4.18.0-553.5.1.el8_10.x86_64 amd64; OpenJDK 64-Bit Server VM 17.0.15+6; Deflater: Intel; Inflater: Intel; Provider GCS is not available; Picard version: Version:3.0.0
INFO	2026-04-09 14:46:24	SamToFastq	Processed     1,000,000 records.  Elapsed time: 00:00:10s.  Time for last 1,000,000:   10s.  Last read position: */*
[Thu Apr 09 14:46:27 CEST 2026] picard.sam.SamToFastq done. Elapsed time: 0.22 minutes.
Runtime.totalMemory()=2181038080
14:46:27.721 INFO  NativeLibraryLoader - Loading libgkl_compression.so from jar:file:/cm/shared/specific/apps/picard/3.0.0-Java-17/picard.jar!/com/intel/gkl/native/libgkl_compression.so
[Thu Apr 09 14:46:27 CEST 2026] SamToFastq --INPUT /nobackup/lab_bsf/samples/BSF_1609_H57CKDRX5/BSF_1609_H57CKDRX5_2_samples/BSF_1609_H57CKDRX5_2#FD_095_S148831.bam --FASTQ /nobackup/peer/fdeckert/FD20200109SPLENO/geo/bulkRNAseq/FD_095_R2.fastq.gz --OUTPUT_PER_RG false --COMPRESS_OUTPUTS_PER_RG false --RG_TAG PU --RE_REVERSE true --INTERLEAVE false --INCLUDE_NON_PF_READS false --CLIPPING_MIN_LENGTH 0 --READ1_TRIM 0 --READ2_TRIM 0 --INCLUDE_NON_PRIMARY_ALIGNMENTS false --VERBOSITY INFO --QUIET false --VALIDATION_STRINGENCY STRICT --COMPRESSION_LEVEL 5 --MAX_RECORDS_IN_RAM 500000 --CREATE_INDEX false --CREATE_MD5_FILE false --help false --version false --showHidden false --USE_JDK_DEFLATER false --USE_JDK_INFLATER false
[Thu Apr 09 14:46:27 CEST 2026] Executing as fdeckert@d012 on Linux 4.18.0-553.5.1.el8_10.x86_64 amd64; OpenJDK 64-Bit Server VM 17.0.15+6; Deflater: Intel; Inflater: Intel; Provider GCS is not available; Picard version: Version:3.0.0
INFO	2026-04-09 14:46:38	SamToFastq	Processed     1,000,000 records.  Elapsed time: 00:00:10s.  Time for last 1,000,000:   10s.  Last read position: */*
[Thu Apr 09 14:46:45 CEST 2026] picard.sam.SamToFastq done. Elapsed time: 0.29 minutes.
Runtime.totalMemory()=2181038080
14:46:45.854 INFO  NativeLibraryLoader - Loading libgkl_compression.so from jar:file:/cm/shared/specific/apps/picard/3.0.0-Java-17/picard.jar!/com/intel/gkl/native/libgkl_compression.so
[Thu Apr 09 14:46:45 CEST 2026] SamToFastq --INPUT /nobackup/lab_bsf/samples/BSF_1609_H57CKDRX5/BSF_1609_H57CKDRX5_2_samples/BSF_1609_H57CKDRX5_2#FD_096_S148830.bam --FASTQ /nobackup/peer/fdeckert/FD20200109SPLENO/geo/bulkRNAseq/FD_096_R2.fastq.gz --OUTPUT_PER_RG false --COMPRESS_OUTPUTS_PER_RG false --RG_TAG PU --RE_REVERSE true --INTERLEAVE false --INCLUDE_NON_PF_READS false --CLIPPING_MIN_LENGTH 0 --READ1_TRIM 0 --READ2_TRIM 0 --INCLUDE_NON_PRIMARY_ALIGNMENTS false --VERBOSITY INFO --QUIET false --VALIDATION_STRINGENCY STRICT --COMPRESSION_LEVEL 5 --MAX_RECORDS_IN_RAM 500000 --CREATE_INDEX false --CREATE_MD5_FILE false --help false --version false --showHidden false --USE_JDK_DEFLATER false --USE_JDK_INFLATER false
[Thu Apr 09 14:46:45 CEST 2026] Executing as fdeckert@d012 on Linux 4.18.0-553.5.1.el8_10.x86_64 amd64; OpenJDK 64-Bit Server VM 17.0.15+6; Deflater: Intel; Inflater: Intel; Provider GCS is not available; Picard version: Version:3.0.0
INFO	2026-04-09 14:46:56	SamToFastq	Processed     1,000,000 records.  Elapsed time: 00:00:10s.  Time for last 1,000,000:   10s.  Last read position: */*
[Thu Apr 09 14:47:03 CEST 2026] picard.sam.SamToFastq done. Elapsed time: 0.29 minutes.
Runtime.totalMemory()=2181038080
14:47:03.850 INFO  NativeLibraryLoader - Loading libgkl_compression.so from jar:file:/cm/shared/specific/apps/picard/3.0.0-Java-17/picard.jar!/com/intel/gkl/native/libgkl_compression.so
[Thu Apr 09 14:47:03 CEST 2026] SamToFastq --INPUT /nobackup/lab_bsf/samples/BSF_1609_H57CKDRX5/BSF_1609_H57CKDRX5_2_samples/BSF_1609_H57CKDRX5_2#FD_097_S148852.bam --FASTQ /nobackup/peer/fdeckert/FD20200109SPLENO/geo/bulkRNAseq/FD_097_R2.fastq.gz --OUTPUT_PER_RG false --COMPRESS_OUTPUTS_PER_RG false --RG_TAG PU --RE_REVERSE true --INTERLEAVE false --INCLUDE_NON_PF_READS false --CLIPPING_MIN_LENGTH 0 --READ1_TRIM 0 --READ2_TRIM 0 --INCLUDE_NON_PRIMARY_ALIGNMENTS false --VERBOSITY INFO --QUIET false --VALIDATION_STRINGENCY STRICT --COMPRESSION_LEVEL 5 --MAX_RECORDS_IN_RAM 500000 --CREATE_INDEX false --CREATE_MD5_FILE false --help false --version false --showHidden false --USE_JDK_DEFLATER false --USE_JDK_INFLATER false
[Thu Apr 09 14:47:03 CEST 2026] Executing as fdeckert@d012 on Linux 4.18.0-553.5.1.el8_10.x86_64 amd64; OpenJDK 64-Bit Server VM 17.0.15+6; Deflater: Intel; Inflater: Intel; Provider GCS is not available; Picard version: Version:3.0.0
INFO	2026-04-09 14:47:14	SamToFastq	Processed     1,000,000 records.  Elapsed time: 00:00:10s.  Time for last 1,000,000:   10s.  Last read position: */*
[Thu Apr 09 14:47:21 CEST 2026] picard.sam.SamToFastq done. Elapsed time: 0.29 minutes.
Runtime.totalMemory()=2181038080
14:47:21.938 INFO  NativeLibraryLoader - Loading libgkl_compression.so from jar:file:/cm/shared/specific/apps/picard/3.0.0-Java-17/picard.jar!/com/intel/gkl/native/libgkl_compression.so
[Thu Apr 09 14:47:21 CEST 2026] SamToFastq --INPUT /nobackup/lab_bsf/samples/BSF_1609_H57CKDRX5/BSF_1609_H57CKDRX5_2_samples/BSF_1609_H57CKDRX5_2#FD_098_S148855.bam --FASTQ /nobackup/peer/fdeckert/FD20200109SPLENO/geo/bulkRNAseq/FD_098_R2.fastq.gz --OUTPUT_PER_RG false --COMPRESS_OUTPUTS_PER_RG false --RG_TAG PU --RE_REVERSE true --INTERLEAVE false --INCLUDE_NON_PF_READS false --CLIPPING_MIN_LENGTH 0 --READ1_TRIM 0 --READ2_TRIM 0 --INCLUDE_NON_PRIMARY_ALIGNMENTS false --VERBOSITY INFO --QUIET false --VALIDATION_STRINGENCY STRICT --COMPRESSION_LEVEL 5 --MAX_RECORDS_IN_RAM 500000 --CREATE_INDEX false --CREATE_MD5_FILE false --help false --version false --showHidden false --USE_JDK_DEFLATER false --USE_JDK_INFLATER false
[Thu Apr 09 14:47:21 CEST 2026] Executing as fdeckert@d012 on Linux 4.18.0-553.5.1.el8_10.x86_64 amd64; OpenJDK 64-Bit Server VM 17.0.15+6; Deflater: Intel; Inflater: Intel; Provider GCS is not available; Picard version: Version:3.0.0
INFO	2026-04-09 14:47:32	SamToFastq	Processed     1,000,000 records.  Elapsed time: 00:00:10s.  Time for last 1,000,000:   10s.  Last read position: */*
[Thu Apr 09 14:47:39 CEST 2026] picard.sam.SamToFastq done. Elapsed time: 0.29 minutes.
Runtime.totalMemory()=2181038080
14:47:39.547 INFO  NativeLibraryLoader - Loading libgkl_compression.so from jar:file:/cm/shared/specific/apps/picard/3.0.0-Java-17/picard.jar!/com/intel/gkl/native/libgkl_compression.so
[Thu Apr 09 14:47:39 CEST 2026] SamToFastq --INPUT /nobackup/lab_bsf/samples/BSF_1609_H57CKDRX5/BSF_1609_H57CKDRX5_2_samples/BSF_1609_H57CKDRX5_2#FD_099_S148854.bam --FASTQ /nobackup/peer/fdeckert/FD20200109SPLENO/geo/bulkRNAseq/FD_099_R2.fastq.gz --OUTPUT_PER_RG false --COMPRESS_OUTPUTS_PER_RG false --RG_TAG PU --RE_REVERSE true --INTERLEAVE false --INCLUDE_NON_PF_READS false --CLIPPING_MIN_LENGTH 0 --READ1_TRIM 0 --READ2_TRIM 0 --INCLUDE_NON_PRIMARY_ALIGNMENTS false --VERBOSITY INFO --QUIET false --VALIDATION_STRINGENCY STRICT --COMPRESSION_LEVEL 5 --MAX_RECORDS_IN_RAM 500000 --CREATE_INDEX false --CREATE_MD5_FILE false --help false --version false --showHidden false --USE_JDK_DEFLATER false --USE_JDK_INFLATER false
[Thu Apr 09 14:47:39 CEST 2026] Executing as fdeckert@d012 on Linux 4.18.0-553.5.1.el8_10.x86_64 amd64; OpenJDK 64-Bit Server VM 17.0.15+6; Deflater: Intel; Inflater: Intel; Provider GCS is not available; Picard version: Version:3.0.0
INFO	2026-04-09 14:47:49	SamToFastq	Processed     1,000,000 records.  Elapsed time: 00:00:10s.  Time for last 1,000,000:   10s.  Last read position: */*
INFO	2026-04-09 14:47:59	SamToFastq	Processed     2,000,000 records.  Elapsed time: 00:00:20s.  Time for last 1,000,000:    9s.  Last read position: */*
[Thu Apr 09 14:48:00 CEST 2026] picard.sam.SamToFastq done. Elapsed time: 0.35 minutes.
Runtime.totalMemory()=2181038080
14:48:01.255 INFO  NativeLibraryLoader - Loading libgkl_compression.so from jar:file:/cm/shared/specific/apps/picard/3.0.0-Java-17/picard.jar!/com/intel/gkl/native/libgkl_compression.so
[Thu Apr 09 14:48:01 CEST 2026] SamToFastq --INPUT /nobackup/lab_bsf/samples/BSF_1609_H57CKDRX5/BSF_1609_H57CKDRX5_2_samples/BSF_1609_H57CKDRX5_2#FD_100_S148857.bam --FASTQ /nobackup/peer/fdeckert/FD20200109SPLENO/geo/bulkRNAseq/FD_100_R2.fastq.gz --OUTPUT_PER_RG false --COMPRESS_OUTPUTS_PER_RG false --RG_TAG PU --RE_REVERSE true --INTERLEAVE false --INCLUDE_NON_PF_READS false --CLIPPING_MIN_LENGTH 0 --READ1_TRIM 0 --READ2_TRIM 0 --INCLUDE_NON_PRIMARY_ALIGNMENTS false --VERBOSITY INFO --QUIET false --VALIDATION_STRINGENCY STRICT --COMPRESSION_LEVEL 5 --MAX_RECORDS_IN_RAM 500000 --CREATE_INDEX false --CREATE_MD5_FILE false --help false --version false --showHidden false --USE_JDK_DEFLATER false --USE_JDK_INFLATER false
[Thu Apr 09 14:48:01 CEST 2026] Executing as fdeckert@d012 on Linux 4.18.0-553.5.1.el8_10.x86_64 amd64; OpenJDK 64-Bit Server VM 17.0.15+6; Deflater: Intel; Inflater: Intel; Provider GCS is not available; Picard version: Version:3.0.0
INFO	2026-04-09 14:48:11	SamToFastq	Processed     1,000,000 records.  Elapsed time: 00:00:10s.  Time for last 1,000,000:   10s.  Last read position: */*
[Thu Apr 09 14:48:17 CEST 2026] picard.sam.SamToFastq done. Elapsed time: 0.27 minutes.
Runtime.totalMemory()=2181038080
14:48:18.097 INFO  NativeLibraryLoader - Loading libgkl_compression.so from jar:file:/cm/shared/specific/apps/picard/3.0.0-Java-17/picard.jar!/com/intel/gkl/native/libgkl_compression.so
[Thu Apr 09 14:48:18 CEST 2026] SamToFastq --INPUT /nobackup/lab_bsf/samples/BSF_1609_H57CKDRX5/BSF_1609_H57CKDRX5_2_samples/BSF_1609_H57CKDRX5_2#FD_101_S148856.bam --FASTQ /nobackup/peer/fdeckert/FD20200109SPLENO/geo/bulkRNAseq/FD_101_R2.fastq.gz --OUTPUT_PER_RG false --COMPRESS_OUTPUTS_PER_RG false --RG_TAG PU --RE_REVERSE true --INTERLEAVE false --INCLUDE_NON_PF_READS false --CLIPPING_MIN_LENGTH 0 --READ1_TRIM 0 --READ2_TRIM 0 --INCLUDE_NON_PRIMARY_ALIGNMENTS false --VERBOSITY INFO --QUIET false --VALIDATION_STRINGENCY STRICT --COMPRESSION_LEVEL 5 --MAX_RECORDS_IN_RAM 500000 --CREATE_INDEX false --CREATE_MD5_FILE false --help false --version false --showHidden false --USE_JDK_DEFLATER false --USE_JDK_INFLATER false
[Thu Apr 09 14:48:18 CEST 2026] Executing as fdeckert@d012 on Linux 4.18.0-553.5.1.el8_10.x86_64 amd64; OpenJDK 64-Bit Server VM 17.0.15+6; Deflater: Intel; Inflater: Intel; Provider GCS is not available; Picard version: Version:3.0.0
INFO	2026-04-09 14:48:28	SamToFastq	Processed     1,000,000 records.  Elapsed time: 00:00:10s.  Time for last 1,000,000:   10s.  Last read position: */*
[Thu Apr 09 14:48:32 CEST 2026] picard.sam.SamToFastq done. Elapsed time: 0.24 minutes.
Runtime.totalMemory()=2181038080
14:48:32.882 INFO  NativeLibraryLoader - Loading libgkl_compression.so from jar:file:/cm/shared/specific/apps/picard/3.0.0-Java-17/picard.jar!/com/intel/gkl/native/libgkl_compression.so
[Thu Apr 09 14:48:32 CEST 2026] SamToFastq --INPUT /nobackup/lab_bsf/samples/BSF_1609_H57CKDRX5/BSF_1609_H57CKDRX5_2_samples/BSF_1609_H57CKDRX5_2#FD_102_S148859.bam --FASTQ /nobackup/peer/fdeckert/FD20200109SPLENO/geo/bulkRNAseq/FD_102_R2.fastq.gz --OUTPUT_PER_RG false --COMPRESS_OUTPUTS_PER_RG false --RG_TAG PU --RE_REVERSE true --INTERLEAVE false --INCLUDE_NON_PF_READS false --CLIPPING_MIN_LENGTH 0 --READ1_TRIM 0 --READ2_TRIM 0 --INCLUDE_NON_PRIMARY_ALIGNMENTS false --VERBOSITY INFO --QUIET false --VALIDATION_STRINGENCY STRICT --COMPRESSION_LEVEL 5 --MAX_RECORDS_IN_RAM 500000 --CREATE_INDEX false --CREATE_MD5_FILE false --help false --version false --showHidden false --USE_JDK_DEFLATER false --USE_JDK_INFLATER false
[Thu Apr 09 14:48:32 CEST 2026] Executing as fdeckert@d012 on Linux 4.18.0-553.5.1.el8_10.x86_64 amd64; OpenJDK 64-Bit Server VM 17.0.15+6; Deflater: Intel; Inflater: Intel; Provider GCS is not available; Picard version: Version:3.0.0
INFO	2026-04-09 14:48:43	SamToFastq	Processed     1,000,000 records.  Elapsed time: 00:00:10s.  Time for last 1,000,000:   10s.  Last read position: */*
[Thu Apr 09 14:48:49 CEST 2026] picard.sam.SamToFastq done. Elapsed time: 0.28 minutes.
Runtime.totalMemory()=2181038080
14:48:50.061 INFO  NativeLibraryLoader - Loading libgkl_compression.so from jar:file:/cm/shared/specific/apps/picard/3.0.0-Java-17/picard.jar!/com/intel/gkl/native/libgkl_compression.so
[Thu Apr 09 14:48:50 CEST 2026] SamToFastq --INPUT /nobackup/lab_bsf/samples/BSF_1609_H57CKDRX5/BSF_1609_H57CKDRX5_2_samples/BSF_1609_H57CKDRX5_2#FD_103_S148878.bam --FASTQ /nobackup/peer/fdeckert/FD20200109SPLENO/geo/bulkRNAseq/FD_103_R2.fastq.gz --OUTPUT_PER_RG false --COMPRESS_OUTPUTS_PER_RG false --RG_TAG PU --RE_REVERSE true --INTERLEAVE false --INCLUDE_NON_PF_READS false --CLIPPING_MIN_LENGTH 0 --READ1_TRIM 0 --READ2_TRIM 0 --INCLUDE_NON_PRIMARY_ALIGNMENTS false --VERBOSITY INFO --QUIET false --VALIDATION_STRINGENCY STRICT --COMPRESSION_LEVEL 5 --MAX_RECORDS_IN_RAM 500000 --CREATE_INDEX false --CREATE_MD5_FILE false --help false --version false --showHidden false --USE_JDK_DEFLATER false --USE_JDK_INFLATER false
[Thu Apr 09 14:48:50 CEST 2026] Executing as fdeckert@d012 on Linux 4.18.0-553.5.1.el8_10.x86_64 amd64; OpenJDK 64-Bit Server VM 17.0.15+6; Deflater: Intel; Inflater: Intel; Provider GCS is not available; Picard version: Version:3.0.0
INFO	2026-04-09 14:49:00	SamToFastq	Processed     1,000,000 records.  Elapsed time: 00:00:10s.  Time for last 1,000,000:   10s.  Last read position: */*
[Thu Apr 09 14:49:03 CEST 2026] picard.sam.SamToFastq done. Elapsed time: 0.22 minutes.
Runtime.totalMemory()=2181038080
14:49:03.922 INFO  NativeLibraryLoader - Loading libgkl_compression.so from jar:file:/cm/shared/specific/apps/picard/3.0.0-Java-17/picard.jar!/com/intel/gkl/native/libgkl_compression.so
[Thu Apr 09 14:49:03 CEST 2026] SamToFastq --INPUT /nobackup/lab_bsf/samples/BSF_1609_H57CKDRX5/BSF_1609_H57CKDRX5_2_samples/BSF_1609_H57CKDRX5_2#FD_104_S148881.bam --FASTQ /nobackup/peer/fdeckert/FD20200109SPLENO/geo/bulkRNAseq/FD_104_R2.fastq.gz --OUTPUT_PER_RG false --COMPRESS_OUTPUTS_PER_RG false --RG_TAG PU --RE_REVERSE true --INTERLEAVE false --INCLUDE_NON_PF_READS false --CLIPPING_MIN_LENGTH 0 --READ1_TRIM 0 --READ2_TRIM 0 --INCLUDE_NON_PRIMARY_ALIGNMENTS false --VERBOSITY INFO --QUIET false --VALIDATION_STRINGENCY STRICT --COMPRESSION_LEVEL 5 --MAX_RECORDS_IN_RAM 500000 --CREATE_INDEX false --CREATE_MD5_FILE false --help false --version false --showHidden false --USE_JDK_DEFLATER false --USE_JDK_INFLATER false
[Thu Apr 09 14:49:03 CEST 2026] Executing as fdeckert@d012 on Linux 4.18.0-553.5.1.el8_10.x86_64 amd64; OpenJDK 64-Bit Server VM 17.0.15+6; Deflater: Intel; Inflater: Intel; Provider GCS is not available; Picard version: Version:3.0.0
INFO	2026-04-09 14:49:14	SamToFastq	Processed     1,000,000 records.  Elapsed time: 00:00:10s.  Time for last 1,000,000:   10s.  Last read position: */*
[Thu Apr 09 14:49:18 CEST 2026] picard.sam.SamToFastq done. Elapsed time: 0.25 minutes.
Runtime.totalMemory()=2181038080
14:49:19.448 INFO  NativeLibraryLoader - Loading libgkl_compression.so from jar:file:/cm/shared/specific/apps/picard/3.0.0-Java-17/picard.jar!/com/intel/gkl/native/libgkl_compression.so
[Thu Apr 09 14:49:19 CEST 2026] SamToFastq --INPUT /nobackup/lab_bsf/samples/BSF_1609_H57CKDRX5/BSF_1609_H57CKDRX5_2_samples/BSF_1609_H57CKDRX5_2#FD_105_S148880.bam --FASTQ /nobackup/peer/fdeckert/FD20200109SPLENO/geo/bulkRNAseq/FD_105_R2.fastq.gz --OUTPUT_PER_RG false --COMPRESS_OUTPUTS_PER_RG false --RG_TAG PU --RE_REVERSE true --INTERLEAVE false --INCLUDE_NON_PF_READS false --CLIPPING_MIN_LENGTH 0 --READ1_TRIM 0 --READ2_TRIM 0 --INCLUDE_NON_PRIMARY_ALIGNMENTS false --VERBOSITY INFO --QUIET false --VALIDATION_STRINGENCY STRICT --COMPRESSION_LEVEL 5 --MAX_RECORDS_IN_RAM 500000 --CREATE_INDEX false --CREATE_MD5_FILE false --help false --version false --showHidden false --USE_JDK_DEFLATER false --USE_JDK_INFLATER false
[Thu Apr 09 14:49:19 CEST 2026] Executing as fdeckert@d012 on Linux 4.18.0-553.5.1.el8_10.x86_64 amd64; OpenJDK 64-Bit Server VM 17.0.15+6; Deflater: Intel; Inflater: Intel; Provider GCS is not available; Picard version: Version:3.0.0
INFO	2026-04-09 14:49:30	SamToFastq	Processed     1,000,000 records.  Elapsed time: 00:00:10s.  Time for last 1,000,000:   10s.  Last read position: */*
[Thu Apr 09 14:49:32 CEST 2026] picard.sam.SamToFastq done. Elapsed time: 0.21 minutes.
Runtime.totalMemory()=2181038080
14:49:32.618 INFO  NativeLibraryLoader - Loading libgkl_compression.so from jar:file:/cm/shared/specific/apps/picard/3.0.0-Java-17/picard.jar!/com/intel/gkl/native/libgkl_compression.so
[Thu Apr 09 14:49:32 CEST 2026] SamToFastq --INPUT /nobackup/lab_bsf/samples/BSF_1609_H57CKDRX5/BSF_1609_H57CKDRX5_2_samples/BSF_1609_H57CKDRX5_2#FD_106_S148883.bam --FASTQ /nobackup/peer/fdeckert/FD20200109SPLENO/geo/bulkRNAseq/FD_106_R2.fastq.gz --OUTPUT_PER_RG false --COMPRESS_OUTPUTS_PER_RG false --RG_TAG PU --RE_REVERSE true --INTERLEAVE false --INCLUDE_NON_PF_READS false --CLIPPING_MIN_LENGTH 0 --READ1_TRIM 0 --READ2_TRIM 0 --INCLUDE_NON_PRIMARY_ALIGNMENTS false --VERBOSITY INFO --QUIET false --VALIDATION_STRINGENCY STRICT --COMPRESSION_LEVEL 5 --MAX_RECORDS_IN_RAM 500000 --CREATE_INDEX false --CREATE_MD5_FILE false --help false --version false --showHidden false --USE_JDK_DEFLATER false --USE_JDK_INFLATER false
[Thu Apr 09 14:49:32 CEST 2026] Executing as fdeckert@d012 on Linux 4.18.0-553.5.1.el8_10.x86_64 amd64; OpenJDK 64-Bit Server VM 17.0.15+6; Deflater: Intel; Inflater: Intel; Provider GCS is not available; Picard version: Version:3.0.0
INFO	2026-04-09 14:49:43	SamToFastq	Processed     1,000,000 records.  Elapsed time: 00:00:10s.  Time for last 1,000,000:   10s.  Last read position: */*
[Thu Apr 09 14:49:45 CEST 2026] picard.sam.SamToFastq done. Elapsed time: 0.21 minutes.
Runtime.totalMemory()=2181038080
14:49:45.792 INFO  NativeLibraryLoader - Loading libgkl_compression.so from jar:file:/cm/shared/specific/apps/picard/3.0.0-Java-17/picard.jar!/com/intel/gkl/native/libgkl_compression.so
[Thu Apr 09 14:49:45 CEST 2026] SamToFastq --INPUT /nobackup/lab_bsf/samples/BSF_1609_H57CKDRX5/BSF_1609_H57CKDRX5_2_samples/BSF_1609_H57CKDRX5_2#FD_107_S148882.bam --FASTQ /nobackup/peer/fdeckert/FD20200109SPLENO/geo/bulkRNAseq/FD_107_R2.fastq.gz --OUTPUT_PER_RG false --COMPRESS_OUTPUTS_PER_RG false --RG_TAG PU --RE_REVERSE true --INTERLEAVE false --INCLUDE_NON_PF_READS false --CLIPPING_MIN_LENGTH 0 --READ1_TRIM 0 --READ2_TRIM 0 --INCLUDE_NON_PRIMARY_ALIGNMENTS false --VERBOSITY INFO --QUIET false --VALIDATION_STRINGENCY STRICT --COMPRESSION_LEVEL 5 --MAX_RECORDS_IN_RAM 500000 --CREATE_INDEX false --CREATE_MD5_FILE false --help false --version false --showHidden false --USE_JDK_DEFLATER false --USE_JDK_INFLATER false
[Thu Apr 09 14:49:45 CEST 2026] Executing as fdeckert@d012 on Linux 4.18.0-553.5.1.el8_10.x86_64 amd64; OpenJDK 64-Bit Server VM 17.0.15+6; Deflater: Intel; Inflater: Intel; Provider GCS is not available; Picard version: Version:3.0.0
INFO	2026-04-09 14:49:56	SamToFastq	Processed     1,000,000 records.  Elapsed time: 00:00:10s.  Time for last 1,000,000:   10s.  Last read position: */*
[Thu Apr 09 14:50:02 CEST 2026] picard.sam.SamToFastq done. Elapsed time: 0.29 minutes.
Runtime.totalMemory()=2181038080
14:50:03.525 INFO  NativeLibraryLoader - Loading libgkl_compression.so from jar:file:/cm/shared/specific/apps/picard/3.0.0-Java-17/picard.jar!/com/intel/gkl/native/libgkl_compression.so
[Thu Apr 09 14:50:03 CEST 2026] SamToFastq --INPUT /nobackup/lab_bsf/samples/BSF_1609_H57CKDRX5/BSF_1609_H57CKDRX5_2_samples/BSF_1609_H57CKDRX5_2#FD_108_S148885.bam --FASTQ /nobackup/peer/fdeckert/FD20200109SPLENO/geo/bulkRNAseq/FD_108_R2.fastq.gz --OUTPUT_PER_RG false --COMPRESS_OUTPUTS_PER_RG false --RG_TAG PU --RE_REVERSE true --INTERLEAVE false --INCLUDE_NON_PF_READS false --CLIPPING_MIN_LENGTH 0 --READ1_TRIM 0 --READ2_TRIM 0 --INCLUDE_NON_PRIMARY_ALIGNMENTS false --VERBOSITY INFO --QUIET false --VALIDATION_STRINGENCY STRICT --COMPRESSION_LEVEL 5 --MAX_RECORDS_IN_RAM 500000 --CREATE_INDEX false --CREATE_MD5_FILE false --help false --version false --showHidden false --USE_JDK_DEFLATER false --USE_JDK_INFLATER false
[Thu Apr 09 14:50:03 CEST 2026] Executing as fdeckert@d012 on Linux 4.18.0-553.5.1.el8_10.x86_64 amd64; OpenJDK 64-Bit Server VM 17.0.15+6; Deflater: Intel; Inflater: Intel; Provider GCS is not available; Picard version: Version:3.0.0
INFO	2026-04-09 14:50:13	SamToFastq	Processed     1,000,000 records.  Elapsed time: 00:00:10s.  Time for last 1,000,000:   10s.  Last read position: */*
[Thu Apr 09 14:50:19 CEST 2026] picard.sam.SamToFastq done. Elapsed time: 0.27 minutes.
Runtime.totalMemory()=2181038080
